Date,JPM_Open,JPM_High,JPM_Low,JPM_Close,JPM_Adj_Close,JPM_Volume,JPM_Dividend,VIX_Close,RiskFreeRate_3M,RiskFreeRate_1Y,RiskFreeRate_10Y,Daily_Return,Volatility_21D,Dividend_Yield,Dividend_Growth,RiskFreeRate_3M_Decimal,RiskFreeRate_1Y_Decimal,RiskFreeRate_10Y_Decimal,VIX_Return,VIX_JPM_Corr,Rate_MA5,Rate_MA20,Interest_Rate_Momentum,Sentiment_Score,Article_Count
2018-02-01,115.7699966430664,116.98999786376953,115.4800033569336,116.87000274658203,92.60261535644531,13800600,0.0,13.470000267028809,1.48,1.89,2.78,0.010321164523422252,0.10988283856298844,0.0,0.0,0.0148,0.0189,0.0278,-0.005169844536294876,-0.2421167771463703,0.01446,0.014354999999999998,0.00010500000000000266,0.7386677852870711,0
2018-02-02,116.48999786376953,116.91999816894531,114.08999633789062,114.27999877929688,90.55038452148438,16477300,0.0,17.309999465942383,1.48,1.88,2.84,-0.02241095401296444,0.1429630968790249,0.0,0.0,0.0148,0.018799999999999997,0.028399999999999998,0.2850778858789582,-0.5682269270250363,0.014600000000000002,0.01439,0.00021000000000000185,0.6698919325003482,0
2018-02-05,113.0,114.58999633789062,103.9800033569336,108.80000305175781,86.20829010009766,30097600,0.0,37.31999969482422,1.51,1.85,2.77,-0.0491400849301527,0.2248476755140513,0.0,0.0,0.0151,0.018500000000000003,0.0277,1.1559792516603906,-0.8655726515415146,0.01474,0.01445,0.0002900000000000003,0.3464609879193327,0
2018-02-06,106.8499984741211,112.4800033569336,106.61000061035156,112.11000061035156,88.83099365234375,32103200,0.0,29.979999542236328,1.52,1.87,2.79,0.029969270818342587,0.24627516220194487,0.0,0.0,0.0152,0.0187,0.0279,-0.196677390477199,-0.8763108913985918,0.014900000000000002,0.014484999999999998,0.0004150000000000039,0.4729382740333549,0
2018-02-07,111.55000305175781,114.44999694824219,111.1500015258789,112.87000274658203,89.43318939208984,21878300,0.0,27.729999542236328,1.55,1.91,2.84,0.006756242562616189,0.24691230281256726,0.0,0.0,0.0155,0.0191,0.028399999999999998,-0.07505003450150693,-0.876888792353274,0.01508,0.01454,0.0005399999999999988,0.5082080537800662,0
2018-02-08,113.11000061035156,113.11000061035156,107.83999633789062,107.87999725341797,85.47931671142578,27425800,0.0,33.459999084472656,1.55,1.91,2.85,-0.04521742241132332,0.29541736551513864,0.0,0.0,0.0155,0.0191,0.0285,0.20663539981343337,-0.7864494380926756,0.015220000000000001,0.014604999999999998,0.0006150000000000027,0.3964670754994825,0
2018-02-09,109.0999984741211,111.05000305175781,106.2300033569336,110.04000091552734,87.1908187866211,28188000,0.0,29.059999465942383,1.55,1.89,2.83,0.019824599357457777,0.301300328174983,0.0,0.0,0.0155,0.0189,0.028300000000000002,-0.1315002910616373,-0.7918769769965257,0.015360000000000002,0.014665000000000001,0.0006950000000000012,0.4645787839015292,0
2018-02-12,111.16999816894531,112.7300033569336,110.06999969482422,111.73999786376953,88.53780364990234,18043300,0.0,25.610000610351562,1.62,1.93,2.86,0.01533058446558499,0.3055278681176364,0.0,0.0,0.016200000000000003,0.019299999999999998,0.0286,-0.11871985268389751,-0.7967176941354748,0.01558,0.01476,0.0008199999999999995,0.5197884298547705,0
2018-02-13,111.31999969482422,113.05000305175781,110.80000305175781,112.43000030517578,89.08453369140625,16358200,0.0,24.969999313354492,1.59,1.95,2.83,0.0061561150060259135,0.3008030200421253,0.0,0.0,0.0159,0.0195,0.028300000000000002,-0.024990288236790614,-0.8063989170579376,0.01572,0.01483,0.0008900000000000019,0.5228436708440203,0
2018-02-14,112.62999725341797,115.2699966430664,112.52999877929688,115.02999877929688,91.1446533203125,15186900,0.0,19.260000228881836,1.58,1.98,2.91,0.022862105672446592,0.31073723398846537,0.0,0.0,0.0158,0.019799999999999998,0.0291,-0.22867437891433284,-0.8167817430089931,0.01578,0.0149,0.0008799999999999988,0.6200997121297789,0
2018-02-15,115.73999786376953,115.98999786376953,114.22000122070312,115.51000213623047,91.5250015258789,12130200,0.0,19.1299991607666,1.58,1.99,2.9,0.004164334306570054,0.31035971442372295,0.0,0.0,0.0158,0.0199,0.028999999999999998,-0.006749795772083567,-0.8173878190944702,0.015840000000000003,0.014965000000000001,0.0008750000000000025,0.6206294228980553,0
2018-02-16,114.55000305175781,116.06999969482422,114.5,114.68000030517578,90.86734771728516,13214300,0.0,19.459999084472656,1.62,2.0,2.87,-0.007211450057286582,0.31161743919498575,0.0,0.0,0.016200000000000003,0.02,0.0287,0.017250388822956486,-0.8113964603444095,0.01598,0.015054999999999999,0.0009250000000000022,0.6102043882117067,0
2018-02-20,114.6500015258789,115.38999938964844,113.97000122070312,114.70999908447266,90.89109802246094,13461500,0.0,20.600000381469727,1.66,2.01,2.88,0.00026133922101171774,0.31145487568632285,0.0,0.0,0.0166,0.020099999999999996,0.0288,0.058581775469182196,-0.8193857917017361,0.01606,0.015165000000000001,0.000895,0.5953977893306661,0
2018-02-21,115.0,117.44999694824219,114.66999816894531,115.19000244140625,91.27142333984375,14212500,0.0,20.020000457763672,1.64,2.03,2.94,0.004175676392264739,0.30923250530162594,0.0,0.0,0.016399999999999998,0.0203,0.0294,-0.02815533558085659,-0.8200981624221745,0.01616,0.015265,0.000895,0.5992525854125181,0
2018-02-22,115.5,116.43000030517578,114.76000213623047,114.9800033569336,91.10504150390625,17070400,0.0,18.719999313354492,1.63,2.02,2.92,-0.00182459817103416,0.30928853997827915,0.0,0.0,0.0163,0.0202,0.0292,-0.06493512061359841,-0.8152610016278786,0.01626,0.015365,0.000895,0.617353728364165,0
2018-02-23,115.30999755859375,117.38999938964844,115.30999755859375,117.30999755859375,92.95123291015625,12162500,0.0,16.489999771118164,1.64,2.02,2.88,0.020061835246272045,0.31401547448298833,0.0,0.0,0.016399999999999998,0.0202,0.0288,-0.11912391154018309,-0.8234335812321741,0.01638,0.015475,0.0009049999999999996,0.6535754860320246,0
2018-02-26,118.13999938964844,118.9000015258789,117.31999969482422,118.7699966430664,94.10807037353516,16511200,0.0,15.800000190734863,1.66,2.03,2.86,0.012368828404108396,0.31660693148044666,0.0,0.0,0.0166,0.0203,0.0286,-0.04184351667437969,-0.8238148530944654,0.01646,0.0156,0.0008599999999999997,0.6706357662524295,0
2018-02-27,118.91000366210938,119.33000183105469,117.3499984741211,117.36000061035156,92.99082946777344,17563300,0.0,18.59000015258789,1.66,2.08,2.9,-0.011942926295576944,0.31943885017451407,0.0,0.0,0.0166,0.0208,0.028999999999999998,0.17658227393497672,-0.8251593653772079,0.01646,0.015710000000000002,0.0007499999999999972,0.6205083614484819,0
2018-02-28,117.81999969482422,118.48999786376953,115.33999633789062,115.5,91.5170669555664,17735600,0.0,19.850000381469727,1.65,2.07,2.87,-0.015975401425207553,0.324451949618183,0.0,0.0,0.0165,0.0207,0.0287,0.06777838722644836,-0.8232762884677118,0.01648,0.015815,0.0006650000000000024,0.5936227392896677,0
2018-03-01,115.4800033569336,116.63999938964844,112.6500015258789,113.43000030517578,89.87690734863281,18690000,0.0,22.469999313354492,1.63,2.05,2.81,-0.018084440938629102,0.328881320193826,0.0,0.0,0.0163,0.020499999999999997,0.0281,0.13198986808738677,-0.8216001508661219,0.01648,0.0159,0.0005800000000000007,0.5510581765789709,0
2018-03-02,112.38999938964844,113.55999755859375,111.12000274658203,113.31999969482422,89.78974151611328,18353700,0.0,19.59000015258789,1.65,2.06,2.86,-0.0009703062856590057,0.32826046956407373,0.0,0.0,0.0165,0.0206,0.0286,-0.12817086109366038,-0.81339878642972,0.0165,0.015985,0.0005150000000000016,0.5887141388848018,0
2018-03-05,112.05000305175781,115.93000030517578,111.88999938964844,115.05999755859375,91.16844177246094,13933000,0.0,18.729999542236328,1.7,2.06,2.88,0.015238072232003554,0.33082474053902244,0.0,0.0,0.017,0.0206,0.0288,-0.04389997976788962,-0.8130119551591735,0.01658,0.016095,0.0004849999999999993,0.6039204510483074,0
2018-03-06,115.63999938964844,115.81999969482422,114.31999969482422,115.16000366210938,91.24767303466797,10674400,0.0,18.360000610351562,1.68,2.06,2.88,0.0008686871472209849,0.32130519117508244,0.0,0.0,0.0168,0.0206,0.0288,-0.01975434815416921,-0.8044451464981351,0.01662,0.01618,0.0004399999999999994,0.6230604370216803,0
2018-03-07,113.75,115.0999984741211,113.11000061035156,114.7300033569336,90.906982421875,13006500,0.0,17.760000228881836,1.68,2.05,2.89,-0.0037406785920836164,0.2670822568190654,0.0,0.0,0.0168,0.020499999999999997,0.028900000000000002,-0.03267975825291858,-0.8765377592909952,0.01668,0.016260000000000004,0.00041999999999999676,0.6586510423451399,0
2018-03-08,115.11000061035156,115.2300033569336,113.20999908447266,114.73999786376953,90.9148941040039,11173700,0.0,16.540000915527344,1.67,2.05,2.86,8.70267350120928e-05,0.24775696793013188,0.0,0.0,0.0167,0.020499999999999997,0.0286,-0.06869365414593254,-0.8530403077915986,0.01676,0.01632,0.0004399999999999994,0.6582838413946616,0
2018-03-09,116.55000305175781,118.08000183105469,115.66999816894531,118.04000091552734,93.5296630859375,15366600,0.0,14.640000343322754,1.67,2.03,2.9,0.028354798946368234,0.26468434109057376,0.0,0.0,0.0167,0.0203,0.028999999999999998,-0.114873063303214,-0.8494341271642897,0.0168,0.01638,0.00042000000000000023,0.6982694215828624,0
2018-03-12,118.0,118.75,117.25,117.66000366210938,93.22856903076172,12339300,0.0,15.779999732971191,1.71,2.05,2.87,-0.003224428852582312,0.2027602653960009,0.0,0.0,0.0171,0.020499999999999997,0.0287,0.07786880894223391,-0.8001047919858701,0.016819999999999998,0.01646,0.0003599999999999992,0.706987686723355,0
2018-03-13,118.19999694824219,118.47000122070312,115.83000183105469,116.25,92.1113510131836,13312300,0.0,16.350000381469727,1.73,2.03,2.84,-0.012056027102826859,0.20174540703395746,0.0,0.0,0.0173,0.0203,0.028399999999999998,0.03612171471128467,-0.7883427572491558,0.01692,0.016515,0.0004050000000000026,0.6798723275576508,0
2018-03-14,116.55999755859375,116.58999633789062,114.5999984741211,114.94999694824219,91.08128356933594,12905100,0.0,17.229999542236328,1.76,2.05,2.81,-0.011245848416864698,0.20164430605294248,0.0,0.0,0.0176,0.020499999999999997,0.0281,0.05382257738439855,-0.7834836342487703,0.017079999999999998,0.0166,0.0004799999999999978,0.6514878901264614,0
2018-03-15,115.87000274658203,116.0,114.83000183105469,115.23999786376953,91.31104278564453,8748000,0.0,16.59000015258789,1.77,2.07,2.82,0.0025193969771711805,0.20094416606144855,0.0,0.0,0.0177,0.0207,0.0282,-0.03714448094322875,-0.7843825247633592,0.01728,0.016694999999999998,0.0005850000000000022,0.6584614549369693,0
2018-03-16,115.33999633789062,116.5999984741211,115.33999633789062,115.44000244140625,91.46952056884766,19888900,0.0,15.800000190734863,1.78,2.08,2.85,0.001734077409620149,0.18490206565713432,0.0,0.0,0.0178,0.0208,0.0285,-0.0476190448816719,-0.7368520473404562,0.0175,0.016795,0.0007050000000000008,0.6571653196616052,0
2018-03-19,115.0999984741211,115.44999694824219,113.30000305175781,114.52999877929688,90.74846649169922,13214900,0.0,19.020000457763672,1.8,2.08,2.85,-0.007914233412228418,0.18634244269001218,0.0,0.0,0.018000000000000002,0.0208,0.0285,0.20379748279477994,-0.7074277952623335,0.01768,0.016885,0.0007950000000000006,0.603998687559886,0
2018-03-20,114.87000274658203,115.44999694824219,114.44999694824219,114.63999938964844,90.83563232421875,9921200,0.0,18.200000762939453,1.81,2.08,2.89,0.0009600602672052151,0.18472504887017838,0.0,0.0,0.0181,0.0208,0.028900000000000002,-0.04311249606145551,-0.7074202328771857,0.01784,0.01696,0.0008800000000000023,0.620571107197952,0
2018-03-21,114.80999755859375,116.62999725341797,114.20999908447266,114.73999786376953,90.9148941040039,13633000,0.0,17.860000610351562,1.74,2.06,2.89,0.000872204184137557,0.18474874952664724,0.0,0.0,0.0174,0.0206,0.028900000000000002,-0.018681326282152133,-0.7155278127867752,0.017800000000000003,0.01701,0.0007900000000000025,0.6257894342501569,0
2018-03-22,113.19999694824219,113.5999984741211,109.54000091552734,109.94999694824219,87.11949157714844,22550400,0.0,23.34000015258789,1.72,2.05,2.83,-0.042643196574074504,0.2356359021177548,0.0,0.0,0.0172,0.020499999999999997,0.028300000000000002,0.30683087093850103,-0.8190090799405639,0.0177,0.017055,0.0006449999999999997,0.5196744846839226,0
2018-03-23,110.2699966430664,110.91999816894531,106.76000213623047,107.01000213623047,84.78996276855469,23081500,0.0,24.8700008392334,1.74,2.04,2.82,-0.02710347050238713,0.2508835610914261,0.0,0.0,0.0174,0.0204,0.0282,0.06555272821949254,-0.8067799369236518,0.01762,0.017105,0.0005150000000000016,0.48278131056966356,0
2018-03-26,109.19000244140625,111.16000366210938,108.6500015258789,110.30999755859375,87.40473937988281,20217500,0.0,21.030000686645508,1.79,2.06,2.85,0.030372335291773193,0.26517841963130295,0.0,0.0,0.0179,0.0206,0.0285,-0.15440289597940582,-0.8149333497273709,0.017599999999999998,0.017169999999999998,0.0004299999999999998,0.5437482349836615,0
2018-03-27,111.06999969482422,111.69000244140625,107.30000305175781,108.16999816894531,85.7091064453125,18039900,0.0,22.5,1.77,2.1,2.78,-0.019590427975251477,0.2650570305426652,0.0,0.0,0.0177,0.021,0.0278,0.06990010772029942,-0.8120348640878667,0.01752,0.017224999999999997,0.0002950000000000036,0.5037353757741441,0
2018-03-28,108.27999877929688,109.16999816894531,106.6500015258789,108.0,85.57437133789062,19189300,0.0,22.8700008392334,1.73,2.12,2.77,-0.0015732414702896139,0.26379538277442877,0.0,0.0,0.0173,0.0212,0.0277,0.016444481743706607,-0.8237544475451258,0.017499999999999998,0.017265,0.0002349999999999991,0.5046247232721932,0
2018-03-29,108.5,110.77999877929688,107.77999877929688,109.97000122070312,87.13534545898438,13274600,0.0,19.969999313354492,1.73,2.09,2.74,0.018076766685437416,0.2705368309458929,0.0,0.0,0.0173,0.0209,0.0274,-0.12680373500047992,-0.8349751639408689,0.01752,0.017315,0.00020500000000000032,0.5663017540723257,0
2018-04-02,109.95999908447266,110.7300033569336,106.08000183105469,107.8499984741211,85.4555435180664,18822500,0.0,23.6200008392334,1.77,2.08,2.73,-0.01946632288143204,0.27159067605987025,0.0,0.0,0.0177,0.0208,0.0273,0.18277424393490338,-0.8341131600604373,0.017580000000000002,0.017375,0.00020500000000000032,0.5133623925278683,0
2018-04-03,108.36000061035156,109.5,107.26000213623047,109.33000183105469,86.62823486328125,14050700,0.0,21.100000381469727,1.75,2.09,2.79,0.013629518247676596,0.27721137160684045,0.0,0.0,0.0175,0.0209,0.0279,-0.10668926199096018,-0.8669065381793636,0.0175,0.017400000000000002,9.99999999999994e-05,0.5580347744467293,0
2018-04-04,107.0999984741211,111.20999908447266,107.0199966430664,110.98999786376953,87.94355773925781,15302600,0.0,20.059999465942383,1.71,2.07,2.79,0.01506941926157683,0.27708206150188425,0.0,0.0,0.0171,0.0207,0.0279,-0.04928914202488288,-0.8683509832941293,0.01738,0.017415000000000003,-3.500000000000378e-05,0.57278411463282,0
2018-04-05,111.62999725341797,112.83000183105469,111.38999938964844,111.87999725341797,89.09827423095703,16627000,0.0,18.940000534057617,1.72,2.07,2.83,0.013044746015126996,0.28168474405933036,0.0,0.0,0.0172,0.0207,0.028300000000000002,-0.05583245073292675,-0.8698516283470001,0.01736,0.017435,-7.499999999999868e-05,0.5960237550859718,0
2018-04-06,110.55000305175781,111.55000305175781,107.81999969482422,109.08999633789062,86.87638854980469,18906000,0.0,21.489999771118164,1.73,2.06,2.77,-0.025253678324260686,0.2937899759784544,0.0,0.0,0.0173,0.0206,0.0277,0.1346356475795858,-0.8824541912458977,0.01736,0.017465,-0.00010500000000000093,0.5468080481734536,0
2018-04-09,110.01000213623047,112.9800033569336,109.88999938964844,110.4000015258789,87.9196548461914,15974300,0.0,21.770000457763672,1.76,2.08,2.78,0.01193709725207789,0.29777259180263543,0.0,0.0,0.0176,0.0208,0.0278,0.013029348051544432,-0.8798017296454135,0.01734,0.01751,-0.00017,0.5498636513680826,0
2018-04-10,112.12999725341797,112.87000274658203,111.41999816894531,112.51000213623047,89.59999084472656,13951400,0.0,20.469999313354492,1.74,2.09,2.8,0.018931833485081866,0.2874406388684881,0.0,0.0,0.0174,0.0209,0.027999999999999997,-0.05971525572226477,-0.8735249213640454,0.01732,0.017525,-0.00020500000000000032,0.5628169044291168,0
2018-04-11,111.66000366210938,111.80999755859375,110.5199966430664,110.62000274658203,88.0948715209961,14503300,0.0,20.239999771118164,1.73,2.09,2.79,-0.016940898574215785,0.29204083634110817,0.0,0.0,0.0173,0.0209,0.0279,-0.011235933070416815,-0.8517504493382011,0.01736,0.017525000000000002,-0.00016500000000000195,0.5579364043428936,0
2018-04-12,111.55999755859375,114.38999938964844,111.5,113.37000274658203,90.28488159179688,16435500,0.0,18.489999771118164,1.75,2.11,2.83,0.024555702946072892,0.304529502697659,0.0,0.0,0.0175,0.021099999999999997,0.028300000000000002,-0.08646245157063659,-0.856870380450996,0.017419999999999998,0.01752,-0.00010000000000000286,0.6047166033259997,0
2018-04-13,115.0199966430664,115.1500015258789,109.05000305175781,110.30000305175781,87.84001922607422,32103200,0.0,17.40999984741211,1.76,2.12,2.82,-0.027452825536076395,0.31637585025300835,0.0,0.0,0.0176,0.0212,0.0282,-0.05840994792185128,-0.7734817572980432,0.017480000000000002,0.017515,-3.499999999999684e-05,0.610490450748031,0
2018-04-16,110.94000244140625,111.47000122070312,109.79000091552734,110.20999908447266,87.76831817626953,16580500,0.0,16.559999465942383,1.79,2.12,2.83,-0.000816601931887031,0.31602273692530497,0.0,0.0,0.0179,0.0212,0.028300000000000002,-0.048822538134374205,-0.7698624710372415,0.01754,0.01752,1.9999999999999185e-05,0.6206415294994521,0
2018-04-17,111.37000274658203,111.91999816894531,109.98999786376953,110.20999908447266,87.76831817626953,15501400,0.0,15.25,1.8,2.16,2.82,0.0,0.31582959683183337,0.0,0.0,0.018000000000000002,0.0216,0.0282,-0.07910625049454578,-0.7636778856278347,0.017660000000000002,0.01752,0.00014000000000000123,0.6383142634014654,0
2018-04-18,110.52999877929688,111.06999969482422,108.88999938964844,109.31999969482422,87.05957794189453,16081400,0.0,15.600000381469727,1.81,2.17,2.87,-0.008107906492194668,0.315876258367727,0.0,0.0,0.0181,0.0217,0.0287,0.022950844686539407,-0.8020274039569345,0.017820000000000003,0.01752,0.00030000000000000165,0.6332014758543185,0
2018-04-19,109.52999877929688,111.87000274658203,109.5,111.72000122070312,88.97086334228516,17911000,0.0,15.960000038146973,1.82,2.21,2.92,0.021716249742447125,0.3263180031537796,0.0,0.0,0.0182,0.022099999999999998,0.0292,0.02307690050475042,-0.7624843025557957,0.01796,0.01756,0.00040000000000000105,0.6404160692103192,0
2018-04-20,112.30000305175781,112.73999786376953,110.87999725341797,111.47000122070312,88.77177429199219,15584400,0.0,16.8799991607666,1.81,2.22,2.96,-0.002240195556936816,0.3262725899584927,0.0,0.0,0.0181,0.0222,0.0296,0.057644055164203234,-0.758699272354734,0.01806,0.017605000000000003,0.0004549999999999971,0.6254271758026231,0
2018-04-23,111.56999969482422,111.94999694824219,110.62999725341797,110.93000030517578,88.34173583984375,11285800,0.0,16.34000015258789,1.87,2.25,2.98,-0.004856086889251704,0.2899371272671252,0.0,0.0,0.0187,0.0225,0.0298,-0.03199046416031859,-0.6729263444871385,0.018220000000000004,0.01767,0.0005500000000000019,0.6556299181848808,0
2018-04-24,111.75,112.9000015258789,109.58999633789062,110.41000366210938,87.9276123046875,16453100,0.0,18.020000457763672,1.87,2.25,3.0,-0.00469876698867565,0.272782030088241,0.0,0.0,0.0187,0.0225,0.03,0.1028151951950691,-0.6464197174679834,0.01836,0.01771,0.0006500000000000013,0.6449780444468715,0
2018-04-25,110.2699966430664,110.52999877929688,108.5999984741211,109.98999786376953,87.59312438964844,13548200,0.0,17.84000015258789,1.85,2.26,3.03,-0.003811382361467696,0.2525059845075514,0.0,0.0,0.018500000000000003,0.0226,0.030299999999999997,-0.009988917902509331,-0.5850249882836428,0.01844,0.017750000000000002,0.0006899999999999996,0.6272007409371751,0
2018-04-26,109.97000122070312,110.81999969482422,109.33999633789062,110.0999984741211,87.68074035644531,10299500,0.0,16.239999771118164,1.82,2.25,3.0,0.0009997608510731145,0.24213344779723317,0.0,0.0,0.0182,0.0225,0.03,-0.08968611927044345,-0.5458087412655347,0.01844,0.017795000000000002,0.0006449999999999997,0.6623025277562695,0
2018-04-27,109.55000305175781,110.16000366210938,109.12999725341797,109.4000015258789,87.1232681274414,9384000,0.0,15.40999984741211,1.82,2.24,2.96,-0.006378276148017223,0.24336660390889017,0.0,0.0,0.0182,0.022400000000000003,0.0296,-0.05110837040663996,-0.5279239826047265,0.01846,0.01784,0.000619999999999999,0.6712936024612658,0
2018-04-30,109.75,110.30000305175781,108.75,108.77999877929688,86.6294937133789,13744900,0.0,15.930000305175781,1.87,2.24,2.95,-0.005683659218656128,0.2359867910032931,0.0,0.0,0.0187,0.022400000000000003,0.029500000000000002,0.03374435190867309,-0.4919590334818587,0.018459999999999997,0.01789,0.0005699999999999976,0.6497256273745854,0
2018-05-01,108.44999694824219,108.97000122070312,107.54000091552734,108.77999877929688,86.6294937133789,10503400,0.0,15.489999771118164,1.85,2.26,2.97,0.0,0.22544133036255884,0.0,0.0,0.018500000000000003,0.0226,0.0297,-0.027620874176295995,-0.411420504054306,0.018420000000000002,0.01794,0.00048000000000000126,0.6675953040169355,0
2018-05-02,108.11000061035156,109.48999786376953,107.7300033569336,107.91999816894531,85.94464111328125,12162100,0.0,15.970000267028809,1.84,2.24,2.97,-0.007936950644233649,0.22215072928671215,0.0,0.0,0.0184,0.022400000000000003,0.0297,0.030987766494718016,-0.3838859196567557,0.0184,0.018005,0.0003949999999999995,0.6479043980934038,0
2018-05-03,107.58999633789062,107.7699966430664,105.18000030517578,107.23999786376953,85.4030990600586,15379100,0.0,15.899999618530273,1.84,2.24,2.94,-0.0063209921038976935,0.21567380739703293,0.0,0.0,0.0184,0.022400000000000003,0.0294,-0.004383259068758805,-0.3634517506057463,0.01844,0.018065,0.00037500000000000033,0.6361715197365102,0
2018-05-04,106.43000030517578,108.73999786376953,105.9800033569336,108.43000030517578,86.35079193115234,11967900,0.0,14.770000457763672,1.84,2.24,2.95,0.011035586832274239,0.21408524656828914,0.0,0.0,0.0184,0.022400000000000003,0.029500000000000002,-0.07106913131303927,-0.3680090147942835,0.018480000000000003,0.01812,0.0003600000000000027,0.6511103670134141,0
2018-05-07,108.76000213623047,109.68000030517578,108.36000061035156,109.37000274658203,87.09937286376953,9356700,0.0,14.75,1.86,2.25,2.95,0.008631707918347001,0.19829357689689991,0.0,0.0,0.018600000000000002,0.0225,0.029500000000000002,-0.00135412709165883,-0.17962795954976857,0.01846,0.01817,0.00029000000000000206,0.6715658177705164,0
2018-05-08,109.52999877929688,111.33999633789062,109.27999877929688,110.98999786376953,88.38951873779297,12543200,0.0,14.710000038146973,1.87,2.26,2.97,0.014703712653304824,0.20058893600585329,0.0,0.0,0.0187,0.0226,0.0297,-0.0027118618205442813,-0.1901106771843766,0.018500000000000003,0.018235,0.00026500000000000135,0.6737837550223817,0
2018-05-09,111.44000244140625,113.63999938964844,111.02999877929688,113.41000366210938,90.3167495727539,11368100,0.0,13.420000076293945,1.88,2.27,3.0,0.02156953499302147,0.20386500570368588,0.0,0.0,0.018799999999999997,0.0227,0.03,-0.08769544245463712,-0.23409448491022425,0.01858,0.01831,0.0002699999999999994,0.6937731739035481,0
2018-05-10,113.19000244140625,114.44000244140625,112.75,114.29000091552734,91.01754760742188,9159700,0.0,13.229999542236328,1.9,2.27,2.97,0.007729387485642087,0.1951833243014769,0.0,0.0,0.019,0.0227,0.0297,-0.014158012889526561,-0.23187993592732253,0.0187,0.018385000000000002,0.0003149999999999993,0.7111708044579953,0
2018-05-11,114.48999786376953,114.7300033569336,113.66999816894531,113.86000061035156,90.67510223388672,10253000,0.0,12.649999618530273,1.92,2.28,2.97,-0.003769506133825981,0.1769349285093088,0.0,0.0,0.0192,0.022799999999999997,0.0297,-0.04383975387560857,-0.1099347345276006,0.018860000000000002,0.018465000000000002,0.0003949999999999995,0.7025921321342572,0
2018-05-14,114.11000061035156,114.69999694824219,113.73999786376953,113.9000015258789,90.70697021484375,8710700,0.0,12.930000305175781,1.93,2.28,3.0,0.0003513906402625082,0.14561489417942788,0.0,0.0,0.019299999999999998,0.022799999999999997,0.03,0.02213444229953576,-0.2708739019825773,0.019,0.018535000000000003,0.00046499999999999667,0.7151442506022629,0
2018-05-15,113.91000366210938,113.91000366210938,112.56999969482422,113.02999877929688,90.0141372680664,11536200,0.0,14.630000114440918,1.92,2.31,3.08,-0.007667464533929246,0.14890239703809866,0.0,0.0,0.0192,0.0231,0.0308,0.13147716698696743,-0.35080720029443263,0.0191,0.018595,0.0005049999999999985,0.6867927850378631,0
2018-05-16,112.88999938964844,113.69000244140625,112.62999725341797,113.33999633789062,90.260986328125,7571100,0.0,13.420000076293945,1.92,2.32,3.09,0.002738583221153044,0.1489257861306327,0.0,0.0,0.0192,0.0232,0.030899999999999997,-0.08270676887778083,-0.36843834599117753,0.019179999999999996,0.01865,0.0005299999999999958,0.7056999678174818,0
2018-05-17,113.19999694824219,113.41000366210938,112.19999694824219,112.95999908447266,89.95836639404297,8617200,0.0,13.430000305175781,1.92,2.32,3.11,-0.003358354293664754,0.14601216359693656,0.0,0.0,0.0192,0.0232,0.0311,0.0007451735339034649,-0.35552700887027205,0.019219999999999998,0.0187,0.0005199999999999962,0.7083842932245461,0
2018-05-18,112.75,112.80000305175781,110.83999633789062,111.12999725341797,88.5009994506836,11806300,0.0,13.420000076293945,1.91,2.32,3.06,-0.01633312249997748,0.13916049975843006,0.0,0.0,0.0191,0.0232,0.030600000000000002,-0.0007446186637822816,-0.44468117320836975,0.0192,0.01875,0.000449999999999999,0.6858786463627826,0
2018-05-21,112.05000305175781,112.54000091552734,111.91999816894531,112.1500015258789,89.31330871582031,9441900,0.0,13.079999923706055,1.93,2.35,3.06,0.009136665371629079,0.1426494759814013,0.0,0.0,0.019299999999999998,0.0235,0.030600000000000002,-0.025335331643439485,-0.44800607795360786,0.0192,0.018779999999999998,0.00042000000000000023,0.6975053043467971,0
2018-05-22,112.3499984741211,114.29000091552734,112.29000091552734,113.01000213623047,89.9981689453125,11507600,0.0,13.220000267028809,1.93,2.34,3.06,0.007638814521410356,0.14353435471105455,0.0,0.0,0.019299999999999998,0.023399999999999997,0.030600000000000002,0.010703390224721554,-0.4434929260571713,0.019219999999999998,0.01881,0.00040999999999999717,0.7029437405584742,0
2018-05-23,112.51000213623047,112.7699966430664,111.12000274658203,112.48999786376953,89.58406066894531,11453900,0.0,12.579999923706055,1.92,2.29,3.01,-0.0046119152352117184,0.14349209517747413,0.0,0.0,0.0192,0.0229,0.0301,-0.04841152272280502,-0.400511321985932,0.019219999999999998,0.018844999999999997,0.00037500000000000033,0.7121337295708038,0
2018-05-24,112.13999938964844,112.1500015258789,110.12000274658203,111.2300033569336,88.58065032958984,14084800,0.0,12.529999732971191,1.91,2.28,2.98,-0.011263969647540874,0.1487924101447461,0.0,0.0,0.0191,0.022799999999999997,0.0298,-0.003974577983950622,-0.39787949485210744,0.019200000000000002,0.018889999999999997,0.0003100000000000047,0.7084115970770513,0
2018-05-25,110.45999908447266,111.08000183105469,110.19999694824219,110.66000366210938,88.12671661376953,8283500,0.0,13.220000267028809,1.9,2.27,2.93,-0.005137699940566111,0.1500637977453003,0.0,0.0,0.019,0.0227,0.029300000000000003,0.0550678809866183,-0.43487655804106673,0.019179999999999996,0.01893,0.00024999999999999675,0.6949061236988024,0
2018-05-29,109.18000030517578,109.19999694824219,104.95999908447266,105.93000030517578,84.35984802246094,30643800,0.0,17.020000457763672,1.93,2.17,2.77,-0.043684186174499415,0.21317437344508672,0.0,0.0,0.019299999999999998,0.0217,0.0277,0.28744327639782363,-0.7749598595839773,0.019179999999999996,0.018959999999999998,0.00021999999999999797,0.6184416452377364,0
2018-05-30,107.63999938964844,108.5999984741211,106.6500015258789,108.3499984741211,86.28707885742188,17490800,0.0,14.9399995803833,1.94,2.23,2.84,0.022588309253822415,0.22820856629547429,0.0,0.0,0.0194,0.0223,0.028399999999999998,-0.12220921395049544,-0.8003090587226046,0.019200000000000002,0.019005,0.00019500000000000073,0.6649696420007454,0
2018-05-31,107.94999694824219,108.19000244140625,106.41999816894531,107.01000213623047,85.2199478149414,19808200,0.0,15.430000305175781,1.93,2.23,2.83,-0.012444327612586155,0.23211708849008278,0.0,0.0,0.019299999999999998,0.0223,0.028300000000000002,0.03279790753380385,-0.8009293635516659,0.019219999999999998,0.01905,0.00016999999999999654,0.6505657930799887,0
2018-06-01,108.33999633789062,108.94000244140625,107.80000305175781,108.4000015258789,86.326904296875,13594200,0.0,13.460000038146973,1.92,2.28,2.89,0.012905766940177407,0.23522945792548883,0.0,0.0,0.0192,0.022799999999999997,0.028900000000000002,-0.12767337835813253,-0.8061198230003064,0.01924,0.01909,0.00015000000000000083,0.6911009649645052,0
2018-06-04,108.98999786376953,109.26000213623047,108.2699966430664,108.44999694824219,86.36671447753906,9415400,0.0,12.739999771118164,1.94,2.3,2.94,0.000461049825138734,0.2340265551171762,0.0,0.0,0.0194,0.023,0.0294,-0.05349184732453616,-0.80437744230815,0.019319999999999997,0.019139999999999997,0.0001799999999999996,0.7054184709645647,0
2018-06-05,108.23999786376953,108.30999755859375,107.06999969482422,107.83999633789062,85.88092803955078,10415200,0.0,12.399999618530273,1.94,2.32,2.92,-0.005640573291723132,0.231716423283767,0.0,0.0,0.0194,0.0232,0.0292,-0.026687610572700193,-0.7901483451247737,0.019340000000000003,0.01918,0.0001600000000000039,0.7003469021315771,0
2018-06-06,108.66000366210938,110.73999786376953,108.4800033569336,110.36000061035156,87.8878173828125,15453600,0.0,11.640000343322754,1.95,2.32,2.97,0.02309941957004044,0.24381551661330442,0.0,0.0,0.0195,0.0232,0.0297,-0.061290266015153305,-0.7913193932274282,0.01936,0.019219999999999998,0.00014000000000000123,0.7198103402910543,0
2018-06-07,111.18000030517578,111.5,110.02999877929688,110.80000305175781,88.23819732666016,13444400,0.0,12.130000114440918,1.94,2.31,2.93,0.0039787467700041525,0.2386803781481043,0.0,0.0,0.0194,0.0231,0.029300000000000003,0.04209619902625272,-0.7977821107426942,0.019379999999999998,0.019249999999999996,0.00013000000000000164,0.706429934588171,0
2018-06-08,110.62000274658203,111.13999938964844,110.05999755859375,111.11000061035156,88.48509216308594,10383200,0.0,12.180000305175781,1.93,2.3,2.93,0.002794142161670041,0.22573102346678633,0.0,0.0,0.019299999999999998,0.023,0.029300000000000003,0.004122027226969083,-0.787328402498975,0.0194,0.019264999999999997,0.00013500000000000317,0.6945401741548852,0
2018-06-11,111.12000274658203,111.91000366210938,110.7699966430664,110.83000183105469,88.26209259033203,12642900,0.0,12.350000381469727,1.94,2.32,2.96,-0.0025233747444709915,0.22353255925939425,0.0,0.0,0.0194,0.0232,0.0296,0.013957312974918867,-0.7908629238594608,0.0194,0.019275,0.0001250000000000001,0.6860099810165505,0
2018-06-12,111.13999938964844,111.52999877929688,109.5199966430664,110.19000244140625,87.75242614746094,15294100,0.0,12.34000015258789,1.92,2.31,2.96,-0.005791202577594951,0.22390470290064363,0.0,0.0,0.0192,0.0231,0.0296,-0.0008097351071211234,-0.7984433702955698,0.01936,0.01927,8.99999999999998e-05,0.6849493792730346,0
2018-06-13,110.45999908447266,111.44999694824219,109.58000183105469,109.97000122070312,87.57723236083984,14979700,0.0,12.9399995803833,1.94,2.35,2.98,-0.0019984507631979746,0.2237998722298597,0.0,0.0,0.0194,0.0235,0.0298,0.04862231931736094,-0.7966341657240485,0.019340000000000003,0.01928,6.0000000000004494e-05,0.6749835285991883,0
2018-06-14,110.27999877929688,110.36000061035156,107.77999877929688,108.02999877929688,86.0322494506836,20487300,0.0,12.119999885559082,1.94,2.35,2.94,-0.017798840031105104,0.22988869515820823,0.0,0.0,0.0194,0.0235,0.0294,-0.06336937568895418,-0.7403351301929405,0.019340000000000003,0.019289999999999998,5.00000000000049e-05,0.6806613733434046,0
2018-06-15,107.80000305175781,108.37999725341797,106.2699966430664,107.9000015258789,85.9287338256836,26028600,0.0,11.979999542236328,1.94,2.35,2.93,-0.0012039433077360834,0.2292361190426154,0.0,0.0,0.0194,0.0235,0.029300000000000003,-0.011551183551541389,-0.7427973869511046,0.01936,0.019299999999999998,6.0000000000001025e-05,0.6803136364661162,0
2018-06-18,107.26000213623047,108.4000015258789,106.69000244140625,108.18000030517578,86.15169525146484,9786800,0.0,12.3100004196167,1.94,2.35,2.92,0.0025913644189011556,0.22982958724463504,0.0,0.0,0.0194,0.0235,0.0292,0.027545984139392576,-0.7326212859729256,0.01936,0.019315,4.49999999999999e-05,0.6791431941243947,0
2018-06-19,106.9000015258789,107.87999725341797,106.5999984741211,107.55000305175781,85.64997100830078,12707200,0.0,13.350000381469727,1.94,2.34,2.89,-0.005840754405027291,0.2244292940110595,0.0,0.0,0.0194,0.023399999999999997,0.028900000000000002,0.0844841532414351,-0.7469422588796293,0.0194,0.019319999999999997,8.000000000000368e-05,0.6705389360819143,0
2018-06-20,108.18000030517578,108.63999938964844,107.44000244140625,107.54000091552734,85.64203643798828,8876900,0.0,12.789999961853027,1.94,2.36,2.93,-9.264378924001784e-05,0.2211402744982189,0.0,0.0,0.0194,0.0236,0.029300000000000003,-0.041947595776401614,-0.7452753097321482,0.0194,0.019325000000000002,7.499999999999868e-05,0.6730413064762995,0
2018-06-21,107.0999984741211,108.20999908447266,106.52999877929688,107.51000213623047,85.61813354492188,11048700,0.0,14.640000343322754,1.94,2.34,2.9,-0.00027914129974295556,0.2184773149798154,0.0,0.0,0.0194,0.023399999999999997,0.028999999999999998,0.14464428357994286,-0.700224379385792,0.0194,0.019334999999999998,6.500000000000256e-05,0.6419128722756985,0
2018-06-22,108.16000366210938,108.37000274658203,105.51000213623047,105.75,84.21651458740234,19478900,0.0,13.770000457763672,1.93,2.33,2.9,-0.016506063932142833,0.22383077738472013,0.0,0.0,0.019299999999999998,0.0233,0.028999999999999998,-0.05942622029758937,-0.6485329664196474,0.01938,0.019345,3.500000000000031e-05,0.647255378625161,0
2018-06-25,105.66000366210938,105.69999694824219,103.95999908447266,104.79000091552734,83.45198822021484,16907600,0.0,17.329999923706055,1.93,2.34,2.87,-0.009119562147384717,0.2229477482883425,0.0,0.0,0.019299999999999998,0.023399999999999997,0.0287,0.2585329954680733,-0.6151757682045602,0.01936,0.01936,0.0,0.5977000998633931,0
2018-06-26,104.70999908447266,105.20999908447266,103.11000061035156,104.86000061035156,83.50774383544922,17086800,0.0,15.920000076293945,1.93,2.33,2.88,0.0006678929897708403,0.22310090856574522,0.0,0.0,0.019299999999999998,0.0233,0.0288,-0.08136179189956849,-0.6116629140318579,0.01934,0.01936,-1.9999999999999185e-05,0.6212885955112961,0
2018-06-27,104.68000030517578,105.91999816894531,103.2300033569336,103.23999786376953,82.21760559082031,16276800,0.0,17.90999984741211,1.93,2.33,2.83,-0.01556990903510058,0.17356810880589849,0.0,0.0,0.019299999999999998,0.0233,0.028300000000000002,0.1249999850239587,-0.4253173144591037,0.019319999999999997,0.019355,-3.500000000000378e-05,0.6096089275382246,0
2018-06-28,103.68000030517578,105.45999908447266,103.51000213623047,104.93000030517578,83.56348419189453,14491300,0.0,16.850000381469727,1.93,2.33,2.84,0.01623717364040228,0.1637029822399082,0.0,0.0,0.019299999999999998,0.0233,0.028399999999999998,-0.05918478363893154,-0.36275546385809915,0.019299999999999998,0.019355,-5.500000000000296e-05,0.6209637692914864,0
2018-06-29,106.68000030517578,106.9000015258789,104.1500015258789,104.19999694824219,82.98212432861328,18972400,0.0,16.09000015258789,1.93,2.33,2.85,-0.006981417639805685,0.1601683187794104,0.0,0.0,0.019299999999999998,0.0233,0.0285,-0.045103870129143964,-0.3365442026049389,0.019299999999999998,0.01936,-6.0000000000001025e-05,0.6350672200687189,0
2018-07-02,103.72000122070312,105.08999633789062,103.37999725341797,105.08000183105469,83.68292999267578,11130000,0.0,15.600000381469727,1.98,2.34,2.87,0.008409798889976393,0.15585469330299784,0.0,0.0,0.019799999999999998,0.023399999999999997,0.0287,-0.03045368343513366,-0.2717943897201975,0.019399999999999997,0.01938,1.9999999999995716e-05,0.6393875460492796,0
2018-07-03,105.41000366210938,105.77999877929688,103.5199966430664,103.61000061035156,82.51227569580078,8311700,0.0,16.139999389648438,1.98,2.33,2.83,-0.014087935372147024,0.1616126430970004,0.0,0.0,0.019799999999999998,0.0233,0.028300000000000002,0.03461532019064184,-0.27291820361468355,0.019499999999999997,0.019399999999999997,9.99999999999994e-05,0.6230170206238892,0
2018-07-05,104.12999725341797,104.37999725341797,103.52999877929688,103.72000122070312,83.04873657226562,10723400,0.0,14.970000267028809,1.96,2.32,2.84,0.006480544502763904,0.16377683159761067,0.0,0.0,0.0196,0.0232,0.028399999999999998,-0.0724906547003974,-0.31328189908562093,0.019559999999999998,0.019405,0.0001549999999999989,0.646937889424154,0
2018-07-06,103.12000274658203,104.5,102.19999694824219,104.05999755859375,83.32097625732422,12173700,0.0,13.369999885559082,1.97,2.34,2.82,0.0032727101996702633,0.1385674962051554,0.0,0.0,0.0197,0.023399999999999997,0.0282,-0.10688045109749944,-0.2818201635342118,0.019639999999999998,0.01942,0.00021999999999999797,0.6579819987452157,0
2018-07-09,104.70999908447266,107.45999908447266,104.70999908447266,107.27999877929688,85.89923858642578,13900800,0.0,12.6899995803833,1.98,2.34,2.86,0.030474631711057677,0.17882544715885085,0.0,0.0,0.019799999999999998,0.023399999999999997,0.0286,-0.050860157890520896,-0.32239071490298,0.019739999999999997,0.019445,0.00029499999999999665,0.6834627927393884,0
2018-07-10,108.0199966430664,108.4000015258789,106.52999877929688,106.62000274658203,85.37076568603516,14575900,0.0,12.640000343322754,1.99,2.36,2.87,-0.006171244986452328,0.17894909427496603,0.0,0.0,0.0199,0.0236,0.0287,-0.00394005033206124,-0.3195975945194374,0.01976,0.019469999999999998,0.00029000000000000206,0.678840170520165,0
2018-07-11,106.30999755859375,107.05999755859375,106.20999908447266,106.38999938964844,85.1866226196289,10186500,0.0,13.630000114440918,1.97,2.36,2.85,-0.002159310010368116,0.17893259015366758,0.0,0.0,0.0197,0.0236,0.0285,0.07832276457501397,-0.3159056883584725,0.01974,0.019495,0.00024500000000000216,0.6649210918441855,0
2018-07-12,107.41999816894531,107.55999755859375,105.97000122070312,106.8499984741211,85.55494689941406,12456800,0.0,12.579999923706055,1.98,2.39,2.85,0.004314413322541602,0.1794370297310545,0.0,0.0,0.019799999999999998,0.0239,0.0285,-0.07703596345699171,-0.3332100771767428,0.01978,0.019514999999999998,0.00026500000000000135,0.6859288436424689,0
2018-07-13,107.30000305175781,107.80000305175781,105.13999938964844,106.36000061035156,85.16259765625,21289100,0.0,12.180000305175781,1.98,2.37,2.83,-0.004596480519553543,0.17980661453135602,0.0,0.0,0.019799999999999998,0.023700000000000002,0.028300000000000002,-0.03179647225406612,-0.3262659541064044,0.019799999999999998,0.019535,0.0002649999999999979,0.6900938210607497,0
2018-07-16,107.05000305175781,110.7699966430664,106.9800033569336,110.58000183105469,88.54157257080078,24662600,0.0,12.829999923706055,2.01,2.39,2.85,0.03890984547626933,0.21768769133661503,0.0,0.0,0.020099999999999996,0.0239,0.0285,0.05336614139936113,-0.24141782767261505,0.019859999999999996,0.019569999999999997,0.0002899999999999986,0.7145679240858713,0
2018-07-17,110.69000244140625,110.93000030517578,109.75,110.5,88.47750854492188,14821900,0.0,12.0600004196167,2.02,2.39,2.86,-0.0007238093009188019,0.2176225303921936,0.0,0.0,0.0202,0.0239,0.0286,-0.06001555016899285,-0.23491403919758597,0.01992,0.019609999999999995,0.0003100000000000047,0.7258482121678402,0
2018-07-18,110.41999816894531,112.12000274658203,110.19999694824219,111.52999877929688,89.3022232055664,14244900,0.0,12.100000381469727,2.0,2.43,2.88,0.009278004512243284,0.21931304504249932,0.0,0.0,0.02,0.024300000000000002,0.0288,0.0033167463069041503,-0.23454804902817566,0.019979999999999998,0.019639999999999998,0.00034,0.7292572127103613,0
2018-07-19,111.05999755859375,111.08999633789062,109.7300033569336,109.88999938964844,87.98910522460938,16775300,0.0,12.869999885559082,2.0,2.4,2.84,-0.014813380943528662,0.2253257267923696,0.0,0.0,0.02,0.024,0.028399999999999998,0.06363632064578728,-0.24566204739633604,0.02002,0.01967,0.0003499999999999996,0.712921869550009,0
2018-07-20,110.0,111.73999786376953,109.77999877929688,111.27999877929688,89.10203552246094,13578100,0.0,12.859999656677246,1.99,2.41,2.89,0.01256917703772097,0.22859700164920785,0.0,0.0,0.0199,0.0241,0.028900000000000002,-0.0007770185680464614,-0.2480715887018579,0.02004,0.019694999999999997,0.00034500000000000156,0.720601456658118,0
2018-07-23,111.05999755859375,114.23999786376953,110.93000030517578,113.3499984741211,90.75949096679688,18140000,0.0,12.619999885559082,1.99,2.42,2.96,0.018430871746890704,0.23544960845213828,0.0,0.0,0.0199,0.0242,0.0296,-0.01866250214039078,-0.2545112081926725,0.02,0.019725,0.00027500000000000094,0.7351652234069717,0
2018-07-24,113.55000305175781,114.77999877929688,113.41999816894531,114.1500015258789,91.40007781982422,14000400,0.0,12.40999984741211,2.02,2.42,2.95,0.00703327854750346,0.2250493439897916,0.0,0.0,0.0202,0.0242,0.029500000000000002,-0.016640256739405612,-0.31856297919765714,0.02,0.01977,0.00023000000000000104,0.7521752376354491,0
2018-07-25,113.87999725341797,115.5199966430664,113.37999725341797,115.18000030517578,92.22479248046875,13329100,0.0,12.289999961853027,2.01,2.42,2.94,0.00898266345606045,0.2205476192661621,0.0,0.0,0.020099999999999996,0.0242,0.0294,-0.00966961217039064,-0.24389350725293638,0.02002,0.01981,0.00020999999999999838,0.7646637990337619,0
2018-07-26,115.41999816894531,115.58999633789062,114.58000183105469,114.8499984741211,91.9605484008789,11897800,0.0,12.140000343322754,1.99,2.41,2.98,-0.0028693299870667308,0.22171185691976666,0.0,0.0,0.0199,0.0241,0.0298,-0.01220501375068006,-0.2689407100369559,0.019999999999999997,0.01984,0.00015999999999999695,0.7647000896505043,0
2018-07-27,115.18000030517578,116.30000305175781,114.80999755859375,116.02999877929688,92.90538787841797,12802700,0.0,13.029999732971191,2.0,2.43,2.96,0.010221977327333398,0.20984475735444552,0.0,0.0,0.02,0.024300000000000002,0.0296,0.0733113150312188,-0.07162260071998959,0.02002,0.019874999999999997,0.00014500000000000277,0.7673444818206373,0
2018-07-30,116.27999877929688,117.61000061035156,116.05999755859375,116.7300033569336,93.46586608886719,13411600,0.0,14.260000228881836,2.04,2.43,2.98,0.006014660396158331,0.20641023055657287,0.0,0.0,0.0204,0.024300000000000002,0.0298,0.09439758412260324,-0.028052291430862946,0.02012,0.019929999999999996,0.00019000000000000267,0.7436970007955332,0
2018-07-31,117.08000183105469,117.08000183105469,114.81999969482422,114.94999694824219,92.0406265258789,15843800,0.0,12.829999923706055,2.03,2.44,2.96,-0.015366228824336012,0.2145945314814879,0.0,0.0,0.0203,0.024399999999999998,0.0296,-0.10028052470009752,0.06575562604680721,0.020139999999999998,0.019955,0.00018499999999999767,0.7591244053210893,0
2018-08-01,115.75,116.69000244140625,115.27999877929688,115.66000366210938,92.6091079711914,13531600,0.0,13.149999618530273,2.03,2.45,3.0,0.006157422787203251,0.21427641187765845,0.0,0.0,0.0203,0.0245,0.03,0.024941519620195196,0.07327229378230139,0.02018,0.01998,0.0001999999999999988,0.7532145662984542,0
2018-08-02,114.56999969482422,116.25,114.33000183105469,116.1500015258789,93.00145721435547,11058100,0.0,12.1899995803833,2.02,2.45,2.98,0.004227666966572352,0.20300243031177226,0.0,0.0,0.0202,0.0245,0.0298,-0.0730038073000544,0.13578743952087427,0.02024,0.02001,0.00023000000000000104,0.7778241410491823,0
2018-08-03,116.0,117.12999725341797,115.94000244140625,117.08999633789062,93.75411987304688,11016100,0.0,11.640000343322754,2.01,2.43,2.95,0.008060447195390251,0.2031528404397294,0.0,0.0,0.020099999999999996,0.024300000000000002,0.029500000000000002,-0.04511888892478966,0.13600986174087412,0.02026,0.02003,0.00023000000000000104,0.7866177635043363,0
2018-08-06,116.79000091552734,117.52999877929688,116.18000030517578,117.12000274658203,93.77814483642578,9857400,0.0,11.270000457763672,2.05,2.44,2.94,0.00025622218712680343,0.2038881605157626,0.0,0.0,0.020499999999999997,0.024399999999999998,0.0294,-0.031786930811503855,0.1375585352289376,0.02028,0.020065,0.0002149999999999999,0.7901053052539073,0
2018-08-07,117.73999786376953,118.29000091552734,117.33000183105469,117.55000305175781,94.12245178222656,10562100,0.0,10.930000305175781,2.06,2.45,2.98,0.0036647816702174664,0.1827851456578219,0.0,0.0,0.0206,0.0245,0.0298,-0.030168601488713476,0.24961223287560697,0.020339999999999997,0.0201,0.00023999999999999716,0.7790017781370848,0
2018-08-08,117.33000183105469,118.2699966430664,117.27999877929688,117.79000091552734,94.31462097167969,8997100,0.0,10.850000381469727,2.06,2.44,2.96,0.0020396119857264564,0.17900204735714073,0.0,0.0,0.0206,0.024399999999999998,0.0296,-0.007319297481462206,0.2568352773760745,0.020399999999999998,0.020145,0.0002549999999999983,0.7850314777418421,0
2018-08-09,117.51000213623047,117.72000122070312,116.69999694824219,116.87999725341797,93.58599090576172,9694200,0.0,11.270000457763672,2.06,2.44,2.93,-0.007755522568859373,0.1827324203462586,0.0,0.0,0.0206,0.024399999999999998,0.029300000000000003,0.03870968309008038,0.2647580396274268,0.020479999999999998,0.020185,0.00029499999999999665,0.7757033971425069,0
2018-08-10,115.5,115.94999694824219,114.68000030517578,115.7300033569336,92.6651611328125,12630600,0.0,13.15999984741211,2.05,2.42,2.87,-0.009888124349327782,0.18939430186220851,0.0,0.0,0.020499999999999997,0.0242,0.0287,0.16770180238515042,0.05216711055020583,0.02056,0.02022,0.00034,0.7402630116586435,0
2018-08-13,115.55999755859375,115.87999725341797,113.81999969482422,113.88999938964844,91.19186401367188,10336300,0.0,14.779999732971191,2.06,2.42,2.88,-0.01602689539793827,0.19964241441786276,0.0,0.0,0.0206,0.0242,0.0288,0.12310029668257583,-0.10871879044999432,0.020579999999999998,0.020245000000000003,0.000334999999999995,0.7103279068605952,0
2018-08-14,114.2699966430664,115.04000091552734,113.6500015258789,114.6500015258789,91.8004150390625,10597600,0.0,13.3100004196167,2.08,2.44,2.89,0.0066511360145111295,0.15284612700390518,0.0,0.0,0.0208,0.024399999999999998,0.028900000000000002,-0.0994586833499882,-0.2922635370297117,0.02062,0.020275,0.0003449999999999981,0.7121157864027805,0
2018-08-15,113.81999969482422,114.33000183105469,112.97000122070312,113.69999694824219,91.03974914550781,10152100,0.0,14.640000343322754,2.07,2.45,2.86,-0.008320603796277715,0.15659674154950412,0.0,0.0,0.0207,0.0245,0.0286,0.09992485963755926,-0.35544744990545596,0.02064,0.02031,0.00032999999999999696,0.6886033840874914,0
2018-08-16,114.3499984741211,115.30999755859375,114.30000305175781,114.7699966430664,91.89649200439453,10118600,0.0,13.449999809265137,2.07,2.45,2.87,0.009366641812256793,0.15665350671543637,0.0,0.0,0.0207,0.0245,0.0287,-0.08128418757861378,-0.3881527074746428,0.02066,0.020345,0.0003150000000000028,0.7056476537279901,0
2018-08-17,114.63999938964844,115.06999969482422,114.30000305175781,114.7699966430664,91.89649200439453,8505100,0.0,12.640000343322754,2.05,2.44,2.87,0.0,0.14537784912337087,0.0,0.0,0.020499999999999997,0.024399999999999998,0.0287,-0.060223009474275835,-0.3368845657377687,0.02066,0.020374999999999997,0.000285000000000004,0.7260307787853268,0
2018-08-20,114.58999633789062,115.05000305175781,114.11000061035156,114.62000274658203,91.77639770507812,8618700,0.0,12.489999771118164,2.06,2.43,2.82,-0.001307697794928148,0.14061885403932659,0.0,0.0,0.0206,0.024300000000000002,0.0282,-0.011867133554614995,-0.3431198616115512,0.020659999999999998,0.020409999999999998,0.0002500000000000002,0.7199125283430992,0
2018-08-21,115.37000274658203,116.38999938964844,114.87999725341797,115.31999969482422,92.33687591552734,10976700,0.0,12.859999656677246,2.08,2.45,2.85,0.006088425139442226,0.12769945106167915,0.0,0.0,0.0208,0.0245,0.0285,0.029623690339424025,-0.33557429786825244,0.020659999999999998,0.02044,0.00021999999999999797,0.7072827636054376,0
2018-08-22,115.30999755859375,115.41000366210938,114.77999877929688,114.97000122070312,92.05663299560547,8314700,0.0,12.25,2.09,2.43,2.82,-0.003039620400384309,0.12628410951354888,0.0,0.0,0.0209,0.024300000000000002,0.0282,-0.04743387814637445,-0.31041539763688497,0.0207,0.020479999999999998,0.00022000000000000144,0.7099969149717327,0
2018-08-23,114.95999908447266,115.1500015258789,114.43000030517578,114.7300033569336,91.8644790649414,9265400,0.0,12.40999984741211,2.08,2.43,2.82,-0.002089526302067229,0.1225053564343526,0.0,0.0,0.0208,0.024300000000000002,0.0282,0.013061212033641523,-0.31262725293566784,0.02072,0.020524999999999998,0.00019500000000000073,0.7011217563492597,0
2018-08-24,114.9800033569336,115.22000122070312,114.44999694824219,114.68000030517578,91.82443237304688,8845700,0.0,11.989999771118164,2.09,2.44,2.82,-0.0004360273270226452,0.1221232949091953,0.0,0.0,0.0209,0.024399999999999998,0.0282,-0.03384368101999047,-0.31459817828291464,0.020800000000000003,0.020569999999999998,0.0002300000000000045,0.7085671524852334,0
2018-08-27,115.22000122070312,117.27999877929688,115.16999816894531,116.70999908447266,93.44984436035156,13768000,0.0,12.15999984741211,2.12,2.47,2.85,0.01754645834445174,0.13212734700816053,0.0,0.0,0.0212,0.024700000000000003,0.0285,0.014178488702180525,-0.3382192077565669,0.02092,0.02061,0.00031000000000000125,0.7104996041369174,0
2018-08-28,117.0,117.02999877929688,115.97000122070312,116.13999938964844,92.99346160888672,8302600,0.0,12.5,2.13,2.47,2.88,-0.004895683013444508,0.13156325562348847,0.0,0.0,0.0213,0.024700000000000003,0.0288,0.027960539214994196,-0.4158543847295454,0.02102,0.020659999999999998,0.0003600000000000027,0.6991506351522858,0
2018-08-29,116.3499984741211,116.37000274658203,115.36000061035156,115.76000213623047,92.68919372558594,7221700,0.0,12.25,2.13,2.48,2.89,-0.003277292163758975,0.1202286143399888,0.0,0.0,0.0213,0.0248,0.028900000000000002,-0.020000000000000018,-0.6203848265089528,0.0211,0.02071,0.00039000000000000146,0.7099160740015,0
2018-08-30,115.58999633789062,116.04000091552734,114.9800033569336,115.19000244140625,92.23279571533203,8991800,0.0,13.529999732971191,2.11,2.47,2.86,-0.004936124019903586,0.11959868049405986,0.0,0.0,0.021099999999999997,0.024700000000000003,0.0286,0.10448977412009719,-0.6531146212613184,0.021159999999999998,0.020755,0.0004049999999999991,0.6850362028676519,0
2018-08-31,114.83000183105469,114.83999633789062,113.81999969482422,114.58000183105469,91.74436950683594,13065700,0.0,12.859999656677246,2.11,2.46,2.86,-0.005309651938577684,0.1197192150734968,0.0,0.0,0.021099999999999997,0.0246,0.0286,-0.04951959272114581,-0.6036708457281226,0.0212,0.020804999999999997,0.000395000000000003,0.6889258722422616,0
2018-09-04,114.33999633789062,115.23999786376953,113.62999725341797,115.1500015258789,92.20074462890625,10174200,0.0,13.15999984741211,2.13,2.49,2.9,0.0049620894866657175,0.11733686944019549,0.0,0.0,0.0213,0.024900000000000002,0.028999999999999998,0.023328164754584213,-0.5697842074411031,0.021219999999999996,0.020845,0.00037499999999999686,0.6827980371164307,0
2018-09-05,115.0,115.69999694824219,114.25,114.58999633789062,91.75236511230469,11462400,0.0,13.90999984741211,2.14,2.49,2.9,-0.00487494237213631,0.11810115202894438,0.0,0.0,0.021400000000000002,0.024900000000000002,0.028999999999999998,0.05699088211976577,-0.578027587841809,0.02124,0.020885,0.0003549999999999977,0.6690348428440669,0
2018-09-06,114.5,114.69999694824219,113.5,114.0999984741211,91.36003112792969,9877600,0.0,14.649999618530273,2.13,2.5,2.88,-0.004285177768313906,0.1173190815317979,0.0,0.0,0.0213,0.025,0.0288,0.053199121440381525,-0.5736281172319463,0.02124,0.02092,0.00031999999999999737,0.6537365834737234,0
2018-09-07,114.5,114.7699966430664,113.62999725341797,114.31999969482422,91.53618621826172,10955600,0.0,14.880000114440918,2.14,2.53,2.94,0.0019262852710433347,0.11727764156969023,0.0,0.0,0.021400000000000002,0.0253,0.0294,0.015699692962430234,-0.56774116637121,0.0213,0.02096,0.00034,0.6503850482545548,0
2018-09-10,114.8499984741211,114.97000122070312,113.66000366210938,113.70999908447266,91.04772186279297,8276900,0.0,14.15999984741211,2.14,2.54,2.94,-0.005350586762511189,0.11592983048745696,0.0,0.0,0.021400000000000002,0.0254,0.0294,-0.04838711434753651,-0.5246151229058479,0.02136,0.021005,0.00035500000000000115,0.6620971339434901,0
2018-09-11,113.54000091552734,114.58000183105469,113.18000030517578,114.43000030517578,91.62425231933594,9333800,0.0,13.220000267028809,2.15,2.55,2.98,0.0063122148145489144,0.11439788604638325,0.0,0.0,0.0215,0.0255,0.0298,-0.06638415187236713,-0.4964103290132386,0.021400000000000002,0.02105,0.0003500000000000031,0.6851620454774523,0
2018-09-12,114.25,114.87999725341797,112.8499984741211,113.08000183105469,90.5433120727539,10800800,0.0,13.140000343322754,2.16,2.56,2.97,-0.011867677288805686,0.10803254918879156,0.0,0.0,0.0216,0.0256,0.0297,-0.006051431323006673,-0.3252313016944104,0.02144,0.021089999999999998,0.0003500000000000031,0.6887800552827772,0
2018-09-13,113.37000274658203,114.12999725341797,112.66999816894531,113.5199966430664,90.89561462402344,12470800,0.0,12.369999885559082,2.15,2.55,2.97,0.003883433400331265,0.1061854889923736,0.0,0.0,0.0215,0.0255,0.0297,-0.05859972889231746,-0.2864461826877267,0.021480000000000003,0.02113,0.0003500000000000031,0.6981271208979275,0
2018-09-14,113.80999755859375,114.48999786376953,113.2300033569336,113.5,90.87959289550781,10337900,0.0,12.069999694824219,2.16,2.56,2.99,-0.00017628067959040217,0.10227622800436527,0.0,0.0,0.0216,0.0256,0.029900000000000003,-0.024252238763970202,-0.1935964502463684,0.02152,0.021175,0.00034500000000000156,0.7072585068618316,0
2018-09-17,113.79000091552734,114.43000030517578,113.30000305175781,113.83999633789062,91.15185546875,9561300,0.0,13.680000305175781,2.16,2.57,2.99,0.0029913817498473634,0.09710752548549755,0.0,0.0,0.0216,0.025699999999999997,0.029900000000000003,0.1333886206345103,-0.0004070312468926286,0.021560000000000003,0.021230000000000002,0.00033000000000000043,0.6804751981672927,0
2018-09-18,114.33000183105469,114.66000366210938,113.55999755859375,114.30000305175781,91.52017211914062,7944200,0.0,12.789999961853027,2.17,2.58,3.05,0.004032551172372865,0.09830757720136449,0.0,0.0,0.0217,0.0258,0.0305,-0.06505850317752004,-0.040848068100483775,0.0216,0.021285000000000002,0.0003149999999999993,0.695583461004034,0
2018-09-19,114.44000244140625,118.05999755859375,114.44000244140625,117.62000274658203,94.1784896850586,16052800,0.0,11.75,2.16,2.58,3.08,0.02863239991258577,0.13993597395742005,0.0,0.0,0.0216,0.0258,0.0308,-0.08131352345229803,-0.256839412049728,0.0216,0.021325,0.00027500000000000094,0.7282546629765526,0
2018-09-20,118.5,119.23999786376953,118.08000183105469,118.62999725341797,94.98721313476562,15590000,0.0,11.800000190734863,2.17,2.58,3.07,0.008550475745191155,0.14126652835092654,0.0,0.0,0.0217,0.0258,0.030699999999999998,0.004255335381690539,-0.2668326709276619,0.02164,0.021365000000000002,0.00027499999999999747,0.7290062379224931,0
2018-09-21,119.12999725341797,119.2300033569336,117.73999786376953,117.8499984741211,94.36266326904297,24788200,0.0,11.680000305175781,2.18,2.58,3.07,-0.0065968052634039175,0.14318291113306325,0.0,0.0,0.0218,0.0258,0.030699999999999998,-0.010169481662661628,-0.2803942597286128,0.02168,0.021415,0.00026500000000000135,0.7286022930907674,0
2018-09-24,117.76000213623047,118.45999908447266,116.43000030517578,116.72000122070312,93.4578628540039,12492500,0.0,12.199999809265137,2.22,2.6,3.08,-0.009634808644778416,0.1476680208730967,0.0,0.0,0.0222,0.026000000000000002,0.0308,0.04452050432386789,-0.3091087670274185,0.0218,0.02148,0.00032000000000000084,0.7166862027886847,0
2018-09-25,117.04000091552734,117.97000122070312,116.31999969482422,116.38999938964844,93.1936264038086,9308300,0.0,12.420000076293945,2.21,2.59,3.1,-0.0028313369238708373,0.14815681638653805,0.0,0.0,0.022099999999999998,0.0259,0.031,0.01803280905477811,-0.3201544576902626,0.02188,0.021525,0.00035500000000000115,0.7121191334221928,0
2018-09-26,116.75,116.87000274658203,114.66000366210938,115.0199966430664,92.09667205810547,14023600,0.0,12.890000343322754,2.2,2.58,3.06,-0.011840524524828555,0.14085971919164902,0.0,0.0,0.022000000000000002,0.0258,0.030600000000000002,0.03784221128354881,-0.39234717011029996,0.02196,0.021560000000000003,0.0003999999999999976,0.6879159486518113,0
2018-09-27,115.41999816894531,115.76000213623047,114.16000366210938,114.5199966430664,91.69632720947266,13283000,0.0,12.40999984741211,2.18,2.58,3.06,-0.004356482384037491,0.1406693473312653,0.0,0.0,0.0218,0.0258,0.030600000000000002,-0.03723820660402799,-0.3649741067214895,0.02198,0.021585,0.0003949999999999995,0.69509062346671,0
2018-09-28,113.6500015258789,114.23999786376953,112.5199966430664,112.83999633789062,90.35115814208984,15815100,0.0,12.119999885559082,2.19,2.59,3.05,-0.01477849086679829,0.14876554555010033,0.0,0.0,0.0219,0.0259,0.0305,-0.023368248623588994,-0.31772792318616605,0.022,0.021625,0.00037500000000000033,0.6923854574458589,0
2018-10-01,113.37000274658203,114.61000061035156,113.04000091552734,113.5,90.87959289550781,10146300,0.0,12.0,2.23,2.6,3.09,0.0058316400277203684,0.15004410462328935,0.0,0.0,0.0223,0.026000000000000002,0.030899999999999997,-0.009900980750178201,-0.30881106747495235,0.02202,0.021685000000000003,0.0003349999999999985,0.7005082679180875,0
2018-10-02,113.36000061035156,114.12000274658203,112.80999755859375,113.97000122070312,91.25594329833984,13753100,0.0,12.050000190734863,2.23,2.61,3.05,0.0041326469982756065,0.14995725824569225,0.0,0.0,0.0223,0.026099999999999998,0.0305,0.004166682561238533,-0.33486164257691514,0.022060000000000003,0.021735,0.00032500000000000237,0.7054147525849235,0
2018-10-03,114.94000244140625,115.66000366210938,114.4800033569336,115.04000091552734,92.1126937866211,17142000,0.0,11.609999656677246,2.23,2.62,3.15,0.009344637516432032,0.15262289165419468,0.0,0.0,0.0223,0.0262,0.0315,-0.03651456656373575,-0.3735853418459553,0.02212,0.02178,0.00034,0.7143059918155679,0
2018-10-04,114.55000305175781,116.80999755859375,114.20999908447266,115.2699966430664,92.94315338134766,16357400,0.0,14.220000267028809,2.22,2.63,3.19,0.008975292402750284,0.1546288901351047,0.0,0.0,0.0222,0.0263,0.0319,0.22480626076939414,-0.10334036226267682,0.0222,0.021825,0.00037500000000000033,0.685283095271556,0
2018-10-05,115.83000183105469,116.0999984741211,114.0199966430664,114.62000274658203,92.41909790039062,13777600,0.0,14.819999694824219,2.23,2.64,3.23,-0.005654407772945489,0.15524701800314028,0.0,0.0,0.0223,0.0264,0.0323,0.042194051795244825,-0.1034455374965621,0.02228,0.02187,0.00041000000000000064,0.6759009418589172,0
2018-10-08,114.25,115.77999877929688,113.3499984741211,115.31999969482422,92.9834976196289,14370900,0.0,15.6899995803833,2.23,2.64,3.23,0.006088387933371543,0.15637770787824162,0.0,0.0,0.0223,0.0264,0.0323,0.05870444692808752,-0.08107818807277012,0.02228,0.021915,0.00036500000000000074,0.6659560271555245,0
2018-10-09,114.66999816894531,115.02999877929688,113.66999816894531,114.5199966430664,92.33843994140625,14069500,0.0,15.949999809265137,2.25,2.65,3.21,-0.006961510243298881,0.15726621659834242,0.0,0.0,0.0225,0.0265,0.0321,0.016571079403144617,-0.11119326666003182,0.02232,0.021965,0.00035500000000000115,0.6612847119165051,0
2018-10-10,114.69999694824219,114.94999694824219,111.47000122070312,111.47000122070312,89.87919616699219,23086400,0.0,22.959999084472656,2.27,2.67,3.22,-0.02699401833977754,0.1825074982378653,0.0,0.0,0.0227,0.026699999999999998,0.0322,0.439498392415999,-0.46125210805164407,0.0224,0.02202,0.0003799999999999984,0.5413667876527425,0
2018-10-11,110.97000122070312,111.47000122070312,107.37999725341797,108.12999725341797,87.18612670898438,32103200,0.0,24.979999542236328,2.27,2.66,3.14,-0.03042128299116298,0.20630180151573072,0.0,0.0,0.0227,0.026600000000000002,0.031400000000000004,0.0879791175222544,-0.4729747338708029,0.0225,0.02208,0.00042000000000000023,0.5014802509976813,0
2018-10-12,110.37000274658203,110.83000183105469,105.5999984741211,106.94999694824219,86.23468017578125,32075700,0.0,21.309999465942383,2.28,2.66,3.15,-0.010972801898969688,0.20756078581054296,0.0,0.0,0.022799999999999997,0.026600000000000002,0.0315,-0.14691753977371724,-0.3820471098494918,0.022600000000000002,0.02214,0.0004600000000000021,0.545039617324125,0
2018-10-15,107.19999694824219,108.8499984741211,106.31999969482422,106.33999633789062,85.74283599853516,18903200,0.0,21.299999237060547,2.31,2.67,3.16,-0.005719881635235036,0.20766489919898434,0.0,0.0,0.0231,0.026699999999999998,0.0316,-0.0004692740090311842,-0.3755605662814445,0.02276,0.022215,0.0005450000000000003,0.5418826438473497,0
2018-10-16,107.16000366210938,108.77999877929688,106.7300033569336,108.62000274658203,87.58122253417969,19302800,0.0,17.6200008392334,2.3,2.66,3.16,0.021214082983088956,0.2230593898646979,0.0,0.0,0.023,0.026600000000000002,0.0316,-0.1727698840206624,-0.48198137583177936,0.02286,0.02228,0.0005799999999999972,0.6052746151105322,0
2018-10-17,108.37999725341797,110.80000305175781,108.2300033569336,109.83000183105469,88.55685424804688,18794500,0.0,17.399999618530273,2.31,2.66,3.19,0.011078146299352856,0.22672671684546974,0.0,0.0,0.0231,0.026600000000000002,0.0319,-0.012485880262460669,-0.47677973233091414,0.02294,0.022355,0.0005849999999999987,0.612609725195401,0
2018-10-18,109.0199966430664,109.83999633789062,107.80999755859375,108.08999633789062,87.15389251708984,17582500,0.0,20.059999465942383,2.32,2.67,3.17,-0.015969331095341287,0.20330602831802158,0.0,0.0,0.0232,0.026699999999999998,0.0317,0.1528735578005025,-0.4754310354764766,0.023039999999999998,0.02243,0.0006099999999999994,0.5480800741260079,0
2018-10-19,107.6500015258789,109.22000122070312,107.2699966430664,107.91000366210938,87.00874328613281,15234500,0.0,19.889999389648438,2.31,2.67,3.2,-0.0016668243896669958,0.19858023109304276,0.0,0.0,0.0231,0.026699999999999998,0.032,-0.008474580300092738,-0.4779548892806849,0.0231,0.022495,0.0006049999999999979,0.544425706332812,0
2018-10-22,108.1500015258789,108.33999633789062,106.11000061035156,106.36000061035156,85.75897979736328,16199100,0.0,19.639999389648438,2.34,2.68,3.2,-0.014467809914618126,0.20163667819925696,0.0,0.0,0.023399999999999997,0.0268,0.032,-0.0125691306018898,-0.45949039760834276,0.023159999999999997,0.022555,0.0006049999999999979,0.5433102277345314,0
2018-10-23,104.19999694824219,106.16000366210938,103.69999694824219,105.25,84.86396789550781,21407500,0.0,20.709999084472656,2.33,2.67,3.17,-0.010491204414107664,0.20193026248222334,0.0,0.0,0.0233,0.026699999999999998,0.0317,0.054480637885772065,-0.4607416688852723,0.02322,0.022615,0.0006050000000000014,0.5275223997328103,0
2018-10-24,104.76000213623047,105.02999877929688,102.91000366210938,103.29000091552734,83.28360748291016,23168900,0.0,25.229999542236328,2.34,2.64,3.1,-0.018797855931404338,0.20766804466475594,0.0,0.0,0.023399999999999997,0.0264,0.031,0.21825208390050332,-0.4978972113892791,0.02328,0.022685,0.0005949999999999983,0.4534793634550095,0
2018-10-25,104.18000030517578,105.9000015258789,103.72000122070312,104.86000061035156,84.54950714111328,17464700,0.0,24.219999313354492,2.34,2.66,3.14,0.015085505240613091,0.21777190497904106,0.0,0.0,0.023399999999999997,0.026600000000000002,0.031400000000000004,-0.04003171808192241,-0.5140811763260581,0.023319999999999997,0.022765,0.0005549999999999965,0.48392812399341084,0
2018-10-26,104.0,104.55999755859375,102.7300033569336,103.41999816894531,83.38842010498047,19174900,0.0,24.15999984741211,2.33,2.63,3.08,-0.01382779406491607,0.22038395945161213,0.0,0.0,0.0233,0.0263,0.0308,-0.0024772695145908186,-0.5003598115012714,0.02336,0.022835,0.0005249999999999977,0.47914714521579815,0
2018-10-29,104.45999908447266,106.62999725341797,103.69999694824219,104.8499984741211,84.54144287109375,18445200,0.0,24.700000762939453,2.34,2.64,3.08,0.013732410248986703,0.22573189878559166,0.0,0.0,0.023399999999999997,0.0264,0.0308,0.022351031412989997,-0.5184129134808284,0.02336,0.02289,0.0004699999999999982,0.48840747726635236,0
2018-10-30,105.70999908447266,106.9800033569336,104.86000061035156,106.69999694824219,86.0331039428711,18019700,0.0,23.350000381469727,2.33,2.66,3.12,0.017490289444042177,0.23500879045303177,0.0,0.0,0.0233,0.026600000000000002,0.031200000000000002,-0.05465588420123868,-0.5314040444552552,0.02336,0.02294,0.00042000000000000023,0.5146232283615744,0
2018-10-31,108.08000183105469,110.4800033569336,107.79000091552734,109.0199966430664,87.90373992919922,20860000,0.0,21.229999542236328,2.34,2.69,3.15,0.021510199575542354,0.24860701132275567,0.0,0.0,0.023399999999999997,0.0269,0.0315,-0.09079232567875262,-0.5581571560243018,0.02336,0.022994999999999998,0.00036500000000000074,0.5552375961285685,0
2018-11-01,109.62000274658203,110.22000122070312,108.31999969482422,108.9800033569336,87.87149810791016,13065000,0.0,19.34000015258789,2.32,2.67,3.14,-0.0003668528287682227,0.24538569966808876,0.0,0.0,0.0232,0.026699999999999998,0.031400000000000004,-0.08902493784271404,-0.5438992640142137,0.023319999999999997,0.023045,0.00027499999999999747,0.576443441126081,0
2018-11-02,109.9000015258789,110.80999755859375,107.48999786376953,108.37999725341797,87.38772583007812,19009200,0.0,19.510000228881836,2.33,2.7,3.22,-0.005520662429636186,0.24215102235288763,0.0,0.0,0.0233,0.027000000000000003,0.0322,0.008790076264358015,-0.6370315023538522,0.02332,0.023094999999999997,0.00022500000000000298,0.5653875381054407,0
2018-11-05,108.61000061035156,109.29000091552734,108.41999816894531,109.08999633789062,87.96017456054688,10276400,0.0,19.959999084472656,2.36,2.71,3.2,0.0065293141567006364,0.24409725378020036,0.0,0.0,0.0236,0.0271,0.032,0.02306503589501041,-0.6305676888964642,0.02336,0.023159999999999997,0.00020000000000000226,0.5662144120880309,0
2018-11-06,108.66999816894531,109.66999816894531,107.76000213623047,109.5999984741211,88.37139129638672,10825000,0.0,19.90999984741211,2.35,2.72,3.22,0.004664139166634259,0.24352572412205684,0.0,0.0,0.0235,0.027200000000000002,0.0322,-0.002504971911518883,-0.6450964511400947,0.023399999999999997,0.02321,0.00018999999999999573,0.5660805627148701,0
2018-11-07,110.37000274658203,111.7300033569336,109.3499984741211,111.4800033569336,89.88728332519531,12679600,0.0,16.360000610351562,2.37,2.74,3.22,0.017008188518869212,0.2519080072610767,0.0,0.0,0.023700000000000002,0.0274,0.0322,-0.17830232366988052,-0.6751480411274144,0.023459999999999998,0.02326,0.0001999999999999988,0.6310371633502465,0
2018-11-08,111.01000213623047,112.93000030517578,111.0,112.37999725341797,90.61294555664062,11662500,0.0,16.719999313354492,2.35,2.74,3.24,0.008040611865467085,0.23555371877789852,0.0,0.0,0.0235,0.0274,0.032400000000000005,0.02200480987605502,-0.616154852334389,0.02352,0.0233,0.00021999999999999797,0.6467508421864523,0
2018-11-09,112.2300033569336,112.36000061035156,110.83000183105469,111.29000091552734,89.73406982421875,10432200,0.0,17.360000610351562,2.36,2.73,3.19,-0.009746573160695283,0.21110090180111854,0.0,0.0,0.0236,0.0273,0.0319,0.03827759110527551,-0.5985163170921604,0.023579999999999997,0.023339999999999996,0.00024000000000000063,0.6499189119284022,0
2018-11-12,111.41999816894531,111.94000244140625,108.5999984741211,108.94999694824219,87.84729766845703,13279700,0.0,20.450000762939453,2.36,2.73,3.19,-0.021250463205603694,0.22142343908991718,0.0,0.0,0.0236,0.0273,0.0319,0.177995394236643,-0.763227664546154,0.02358,0.023365,0.0002149999999999999,0.5996804640365323,0
2018-11-13,109.0999984741211,111.12000274658203,109.0999984741211,109.58999633789062,88.36334228515625,13746100,0.0,20.020000457763672,2.38,2.72,3.14,0.005857150193980844,0.22070467192558693,0.0,0.0,0.023799999999999998,0.027200000000000002,0.031400000000000004,-0.021026909004084215,-0.7692836479308635,0.02364,0.023405,0.00023500000000000257,0.6127113451033597,0
2018-11-14,110.2300033569336,110.70999908447266,105.9800033569336,107.33000183105469,86.54109191894531,18361400,0.0,21.25,2.38,2.71,3.12,-0.020837851385025134,0.2212901635442125,0.0,0.0,0.023799999999999998,0.0271,0.031200000000000002,0.061438537168431395,-0.730991027076251,0.02366,0.02344,0.00022000000000000144,0.5701177936930601,0
2018-11-15,108.23999786376953,110.08000183105469,106.80999755859375,110.06999969482422,88.75037384033203,19100000,0.0,19.979999542236328,2.37,2.7,3.11,0.02520828840922275,0.23561101222952427,0.0,0.0,0.023700000000000002,0.027000000000000003,0.0311,-0.059764727424172825,-0.7341107232385954,0.0237,0.023465,0.0002349999999999991,0.5966623866512193,0
2018-11-16,109.44999694824219,110.76000213623047,108.55000305175781,109.98999786376953,88.68585968017578,13798600,0.0,18.139999389648438,2.36,2.68,3.08,-0.0007271813847613126,0.22831260546945736,0.0,0.0,0.0236,0.0268,0.0308,-0.09209210183905447,-0.6869477391795294,0.0237,0.02349,0.00020999999999999838,0.6320076710748944,0
2018-11-19,109.95999908447266,111.19999694824219,109.52999877929688,110.83000183105469,89.36316680908203,13987000,0.0,20.100000381469727,2.38,2.66,3.06,0.007608133662339661,0.22929330395645522,0.0,0.0,0.023799999999999998,0.026600000000000002,0.030600000000000002,0.10804856988803202,-0.6348825925708872,0.023739999999999997,0.02351,0.00022999999999999757,0.6095424624489125,0
2018-11-20,109.77999877929688,110.48999786376953,107.9800033569336,108.44999694824219,87.44413757324219,18936200,0.0,22.479999542236328,2.39,2.67,3.06,-0.02170843116223595,0.23680451267117467,0.0,0.0,0.0239,0.026699999999999998,0.030600000000000002,0.1184079161988838,-0.694890451341715,0.02376,0.02354,0.00022000000000000144,0.5712495773976136,0
2018-11-21,109.02999877929688,109.61000061035156,107.63999938964844,107.63999938964844,86.791015625,10619600,0.0,20.799999237060547,2.41,2.67,3.06,-0.0074970520627270975,0.23520724986916158,0.0,0.0,0.0241,0.026699999999999998,0.030600000000000002,-0.07473311118264614,-0.6469986626304296,0.02382,0.023575,0.00024500000000000216,0.5970198177219872,0
2018-11-23,106.73999786376953,107.38999938964844,106.05999755859375,106.6500015258789,85.9927978515625,6488400,0.0,21.520000457763672,2.41,2.67,3.05,-0.009239562850141096,0.2272298853407511,0.0,0.0,0.0241,0.026699999999999998,0.0305,0.03461544457272181,-0.6053470886270134,0.023899999999999998,0.02361,0.0002899999999999986,0.5924286879919027,0
2018-11-26,107.72000122070312,109.9800033569336,107.44999694824219,109.26000213623047,88.09725952148438,13948300,0.0,18.899999618530273,2.41,2.7,3.07,0.024177879170687283,0.2360777604086506,0.0,0.0,0.0241,0.027000000000000003,0.030699999999999998,-0.12174724830399308,-0.6418108083451229,0.024,0.02365,0.0003499999999999996,0.6352506882380711,0
2018-11-27,108.76000213623047,110.02999877929688,108.62999725341797,109.72000122070312,88.4681625366211,9238200,0.0,19.020000457763672,2.41,2.7,3.06,0.004201315935842204,0.22904492450461916,0.0,0.0,0.0241,0.027000000000000003,0.030600000000000002,0.006349250881240609,-0.6564802601847876,0.02406,0.023684999999999998,0.0003750000000000038,0.6442688606061046,0
2018-11-28,109.80000305175781,111.4000015258789,108.87000274658203,110.94000244140625,89.45185852050781,13977300,0.0,18.489999771118164,2.4,2.69,3.06,0.011057844997437017,0.2276217316432552,0.0,0.0,0.024,0.0269,0.030600000000000002,-0.027865440267598407,-0.6823250908890481,0.02408,0.023719999999999998,0.0003600000000000027,0.6502445109064867,0
2018-11-29,110.2699966430664,110.80000305175781,109.63999938964844,110.05999755859375,88.7423095703125,11144300,0.0,18.790000915527344,2.37,2.69,3.03,-0.007963815066437962,0.22381261396378038,0.0,0.0,0.023700000000000002,0.0269,0.030299999999999997,0.01622504857343432,-0.6783110675125038,0.024,0.023735,0.00026500000000000135,0.6308096700196453,0
2018-11-30,109.8499984741211,111.31999969482422,109.58000183105469,111.19000244140625,89.65345001220703,18652700,0.0,18.06999969482422,2.37,2.7,3.01,0.010214910564164435,0.21429102963670735,0.0,0.0,0.023700000000000002,0.027000000000000003,0.0301,-0.03831831748917813,-0.660361135579912,0.023920000000000004,0.02376,0.0001600000000000039,0.6343668736008521,0
2018-12-03,112.37999725341797,112.88999938964844,111.73999786376953,112.23999786376953,90.50005340576172,16034500,0.0,16.440000534057617,2.38,2.72,2.98,0.00939875838836852,0.2162031518578553,0.0,0.0,0.023799999999999998,0.027200000000000002,0.0298,-0.09020471434946853,-0.6907853657963249,0.02386,0.023784999999999997,7.500000000000215e-05,0.663453799218348,0
2018-12-04,111.5999984741211,111.5999984741211,106.7300033569336,107.2300033569336,86.46044921875,23555900,0.0,20.739999771118164,2.42,2.71,2.91,-0.04566336591565739,0.2703434259828523,0.0,0.0,0.0242,0.0271,0.0291,0.26155712271131226,-0.7980263196368637,0.023880000000000002,0.023815,6.500000000000256e-05,0.5781614804031139,0
2018-12-06,105.01000213623047,105.36000061035156,102.87999725341797,105.19000244140625,84.81560516357422,27213900,0.0,21.190000534057617,2.41,2.7,2.87,-0.01920752588593306,0.27653212328354543,0.0,0.0,0.0241,0.027000000000000003,0.0287,0.021697240496892922,-0.790725816197615,0.0239,0.023844999999999998,5.500000000000296e-05,0.5564165640727496,0
2018-12-07,105.16000366210938,106.9800033569336,102.91000366210938,103.29000091552734,83.28360748291016,19248600,0.0,23.229999542236328,2.4,2.68,2.85,-0.01822780813635955,0.28119002226730944,0.0,0.0,0.024,0.0268,0.0285,0.09627177710070955,-0.7994475400111278,0.02396,0.02386,9.99999999999994e-05,0.5136621304674044,0
2018-12-10,102.87000274658203,103.48999786376953,99.27999877929688,101.36000061035156,81.7274398803711,23636400,0.0,22.639999389648438,2.41,2.69,2.85,-0.018861933960693383,0.27673323837164704,0.0,0.0,0.0241,0.0269,0.0285,-0.025398199062172333,-0.7494610566325415,0.02404,0.02389,0.00014999999999999736,0.5007352272597367,0
2018-12-11,103.12999725341797,103.66000366210938,100.20999908447266,100.37000274658203,80.92919921875,16860700,0.0,21.760000228881836,2.41,2.7,2.89,-0.009815118206600507,0.27340463937830367,0.0,0.0,0.0241,0.027000000000000003,0.028900000000000002,-0.03886922192979203,-0.7448907460781039,0.0241,0.023915,0.00018500000000000114,0.5026719486465706,0
2018-12-12,101.66000366210938,102.9000015258789,100.05999755859375,101.0199966430664,81.45325469970703,22621500,0.0,21.459999084472656,2.43,2.7,2.91,0.006454605011068331,0.2758947621641656,0.0,0.0,0.024300000000000002,0.027000000000000003,0.0291,-0.013786817153199848,-0.744319212862144,0.02412,0.023950000000000003,0.00016999999999999654,0.5165990952841759,0
2018-12-13,101.55000305175781,101.97000122070312,100.66999816894531,101.12000274658203,81.5339126586914,17250900,0.0,20.649999618530273,2.43,2.69,2.91,0.0009897462097905008,0.26968044079642695,0.0,0.0,0.024300000000000002,0.0269,0.0291,-0.03774461791699035,-0.7345250923612684,0.02416,0.023975000000000003,0.00018499999999999767,0.541402951574766,0
2018-12-14,99.98999786376953,101.94000244140625,99.86000061035156,100.29000091552734,80.86466979980469,19879500,0.0,21.6299991607666,2.42,2.68,2.89,-0.008242025728036804,0.26789942762194047,0.0,0.0,0.0242,0.0268,0.028900000000000002,0.04745760582760128,-0.7343667117184293,0.0242,0.023995,0.00020500000000000032,0.51901759007649,0
2018-12-17,99.7699966430664,100.55999755859375,98.44000244140625,99.01000213623047,79.8326187133789,25113500,0.0,24.520000457763672,2.4,2.66,2.86,-0.012844837467578654,0.2630401235803129,0.0,0.0,0.024,0.026600000000000002,0.0286,0.13361079099064765,-0.7262856828066012,0.02418,0.024009999999999997,0.00017000000000000348,0.48251024233752016,0
2018-12-18,99.41999816894531,100.88999938964844,98.12000274658203,98.54000091552734,79.45364379882812,20837200,0.0,25.579999923706055,2.39,2.64,2.82,-0.004758422021513561,0.24089067536498915,0.0,0.0,0.0239,0.0264,0.0282,0.043229993725663274,-0.7251670281907193,0.02414,0.024025,0.00011500000000000052,0.44953763508178446,0
2018-12-19,98.41000366210938,100.58000183105469,96.5999984741211,97.29000091552734,78.44575500488281,28767900,0.0,25.579999923706055,2.4,2.62,2.77,-0.012766387844529214,0.2416394494247929,0.0,0.0,0.024,0.0262,0.0277,0.0,-0.7253909880693225,0.02408,0.024035,4.49999999999999e-05,0.44237144076049406,0
2018-12-20,96.61000061035156,98.27999877929688,95.69000244140625,96.44999694824219,77.76844787597656,31825200,0.0,28.3799991607666,2.39,2.64,2.79,-0.008671572246975071,0.23675272830519137,0.0,0.0,0.0239,0.0264,0.0279,0.10946048652899609,-0.7947099180043704,0.024,0.024035,-3.500000000000031e-05,0.3927011464769994,0
2018-12-21,96.68000030517578,98.43000030517578,93.69000244140625,94.16999816894531,75.93006896972656,32103200,0.0,30.110000610351562,2.39,2.62,2.79,-0.023923023073847464,0.23864803307554294,0.0,0.0,0.0239,0.0262,0.0279,0.06095847430385293,-0.7801725754125715,0.02394,0.024024999999999998,-8.499999999999827e-05,0.3666809852398032,0
2018-12-24,92.88999938964844,94.22000122070312,92.13999938964844,92.13999938964844,74.29324340820312,17009300,0.0,36.06999969482422,2.45,2.61,2.74,-0.021792760601555838,0.24430323260429224,0.0,0.0,0.0245,0.026099999999999998,0.0274,0.19794084900893893,-0.8061918320072727,0.024040000000000002,0.024045,-4.9999999999980616e-06,0.27307135367632474,0
2018-12-26,92.69000244140625,95.95999908447266,91.11000061035156,95.95999908447266,77.37335205078125,22542900,0.0,30.40999984741211,2.44,2.61,2.81,0.040622421608908145,0.29531711827334517,0.0,0.0,0.024399999999999998,0.026099999999999998,0.0281,-0.15691710272524007,-0.8382365393537634,0.02414,0.024059999999999998,8.000000000000368e-05,0.3835678266054525,0
2018-12-27,94.81999969482422,97.1500015258789,93.55000305175781,97.04000091552734,78.24417877197266,20304700,0.0,29.959999084472656,2.41,2.58,2.77,0.011192001397437108,0.28227261354520744,0.0,0.0,0.0241,0.0258,0.0277,-0.014797789056146593,-0.8152603065983862,0.024159999999999997,0.02406,9.999999999999593e-05,0.38226350614064775,0
2018-12-28,97.94999694824219,98.31999969482422,96.44000244140625,96.83000183105469,78.07484436035156,17963300,0.0,28.34000015258789,2.4,2.57,2.72,-0.0021665242587050417,0.28032822405738494,0.0,0.0,0.024,0.025699999999999997,0.027200000000000002,-0.05407206212914606,-0.8108160175562467,0.02418,0.02406,0.00011999999999999858,0.40160439787341395,0
2018-12-31,97.58999633789062,98.80999755859375,96.7699966430664,97.62000274658203,78.71186065673828,13237200,0.0,25.420000076293945,2.45,2.63,2.69,0.008125941565578231,0.27826313352539256,0.0,0.0,0.0245,0.0263,0.0269,-0.10303458223613671,-0.8157801912764396,0.0243,0.0241,0.0001999999999999988,0.441552651133866,0
2019-01-02,95.94999694824219,99.77999877929688,95.94000244140625,99.30999755859375,80.0744857788086,15670900,0.0,23.219999313354492,2.42,2.6,2.66,0.017163422460678233,0.2895183953188486,0.0,0.0,0.0242,0.026000000000000002,0.026600000000000002,-0.08654605650419012,-0.8267170993898217,0.02424,0.024125,0.00011500000000000052,0.487922211349469,0
2019-01-03,98.63999938964844,98.88999938964844,96.69000244140625,97.11000061035156,78.93648529052734,16286400,0.0,25.450000762939453,2.41,2.5,2.56,-0.014313728295484239,0.2858346434801466,0.0,0.0,0.0241,0.025,0.0256,0.09603796363173966,-0.8263570517261037,0.02418,0.02414,3.999999999999837e-05,0.4414805928740333,0
2019-01-04,99.11000061035156,100.93000030517578,98.27999877929688,100.69000244140625,81.84650421142578,16935200,0.0,21.3799991607666,2.42,2.57,2.67,0.03620204777497777,0.3174358140375289,0.0,0.0,0.0242,0.025699999999999997,0.026699999999999998,-0.15992147269793522,-0.8466196685641278,0.0242,0.02414,5.9999999999997555e-05,0.515548746259085,0
2019-01-07,100.43000030517578,101.47000122070312,99.70999908447266,100.76000213623047,81.90342712402344,15430700,0.0,21.399999618530273,2.45,2.58,2.7,0.0006952420001191642,0.28071414326163296,0.0,0.0,0.0245,0.0258,0.027000000000000003,0.0009354751425985075,-0.798942377377735,0.0243,0.02416,0.00013999999999999777,0.542857577739116,0
2019-01-08,101.62999725341797,101.81999969482422,99.55000305175781,100.56999969482422,81.74897766113281,13578800,0.0,20.469999313354492,2.46,2.6,2.73,-0.0018875311847582328,0.27412077796588763,0.0,0.0,0.0246,0.026000000000000002,0.0273,-0.043457958960452236,-0.8045468320583706,0.02432,0.02419,0.00013000000000000164,0.5664461755227077,0
2019-01-09,100.80999755859375,101.48999786376953,99.93000030517578,100.4000015258789,81.61077117919922,14230300,0.0,19.979999542236328,2.45,2.59,2.74,-0.0016920510209997926,0.26750433372311777,0.0,0.0,0.0245,0.0259,0.0274,-0.0239374590891408,-0.7925541574501872,0.024380000000000002,0.02421,0.00017000000000000348,0.5832853855303881,0
2019-01-10,100.0199966430664,100.7300033569336,99.2699966430664,100.38999938964844,81.6026611328125,14376100,0.0,19.5,2.43,2.59,2.74,-9.937964392403243e-05,0.25946402530645696,0.0,0.0,0.024300000000000002,0.0259,0.0274,-0.024024001663345507,-0.831305540062067,0.02442,0.024220000000000002,0.0001999999999999988,0.6013072810658943,0
2019-01-11,99.88999938964844,100.16999816894531,98.94999694824219,99.91000366210938,81.2125015258789,15439900,0.0,18.190000534057617,2.43,2.58,2.71,-0.004792678364656986,0.257664962326312,0.0,0.0,0.024300000000000002,0.0258,0.0271,-0.06717945979191708,-0.8313830647064047,0.02444,0.02422,0.00022000000000000144,0.6230017514271717,0
2019-01-14,98.87000274658203,101.36000061035156,98.66000366210938,100.94000244140625,82.04973602294922,21258500,0.0,19.06999969482422,2.45,2.57,2.71,0.01025640526497922,0.2591662021423587,0.0,0.0,0.0245,0.025699999999999997,0.0271,0.048378182239134926,-0.8009737737173048,0.02444,0.02423,0.00020999999999999838,0.6126995956247683,0
2019-01-15,98.88999938964844,102.47000122070312,98.5999984741211,101.68000030517578,82.6512451171875,26504900,0.0,18.600000381469727,2.45,2.57,2.72,0.007304288831957696,0.26028409312429285,0.0,0.0,0.0245,0.025699999999999997,0.027200000000000002,-0.024646005289767015,-0.8040839405262767,0.02442,0.024245,0.00017500000000000154,0.6231691713928553,0
2019-01-16,102.25,103.44999694824219,101.80000305175781,102.5,83.31778717041016,18533000,0.0,19.040000915527344,2.43,2.57,2.73,0.008032168743399197,0.25938400214800217,0.0,0.0,0.024300000000000002,0.025699999999999997,0.0273,0.023655942206107117,-0.7899721407583916,0.024380000000000002,0.024259999999999997,0.00012000000000000552,0.6265736122224504,0
2019-01-17,102.11000061035156,103.5,101.91999816894531,102.91999816894531,83.65918731689453,14247600,0.0,18.059999465942383,2.42,2.57,2.75,0.004089194013241638,0.25422929313072096,0.0,0.0,0.0242,0.025699999999999997,0.0275,-0.051470661894021164,-0.781643509593322,0.02436,0.024274999999999998,8.500000000000174e-05,0.6506464149780399,0
2019-01-18,103.7699966430664,104.9000015258789,102.83000183105469,104.58999633789062,85.01665496826172,16428700,0.0,17.799999237060547,2.41,2.6,2.79,0.01609592625055683,0.2572528532802148,0.0,0.0,0.0241,0.026000000000000002,0.0279,-0.01439646935605643,-0.7665686653555953,0.02432,0.02428,4.000000000000184e-05,0.6667721497356798,0
2019-01-22,103.08000183105469,103.58999633789062,102.12999725341797,102.94000244140625,83.67545318603516,17083700,0.0,20.799999237060547,2.43,2.59,2.74,-0.01590151499006754,0.2599234264322655,0.0,0.0,0.024300000000000002,0.0259,0.0274,0.1685393330665903,-0.7927225800552501,0.02428,0.0243,-1.9999999999999185e-05,0.6220702840102215,0
2019-01-23,103.44000244140625,103.69999694824219,101.97000122070312,102.68000030517578,83.46410369873047,12146700,0.0,19.520000457763672,2.41,2.59,2.76,-0.0025290195079146257,0.25728379336397866,0.0,0.0,0.0241,0.0259,0.0276,-0.06153840510802655,-0.7700915950053993,0.0242,0.024310000000000002,-0.00011000000000000246,0.6440031212483622,0
2019-01-24,102.12999725341797,103.08999633789062,101.94000244140625,102.73999786376953,83.51288604736328,11296800,0.0,18.889999389648438,2.37,2.58,2.72,0.0005843002690954383,0.23780060890482352,0.0,0.0,0.023700000000000002,0.0258,0.027200000000000002,-0.03227464412607961,-0.7657010520381241,0.02408,0.02427,-0.0001899999999999992,0.6675863298747149,0
2019-01-25,103.51000213623047,104.30999755859375,102.73999786376953,103.38999938964844,84.04124450683594,14369400,0.0,17.420000076293945,2.39,2.6,2.76,0.006306740502439037,0.21767592725139667,0.0,0.0,0.0239,0.026000000000000002,0.0276,-0.0778189179910741,-0.7059035816442975,0.024020000000000003,0.024245000000000003,-0.0002249999999999995,0.7053017157060388,0
2019-01-28,102.88999938964844,104.23999786376953,102.58999633789062,103.87999725341797,84.43954467773438,12283100,0.0,18.8700008392334,2.42,2.6,2.75,0.00472814633452429,0.17722739978413535,0.0,0.0,0.0242,0.026000000000000002,0.0275,0.08323770129672337,-0.6052072102087078,0.02404,0.02425,-0.00021000000000000185,0.6632321341041504,0
2019-01-29,103.87999725341797,105.11000061035156,103.7300033569336,104.16999816894531,84.6752700805664,9743300,0.0,19.1299991607666,2.42,2.6,2.72,0.002787757605179566,0.17540860223812502,0.0,0.0,0.0242,0.026000000000000002,0.027200000000000002,0.013778394804977001,-0.6128161072928117,0.024020000000000003,0.02426,-0.00023999999999999716,0.6545172030568059,0
2019-01-30,104.13999938964844,105.23999786376953,103.77999877929688,104.41000366210938,84.8703384399414,12526300,0.0,17.65999984741211,2.42,2.57,2.7,0.0023010734061486597,0.1741846892592012,0.0,0.0,0.0242,0.025699999999999997,0.027000000000000003,-0.07684262299233602,-0.6186002087047953,0.02404,0.024245,-0.00020500000000000032,0.678165979698165,0
2019-01-31,103.41000366210938,103.80000305175781,102.7300033569336,103.5,84.13065338134766,17520600,0.0,16.56999969482422,2.41,2.55,2.63,-0.00875367385628758,0.178866773493433,0.0,0.0,0.0241,0.0255,0.0263,-0.06172141347711391,-0.5613850558425235,0.02412,0.02424,-0.00012000000000000205,0.6836822361749628,0
2019-02-01,104.0,104.8499984741211,103.5199966430664,103.87999725341797,84.43954467773438,13000800,0.0,16.139999389648438,2.4,2.56,2.7,0.003664842844959368,0.17152235025009718,0.0,0.0,0.024,0.0256,0.027000000000000003,-0.02595053187056462,-0.5342726986025406,0.02414,0.024235,-9.499999999999786e-05,0.6817871580483765,0
2019-02-04,103.79000091552734,104.25,103.01000213623047,104.25,84.74027252197266,9871500,0.0,15.729999542236328,2.42,2.57,2.73,0.0035551304636253604,0.16021211683789358,0.0,0.0,0.0242,0.025699999999999997,0.0273,-0.025402717652831308,-0.4661070466911978,0.02414,0.024235,-9.499999999999786e-05,0.6982775961988761,0
2019-02-05,104.5199966430664,104.55000305175781,103.29000091552734,103.79000091552734,84.36637115478516,12763000,0.0,15.569999694824219,2.42,2.56,2.71,-0.004422085003358267,0.10894641702959547,0.0,0.0,0.0242,0.0256,0.0271,-0.010171637130852895,-0.18285330542673464,0.02414,0.02422,-7.999999999999674e-05,0.6763811342639303,0
2019-02-06,103.70999908447266,104.62000274658203,103.47000122070312,103.73999786376953,84.32573699951172,8745000,0.0,15.380000114440918,2.42,2.56,2.7,-0.0004817552700469387,0.109124484200376,0.0,0.0,0.0242,0.0256,0.027000000000000003,-0.012202927688332643,-0.18188653290399415,0.02414,0.0242,-5.9999999999997555e-05,0.6783934635048264,0
2019-02-07,103.25,103.5,101.44000244140625,102.37999725341797,83.22025299072266,13177500,0.0,16.3700008392334,2.42,2.55,2.65,-0.013196377324522885,0.11990112697712525,0.0,0.0,0.0242,0.0255,0.0265,0.06436935743992156,-0.2902758905811758,0.024159999999999997,0.024185,-2.5000000000004186e-05,0.6575262099772938,0
2019-02-08,102.08000183105469,102.33999633789062,100.05999755859375,101.36000061035156,82.39115142822266,12892600,0.0,15.720000267028809,2.43,2.54,2.63,-0.010012698003917981,0.12545904057677548,0.0,0.0,0.024300000000000002,0.0254,0.0263,-0.03970681361522943,-0.24568563854112754,0.02422,0.024184999999999998,3.500000000000031e-05,0.6618545244528853,0
2019-02-11,101.76000213623047,102.01000213623047,100.7699966430664,100.87999725341797,82.00096130371094,10978500,0.0,15.970000267028809,2.45,2.55,2.65,-0.004747075157835949,0.12674344427171447,0.0,0.0,0.0245,0.0255,0.0265,0.015903307617898044,-0.2562488449936807,0.024280000000000003,0.024195,8.500000000000174e-05,0.6555183958100195,0
2019-02-12,101.94999694824219,102.91999816894531,101.88999938964844,102.5999984741211,83.39908599853516,12852300,0.0,15.430000305175781,2.43,2.55,2.68,0.01690637964294632,0.13771924279597186,0.0,0.0,0.024300000000000002,0.0255,0.0268,-0.03381339717118825,-0.3151611848174032,0.024300000000000002,0.024185,0.00011500000000000052,0.6761449305729452,0
2019-02-13,102.9000015258789,103.8499984741211,102.9000015258789,103.08999633789062,83.79737091064453,10754100,0.0,15.649999618530273,2.44,2.55,2.71,0.004764283560082353,0.1344773131832256,0.0,0.0,0.024399999999999998,0.0255,0.0271,0.014257894297040163,-0.37233596513037326,0.02434,0.02418,0.00016000000000000042,0.6697345342830565,0
2019-02-14,102.47000122070312,103.0999984741211,101.3499984741211,102.41999816894531,83.25276184082031,11518500,0.0,16.219999313354492,2.43,2.53,2.66,-0.0065203300391772434,0.13484272144161805,0.0,0.0,0.024300000000000002,0.0253,0.026600000000000002,0.036421706627348005,-0.3859642295065779,0.02436,0.02418,0.0001799999999999996,0.6533668122994305,0
2019-02-15,103.9000015258789,105.69999694824219,103.66000366210938,105.55000305175781,85.79701232910156,14716900,0.0,14.90999984741211,2.43,2.55,2.66,0.03010288097312199,0.16823569831286755,0.0,0.0,0.024300000000000002,0.0255,0.026600000000000002,-0.08076445877921923,-0.4839414501088721,0.02436,0.024185,0.00017499999999999807,0.6852090638439099,0
2019-02-19,104.91000366210938,105.37000274658203,103.80999755859375,105.18000030517578,85.4962387084961,12764900,0.0,14.880000114440918,2.45,2.54,2.65,-0.0035118012869423624,0.16876237601272867,0.0,0.0,0.0245,0.0254,0.0265,-0.002012054545821984,-0.4812219435114328,0.02436,0.024205,0.0001549999999999989,0.6811130152528746,0
2019-02-20,105.20999908447266,105.80000305175781,104.87999725341797,105.69000244140625,85.91081237792969,10030300,0.0,14.020000457763672,2.45,2.54,2.65,0.004837309494669481,0.16040132994392284,0.0,0.0,0.0245,0.0254,0.0265,-0.05779567540746344,-0.5071066598895245,0.024399999999999998,0.024215,0.00018499999999999767,0.6866910254275642,0
2019-02-21,105.44999694824219,105.98999786376953,104.95999908447266,105.47000122070312,85.73197937011719,8400100,0.0,14.460000038146973,2.45,2.55,2.69,-0.002083781913602719,0.14936279628948235,0.0,0.0,0.0245,0.0255,0.0269,0.03138370656326539,-0.3812659097179383,0.024420000000000004,0.024235,0.0001850000000000046,0.6886333004724992,0
2019-02-22,105.69999694824219,106.08999633789062,104.77999877929688,105.0,85.34992218017578,10647300,0.0,13.510000228881836,2.46,2.55,2.65,-0.004466373375572081,0.15011396463357765,0.0,0.0,0.0246,0.0255,0.0265,-0.0656984651977136,-0.3650920780130603,0.024480000000000002,0.024280000000000003,0.0001999999999999988,0.7010447551511803,0
2019-02-25,105.75,107.2699966430664,105.69000244140625,106.0999984741211,86.24409484863281,11230700,0.0,14.850000381469727,2.47,2.56,2.67,0.01042205057745086,0.15354695836189503,0.0,0.0,0.024700000000000003,0.0256,0.026699999999999998,0.0991857979190276,-0.21656722575944876,0.024560000000000002,0.02432,0.00024000000000000063,0.6877672690793746,0
2019-02-26,104.5,105.47000122070312,103.94000244140625,105.29000091552734,85.58565521240234,15465400,0.0,15.170000076293945,2.45,2.55,2.64,-0.007663898234147931,0.15568546078490303,0.0,0.0,0.0245,0.0255,0.0264,0.021548800444713967,-0.21189717588696685,0.024560000000000002,0.024335000000000002,0.0002249999999999995,0.6748822737270883,0
2019-02-27,105.18000030517578,105.37999725341797,104.51000213623047,105.16000366210938,85.4800033569336,9968800,0.0,14.699999809265137,2.45,2.54,2.69,-0.0012352200878388184,0.15519176598558854,0.0,0.0,0.0245,0.0254,0.0269,-0.030982219160517688,-0.2655175616062847,0.024560000000000002,0.02435,0.00021000000000000185,0.6780435839191107,0
2019-02-28,105.01000213623047,105.20999908447266,104.18000030517578,104.36000061035156,84.82970428466797,15156900,0.0,14.779999732971191,2.45,2.54,2.73,-0.007636701884804313,0.15750993676452024,0.0,0.0,0.0245,0.0254,0.0273,0.005442171751297131,-0.2832652534723734,0.024560000000000002,0.024365,0.00019500000000000073,0.6706962637680407,0
2019-03-01,105.0999984741211,105.91000366210938,104.19999694824219,104.43000030517578,84.88663482666016,13813300,0.0,13.569999694824219,2.44,2.55,2.76,0.0006708905509701848,0.15732229728102887,0.0,0.0,0.024399999999999998,0.0255,0.0276,-0.08186739242272834,-0.2703120055790675,0.02452,0.02438,0.00014000000000000123,0.6870029905498432,0
2019-03-04,104.91999816894531,105.91999816894531,103.2699966430664,104.19000244140625,84.69152069091797,12466300,0.0,14.630000114440918,2.46,2.54,2.72,-0.0023011716485195613,0.15435369088843182,0.0,0.0,0.0246,0.0254,0.027200000000000002,0.0781135183091417,-0.3341526923533479,0.0245,0.02441,8.99999999999998e-05,0.6757084724380136,0
2019-03-05,104.12999725341797,104.55000305175781,103.26000213623047,104.11000061035156,84.62650299072266,10856600,0.0,14.739999771118164,2.46,2.54,2.72,-0.0007679950660571704,0.15390522021578096,0.0,0.0,0.0246,0.0254,0.027200000000000002,0.007518773466629547,-0.3295671261549463,0.02452,0.02443,8.99999999999998e-05,0.6714992403296358,0
2019-03-06,103.86000061035156,104.56999969482422,103.55000305175781,103.72000122070312,84.30945587158203,9070800,0.0,15.739999771118164,2.47,2.54,2.69,-0.003753463661637703,0.15392345046772204,0.0,0.0,0.024700000000000003,0.0254,0.0269,0.0678426062094939,-0.33290694935875725,0.024560000000000002,0.024455,0.00010500000000000093,0.652870313811973,0
2019-03-07,103.25,103.47000122070312,102.16000366210938,102.97000122070312,83.69982147216797,12705700,0.0,16.59000015258789,2.45,2.52,2.64,-0.0072571834683191165,0.15520140206878613,0.0,0.0,0.0245,0.0252,0.0264,0.05400256631702249,-0.3625563128035746,0.02456,0.024470000000000002,8.999999999999633e-05,0.6390459628141119,0
2019-03-08,101.98999786376953,103.2300033569336,101.98999786376953,103.01000213623047,83.73234558105469,10582400,0.0,16.049999237060547,2.46,2.53,2.62,0.0003885049076079831,0.1552233287678787,0.0,0.0,0.0246,0.0253,0.0262,-0.03254978363837502,-0.3618610266378624,0.024600000000000004,0.02449,0.00011000000000000246,0.6472744172477481,0
2019-03-11,103.9800033569336,104.55000305175781,103.66000366210938,104.3499984741211,84.82157135009766,9763200,0.0,14.329999923706055,2.46,2.53,2.64,0.012924540125728735,0.15432687487581623,0.0,0.0,0.0246,0.0253,0.0264,-0.10716507134672604,-0.3857402708684947,0.024600000000000004,0.024505000000000002,9.500000000000133e-05,0.687381717931667,0
2019-03-12,104.58999633789062,104.79000091552734,103.75,104.04000091552734,84.569580078125,10219100,0.0,13.770000457763672,2.46,2.52,2.61,-0.002975261171994962,0.1499148140867647,0.0,0.0,0.0246,0.0252,0.026099999999999998,-0.03907881848735939,-0.42058806629310647,0.0246,0.02451,8.99999999999998e-05,0.6995666616094156,0
2019-03-13,104.19000244140625,104.9800033569336,103.94999694824219,104.38999938964844,84.85408782958984,13022200,0.0,13.40999984741211,2.45,2.53,2.61,0.0033585392455553627,0.14845667409786517,0.0,0.0,0.0245,0.0253,0.026099999999999998,-0.026143834305291547,-0.4158919218312767,0.024560000000000002,0.024520000000000004,3.999999999999837e-05,0.7095317270363762,0
2019-03-14,104.5,105.87000274658203,104.45999908447266,105.33999633789062,85.62630462646484,10926500,0.0,13.5,2.45,2.52,2.63,0.009059365328729616,0.14056032814575714,0.0,0.0,0.0245,0.0252,0.0263,0.006711420851004624,-0.38814124596299876,0.02456,0.024524999999999998,3.500000000000031e-05,0.7035758114454879,0
2019-03-15,105.41000366210938,106.80000305175781,105.2300033569336,106.55000305175781,86.60986328125,24811700,0.0,12.880000114440918,2.45,2.52,2.59,0.011421170805763357,0.1444910688109026,0.0,0.0,0.0245,0.0252,0.0259,-0.04592591744882091,-0.4194399144809066,0.02454,0.024535,4.9999999999980616e-06,0.716390957876206,0
2019-03-18,106.55000305175781,107.79000091552734,106.5,107.19000244140625,87.13008117675781,12935500,0.0,13.100000381469727,2.44,2.52,2.6,0.005988484131250516,0.14214229380812185,0.0,0.0,0.024399999999999998,0.0252,0.026000000000000002,0.017080765921899888,-0.38319092343090255,0.0245,0.02454,-3.999999999999837e-05,0.7206953907521405,0
2019-03-19,108.19999694824219,108.4000015258789,106.55000305175781,106.80000305175781,86.8130874633789,12889300,0.0,13.5600004196167,2.46,2.5,2.61,-0.003644800388358312,0.10056854105925304,0.0,0.0,0.0246,0.025,0.026099999999999998,0.0351145057062483,-0.275443228714288,0.0245,0.024545,-4.49999999999999e-05,0.6940393411141768,0
2019-03-20,106.43000030517578,106.6500015258789,104.41000366210938,104.5199966430664,84.95979309082031,14920700,0.0,13.90999984741211,2.48,2.47,2.54,-0.021579265409465795,0.12603732914589336,0.0,0.0,0.0248,0.024700000000000003,0.0254,0.025811166442818223,-0.28903822977754673,0.02456,0.024560000000000002,-3.469446951953614e-18,0.6782874058492827,0
2019-03-21,103.48999786376953,103.48999786376953,102.27999877929688,102.87000274658203,83.6185302734375,19751000,0.0,13.630000114440918,2.49,2.48,2.54,-0.01591297260143565,0.13552160738257585,0.0,0.0,0.024900000000000002,0.0248,0.0254,-0.020129384330890843,-0.2081670538148086,0.024640000000000002,0.02458,6.0000000000001025e-05,0.6699340440500221,0
2019-03-22,101.81999969482422,102.31999969482422,99.5199966430664,99.76000213623047,81.0905532836914,31115200,0.0,16.479999542236328,2.46,2.45,2.44,-0.030698677502682997,0.16960485374183876,0.0,0.0,0.0246,0.0245,0.024399999999999998,0.20909753513324247,-0.52031298005462,0.024659999999999998,0.024579999999999998,8.000000000000021e-05,0.6122074435901379,0
2019-03-25,99.58999633789062,100.56999969482422,98.08999633789062,98.93000030517578,80.41588592529297,21032300,0.0,16.329999923706055,2.46,2.41,2.43,-0.008354729212008027,0.17066099230901796,0.0,0.0,0.0246,0.0241,0.024300000000000002,-0.009101918852961188,-0.5334846201440395,0.0247,0.024575,0.0001250000000000001,0.6120347265523576,0
2019-03-26,99.81999969482422,100.4000015258789,98.81999969482422,99.91999816894531,81.22061920166016,15987100,0.0,14.680000305175781,2.46,2.44,2.41,0.009957403184690971,0.17021318870118518,0.0,0.0,0.0246,0.024399999999999998,0.0241,-0.10104100589339193,-0.7026912301554968,0.0247,0.024579999999999998,0.00012000000000000205,0.6353177905147509,0
2019-03-27,99.87999725341797,100.44999694824219,99.08000183105469,99.58000183105469,80.94425201416016,12753200,0.0,15.149999618530273,2.44,2.4,2.39,-0.0034084750043647926,0.1693352776230756,0.0,0.0,0.024399999999999998,0.024,0.0239,0.032016301334052644,-0.699205166450341,0.02462,0.024575,4.49999999999999e-05,0.6311398610871106,0
2019-03-28,100.0,100.80000305175781,99.73999786376953,100.70999908447266,81.86277770996094,12454100,0.0,14.430000305175781,2.43,2.4,2.39,0.01128373195056421,0.17607687311127482,0.0,0.0,0.024300000000000002,0.024,0.0239,-0.04752470834876099,-0.7088089356508331,0.0245,0.024565,-6.499999999999909e-05,0.6488721809161133,0
2019-03-29,101.54000091552734,101.98999786376953,100.58999633789062,101.2300033569336,82.28544616699219,14523400,0.0,13.710000038146973,2.4,2.4,2.41,0.0051498503142953945,0.17654389994694247,0.0,0.0,0.024,0.024,0.0241,-0.049896067345927775,-0.7180681098055268,0.024380000000000002,0.024545,-0.00016499999999999848,0.6667638001721627,0
2019-04-01,102.1500015258789,104.68000030517578,102.12000274658203,104.63999938964844,85.05730438232422,17499300,0.0,13.399999618530273,2.43,2.41,2.49,0.03313094529613735,0.21341636273511844,0.0,0.0,0.024300000000000002,0.0241,0.024900000000000002,-0.022611263220579714,-0.6492164667745969,0.02432,0.024530000000000003,-0.00021000000000000185,0.6905116249117467,0
2019-04-02,104.5999984741211,105.44000244140625,104.33000183105469,105.13999938964844,85.46373748779297,10295400,0.0,13.359999656677246,2.42,2.41,2.48,0.004766964483188754,0.21382032794044895,0.0,0.0,0.0242,0.0241,0.0248,-0.0029850718650553665,-0.6597970367718459,0.02424,0.02451,-0.0002699999999999994,0.6952899911698508,0
2019-04-03,105.80999755859375,106.36000061035156,104.79000091552734,105.3499984741211,85.63443756103516,11499200,0.0,13.739999771118164,2.44,2.41,2.52,0.0019953471722190925,0.21383916089469818,0.0,0.0,0.024399999999999998,0.0241,0.0252,0.028443123069318066,-0.6534295885695218,0.02424,0.024495,-0.0002549999999999983,0.6915089784149646,0
2019-04-04,104.55000305175781,105.7300033569336,104.44999694824219,105.55999755859375,86.46170806884766,11952100,0.0,13.579999923706055,2.44,2.41,2.51,0.009614124440981833,0.21544643145683048,0.0,0.0,0.024399999999999998,0.0241,0.025099999999999997,-0.011644821694133722,-0.6530741962700136,0.02426,0.02449,-0.00023000000000000104,0.7017504455758257,0
2019-04-05,105.80000305175781,106.11000061035156,104.98999786376953,105.30999755859375,86.25695037841797,9933700,0.0,12.819999694824219,2.44,2.43,2.5,-0.002370997878204046,0.21368731611530856,0.0,0.0,0.024399999999999998,0.024300000000000002,0.025,-0.05596467107154646,-0.6233009814889474,0.024339999999999997,0.024480000000000002,-0.0001400000000000047,0.715510608030043,0
2019-04-08,105.11000061035156,105.6500015258789,104.91000366210938,105.6500015258789,86.53540802001953,8056300,0.0,13.180000305175781,2.43,2.43,2.52,0.0032230346901086847,0.21373832749713653,0.0,0.0,0.024300000000000002,0.024300000000000002,0.0252,0.02808117152271894,-0.6179187172242367,0.024339999999999997,0.024465,-0.00012500000000000358,0.7120575331899228,0
2019-04-09,105.08000183105469,105.19999694824219,104.25,104.87000274658203,85.89651489257812,9092200,0.0,14.279999732971191,2.42,2.42,2.51,-0.007410414966575771,0.211723050230203,0.0,0.0,0.0242,0.0242,0.025099999999999997,0.08345974220982688,-0.6072418842535998,0.024339999999999997,0.024445,-0.0001050000000000044,0.684246971265452,0
2019-04-10,105.12999725341797,105.72000122070312,104.47000122070312,105.33999633789062,86.28150177001953,10882300,0.0,13.300000190734863,2.43,2.41,2.48,0.0044719706557310255,0.21171035470605956,0.0,0.0,0.024300000000000002,0.0241,0.0248,-0.06862742020741086,-0.6190032098272402,0.02432,0.024435,-0.00011499999999999705,0.7026728422314117,0
2019-04-11,105.70999908447266,106.7300033569336,105.55999755859375,106.2300033569336,87.0104751586914,11183800,0.0,13.020000457763672,2.43,2.44,2.51,0.008413288387870031,0.21315283147611616,0.0,0.0,0.024300000000000002,0.024399999999999998,0.025099999999999997,-0.021052611199678495,-0.6213320404380898,0.0243,0.024425,-0.0001250000000000001,0.7096796180740677,0
2019-04-12,109.44000244140625,111.8499984741211,108.87999725341797,111.20999908447266,91.08950805664062,25834100,0.0,12.010000228881836,2.44,2.44,2.56,0.04581411258295612,0.26254367469591244,0.0,0.0,0.024399999999999998,0.024399999999999998,0.0256,-0.07757297952163933,-0.6421574856796267,0.024300000000000002,0.02442,-0.00011999999999999858,0.7459788056891267,0
2019-04-15,110.91999816894531,111.0,109.12000274658203,109.94000244140625,90.04926300048828,15163800,0.0,12.319999694824219,2.43,2.43,2.55,-0.01148574086057163,0.26520395062539315,0.0,0.0,0.024300000000000002,0.024300000000000002,0.0255,0.025811778520777207,-0.6394158949186572,0.024300000000000002,0.024415,-0.00011499999999999705,0.7279173892564321,0
2019-04-16,109.9000015258789,111.38999938964844,109.86000061035156,111.0999984741211,90.9994125366211,11583200,0.0,12.180000305175781,2.43,2.45,2.6,0.010496163602622538,0.26654561797091275,0.0,0.0,0.024300000000000002,0.0245,0.026000000000000002,-0.011363587103598194,-0.6443119741333505,0.02432,0.024399999999999998,-7.999999999999674e-05,0.7325995232860004,0
2019-04-17,111.69999694824219,114.66000366210938,111.01000213623047,114.30000305175781,93.62042999267578,17791900,0.0,12.600000381469727,2.44,2.44,2.59,0.028395577964333698,0.2806280498277057,0.0,0.0,0.024399999999999998,0.024399999999999998,0.0259,0.03448276402057804,-0.5622963211970061,0.02434,0.024380000000000002,-4.000000000000184e-05,0.7456741753718934,0
2019-04-18,114.52999877929688,114.94999694824219,113.33000183105469,113.45999908447266,92.93241119384766,12501900,0.0,12.09000015258789,2.42,2.44,2.57,-0.007376161241098983,0.26863092903947317,0.0,0.0,0.0242,0.024399999999999998,0.025699999999999997,-0.040476207415983234,-0.5334878578116495,0.02432,0.024345,-2.4999999999997247e-05,0.7614104794761996,0
2019-04-22,112.83000183105469,113.93000030517578,112.66000366210938,113.5999984741211,93.04708099365234,7975900,0.0,12.420000076293945,2.44,2.46,2.59,0.0012331447192048181,0.2587841665650549,0.0,0.0,0.024399999999999998,0.0246,0.0259,0.027295278704807746,-0.5723801656143284,0.02432,0.024335000000000002,-1.5000000000001124e-05,0.766904573732583,0
2019-04-23,113.0,114.37000274658203,112.8499984741211,113.73999786376953,93.16173553466797,9193100,0.0,12.279999732971191,2.45,2.43,2.57,0.0012314621578366292,0.22451851705096806,0.0,0.0,0.0245,0.024300000000000002,0.025699999999999997,-0.011272169280415079,-0.34599861709618857,0.02436,0.02433,2.9999999999998778e-05,0.7879096143489903,0
2019-04-24,113.26000213623047,114.1500015258789,112.80999755859375,113.55000305175781,93.0061264038086,9245700,0.0,13.140000343322754,2.44,2.42,2.53,-0.0016717081614191437,0.22005588328470546,0.0,0.0,0.024399999999999998,0.0242,0.0253,0.07003262451565884,-0.3761416297729509,0.02438,0.02432,5.9999999999997555e-05,0.7796080216849908,0
2019-04-25,113.01000213623047,114.1500015258789,112.5,113.61000061035156,93.05525970458984,9311800,0.0,13.25,2.43,2.42,2.54,0.0005281407706453905,0.22084224170877104,0.0,0.0,0.024300000000000002,0.0242,0.0254,0.008371358736922963,-0.39741544328725587,0.02436,0.024315,4.49999999999999e-05,0.7724247273724292,0
2019-04-26,113.94999694824219,114.58000183105469,113.5999984741211,114.47000122070312,93.75965881347656,7889300,0.0,12.729999542236328,2.42,2.41,2.51,0.007541179823329613,0.2179041677117406,0.0,0.0,0.0242,0.0241,0.025099999999999997,-0.039245317567069615,-0.37467707217368884,0.02436,0.02431,5.000000000000143e-05,0.7863672434850624,0
2019-04-29,114.5999984741211,117.16000366210938,114.44999694824219,116.12000274658203,95.11114501953125,14242200,0.0,13.109999656677246,2.44,2.42,2.54,0.014311468431904291,0.21890447976690944,0.0,0.0,0.024399999999999998,0.0242,0.0254,0.029850756331933237,-0.33931625615943073,0.02436,0.02433,2.9999999999998778e-05,0.7827436082558095,0
2019-04-30,116.43000030517578,116.72000122070312,115.26000213623047,116.05000305175781,95.05381774902344,11389100,0.0,13.119999885559082,2.43,2.39,2.51,-0.0006029214994161989,0.22046596531482185,0.0,0.0,0.024300000000000002,0.0239,0.025099999999999997,0.0007627939850283205,-0.3570450728457575,0.02432,0.024329999999999997,-9.999999999996123e-06,0.7791765503222536,0
2019-05-01,115.72000122070312,117.0,115.11000061035156,115.16000366210938,94.3248291015625,10412900,0.0,14.800000190734863,2.43,2.39,2.52,-0.0076987797753404075,0.20393352972207313,0.0,0.0,0.024300000000000002,0.0239,0.0252,0.12804880486507653,-0.4025941727345552,0.0243,0.024335,-3.500000000000031e-05,0.730885135759727,0
2019-05-02,115.16999816894531,115.77999877929688,114.58000183105469,115.41000366210938,94.52960968017578,8613300,0.0,14.420000076293945,2.47,2.41,2.55,0.002168661326604464,0.20415736213684496,0.0,0.0,0.024700000000000003,0.0241,0.0255,-0.02567568307727497,-0.39228961078942226,0.024380000000000002,0.02435,3.0000000000002247e-05,0.7347643860632393,0
2019-05-03,116.0,116.68000030517578,115.66999816894531,116.12000274658203,95.11114501953125,8185400,0.0,12.869999885559082,2.43,2.41,2.54,0.006133039948152279,0.20394393775637418,0.0,0.0,0.024300000000000002,0.0241,0.0254,-0.10748961043925498,-0.3598701172463699,0.024399999999999998,0.024345,5.4999999999999494e-05,0.759359089104381,0
2019-05-06,114.18000030517578,115.47000122070312,113.72000122070312,115.08999633789062,94.26750946044922,9387000,0.0,15.4399995803833,2.44,2.39,2.51,-0.008909569476777176,0.20870044916784075,0.0,0.0,0.024399999999999998,0.0239,0.025099999999999997,0.19968917775266748,-0.4144604635847057,0.0244,0.024345,5.500000000000296e-05,0.7116371528972756,0
2019-05-07,114.02999877929688,114.02999877929688,112.29000091552734,113.20999908447266,92.72763061523438,15017700,0.0,19.31999969482422,2.43,2.37,2.45,-0.01647009279389012,0.21964991599693096,0.0,0.0,0.024300000000000002,0.023700000000000002,0.0245,0.2512953510290572,-0.538189411300245,0.0244,0.024345,5.500000000000296e-05,0.6478439701189374,0
2019-05-08,112.66000366210938,113.66999816894531,112.45999908447266,112.61000061035156,92.23616790771484,9575800,0.0,19.399999618530273,2.43,2.37,2.49,-0.005314162750035866,0.22173937367827845,0.0,0.0,0.024300000000000002,0.023700000000000002,0.024900000000000002,0.004140782865927672,-0.5261189509100422,0.0244,0.02435,5.000000000000143e-05,0.641620020235629,0
2019-05-09,111.13999938964844,112.73999786376953,110.58000183105469,112.5199966430664,92.1624755859375,12205900,0.0,19.100000381469727,2.43,2.36,2.45,-0.0007992718851317458,0.21897971781711287,0.0,0.0,0.024300000000000002,0.0236,0.0245,-0.015463878503069517,-0.5034743491438779,0.02432,0.024350000000000004,-3.0000000000002247e-05,0.6498387854185896,0
2019-05-10,111.75,112.83999633789062,110.54000091552734,112.51000213623047,92.154296875,13189000,0.0,16.040000915527344,2.43,2.36,2.47,-8.87462473834148e-05,0.21925578123605755,0.0,0.0,0.024300000000000002,0.0236,0.024700000000000003,-0.16020939292289793,-0.4402176499526979,0.02432,0.024350000000000004,-3.0000000000002247e-05,0.6908164983379983,0
2019-05-13,110.08000183105469,110.44999694824219,108.9800033569336,109.44999694824219,89.64788818359375,13783700,0.0,20.549999237060547,2.41,2.32,2.4,-0.027574668626628607,0.24254575057589306,0.0,0.0,0.0241,0.0232,0.024,0.28117194913420174,-0.5639103205351221,0.02426,0.024335000000000002,-7.500000000000215e-05,0.604998755668043,0
2019-05-14,109.55000305175781,111.72000122070312,109.5,110.31999969482422,90.3604965209961,10503600,0.0,18.059999465942383,2.41,2.32,2.42,0.007917542965605477,0.18348847362172788,0.0,0.0,0.0241,0.0232,0.0242,-0.12116787657235606,-0.5891751491088696,0.024220000000000002,0.024325000000000003,-0.00010500000000000093,0.617994916935313,0
2019-05-15,109.20999908447266,110.9000015258789,108.61000061035156,109.9000015258789,90.0165023803711,10142000,0.0,16.440000534057617,2.42,2.3,2.37,-0.0038141732011650422,0.17952093191642113,0.0,0.0,0.0242,0.023,0.023700000000000002,-0.08970094018772068,-0.5704932097487869,0.0242,0.02432,-0.00012000000000000205,0.6456925990573374,0
2019-05-16,110.62000274658203,112.16999816894531,110.58999633789062,111.30999755859375,91.17137908935547,9672700,0.0,15.289999961853027,2.4,2.33,2.4,0.012748008748245276,0.1813428202703814,0.0,0.0,0.024,0.0233,0.024,-0.06995137073275715,-0.5880811791485447,0.02414,0.0243,-0.00015999999999999695,0.663453350045278,0
2019-05-17,110.0,111.75,109.83000183105469,110.7699966430664,90.72906494140625,9570100,0.0,15.960000038146973,2.39,2.33,2.39,-0.004863264870877635,0.14978449064590474,0.0,0.0,0.0239,0.0233,0.0239,0.043819494961774064,-0.7395882959675436,0.02406,0.024285,-0.0002249999999999995,0.634089774872834,0
2019-05-20,110.58000183105469,111.80999755859375,110.37000274658203,111.3499984741211,91.20414733886719,8518200,0.0,16.309999465942383,2.39,2.34,2.41,0.005222614072013288,0.1499085511674572,0.0,0.0,0.0239,0.023399999999999997,0.0241,0.021929788656569915,-0.7597254955398154,0.024020000000000003,0.02426,-0.00023999999999999716,0.6365915535577231,0
2019-05-21,111.44000244140625,111.91999816894531,111.22000122070312,111.7300033569336,91.5154037475586,7967900,0.0,14.949999809265137,2.39,2.36,2.43,0.0034069338273715892,0.15048520508574154,0.0,0.0,0.0239,0.0236,0.024300000000000002,-0.08338440841258887,-0.7629940738063441,0.023979999999999998,0.024229999999999998,-0.0002500000000000002,0.6573043298492339,0
2019-05-22,111.4000015258789,111.79000091552734,110.75,110.81999969482422,90.77005767822266,7918900,0.0,14.75,2.38,2.37,2.39,-0.008177835109573295,0.15240998683089815,0.0,0.0,0.023799999999999998,0.023700000000000002,0.0239,-0.013377913833897748,-0.7415942927112535,0.0239,0.024200000000000003,-0.00030000000000000165,0.6545592695171648,0
2019-05-23,109.63999938964844,109.79000091552734,107.5,108.63999938964844,88.98444366455078,14558000,0.0,16.920000076293945,2.37,2.32,2.31,-0.01986790580240395,0.1655315318126643,0.0,0.0,0.023700000000000002,0.0232,0.0231,0.1471186492402674,-0.7603224334639038,0.02384,0.024170000000000004,-0.0003300000000000039,0.61274369527187,0
2019-05-24,109.5199966430664,109.95999908447266,109.19000244140625,109.70999908447266,89.86087036132812,8537300,0.0,15.850000381469727,2.35,2.33,2.32,0.009801025174659025,0.17043419530310938,0.0,0.0,0.0235,0.0233,0.0232,-0.06323875236403576,-0.7655145195467453,0.02376,0.024135,-0.00037500000000000033,0.6335413379370936,0
2019-05-28,109.19999694824219,109.83000183105469,108.44000244140625,108.5199966430664,88.88617706298828,11665500,0.0,17.5,2.37,2.31,2.26,-0.010905947518303968,0.16986015623481235,0.0,0.0,0.023700000000000002,0.0231,0.0226,0.10410091979930125,-0.7704482992863567,0.02372,0.0241,-0.0003799999999999984,0.5990012652042279,0
2019-05-29,107.44999694824219,108.4000015258789,107.05999755859375,108.22000122070312,88.64044952392578,9966400,0.0,17.899999618530273,2.37,2.3,2.25,-0.00276834749490385,0.15842749379267387,0.0,0.0,0.023700000000000002,0.023,0.0225,0.02285712105887283,-0.8317686010633645,0.02368,0.02407,-0.00039000000000000146,0.5831232844031113,0
2019-05-30,108.6500015258789,109.18000030517578,106.54000091552734,107.05999755859375,87.6903076171875,10367800,0.0,17.299999237060547,2.38,2.29,2.22,-0.010776918537319241,0.16011173460553196,0.0,0.0,0.023799999999999998,0.0229,0.0222,-0.03351957509812453,-0.8014131129447273,0.02368,0.024045000000000004,-0.0003650000000000042,0.5856344829551591,0
2019-05-31,105.55999755859375,106.58999633789062,104.83999633789062,105.95999908447266,86.78933715820312,10952800,0.0,18.709999084472656,2.35,2.21,2.14,-0.010327605471839443,0.1611656050004035,0.0,0.0,0.0235,0.022099999999999998,0.021400000000000002,0.08150288494762292,-0.8063706544389093,0.02364,0.023985,-0.0003449999999999981,0.5639369201845404,0
2019-06-03,105.80000305175781,106.86000061035156,105.30000305175781,106.45999908447266,87.1988754272461,11680700,0.0,18.860000610351562,2.35,2.11,2.07,0.004707664034354334,0.16261656356521828,0.0,0.0,0.0235,0.021099999999999997,0.0207,0.008017185099885582,-0.7945333056922825,0.02364,0.023945,-0.0003049999999999997,0.5633064236019817,0
2019-06-04,107.8499984741211,109.9000015258789,107.12999725341797,109.73999786376953,89.88542938232422,12858600,0.0,16.969999313354492,2.35,2.11,2.12,0.03034441815041325,0.19891110615003801,0.0,0.0,0.0235,0.021099999999999997,0.0212,-0.1002121546040522,-0.7451291392646616,0.0236,0.023899999999999998,-0.0002999999999999982,0.6047044794929138,0
2019-06-05,109.86000061035156,110.37999725341797,108.63999938964844,110.12999725341797,90.20487976074219,8340500,0.0,16.09000015258789,2.35,2.04,2.12,0.003547672442649645,0.19868483431978334,0.0,0.0,0.0235,0.0204,0.0212,-0.05185616949754901,-0.7592485088136968,0.02356,0.02386,-0.0002999999999999982,0.6246846365889707,0
2019-06-06,110.1500015258789,110.87000274658203,108.93000030517578,110.37000274658203,90.40145874023438,8726700,0.0,15.930000305175781,2.33,2.02,2.12,0.0021768788266551876,0.19207958796855495,0.0,0.0,0.0233,0.0202,0.0212,-0.009944055058717649,-0.748306348933443,0.02346,0.02381,-0.0003499999999999996,0.6380685939390732,0
2019-06-07,109.69999694824219,110.0199966430664,108.95999908447266,109.16000366210938,89.41039276123047,10618900,0.0,16.299999237060547,2.28,1.97,2.09,-0.0110234782263895,0.19461817925207997,0.0,0.0,0.022799999999999997,0.0197,0.0209,0.023226548951449155,-0.7467557380852089,0.02332,0.023735,-0.0004149999999999987,0.6293871351584572,0
2019-06-10,110.75,111.20999908447266,110.22000122070312,110.33999633789062,90.37689971923828,11380600,0.0,15.9399995803833,2.29,2.03,2.15,0.010751775115945788,0.1991883464896975,0.0,0.0,0.0229,0.0203,0.0215,-0.02208586954156,-0.7377429672204301,0.0232,0.023665,-0.00046500000000000014,0.6414030397050277,0
2019-06-11,110.81999969482422,111.56999969482422,110.37000274658203,110.68000030517578,90.6553726196289,9847700,0.0,15.989999771118164,2.27,2.05,2.15,0.0030765025090305578,0.19965834684505965,0.0,0.0,0.0227,0.020499999999999997,0.0215,0.003136774909103357,-0.782349320169022,0.02304,0.023594999999999998,-0.0005549999999999965,0.642573184978745,0
2019-06-12,110.69999694824219,110.9000015258789,108.88999938964844,109.2699966430664,89.5004653930664,9670500,0.0,15.90999984741211,2.24,2.02,2.13,-0.012821377983723218,0.18031613497422705,0.0,0.0,0.022400000000000003,0.0202,0.0213,-0.00500312225460775,-0.6843714002217648,0.02282,0.02351,-0.0006899999999999996,0.6524971903398872,0
2019-06-13,109.45999908447266,110.16000366210938,109.05000305175781,109.54000091552734,89.72161102294922,8406900,0.0,15.819999694824219,2.19,2.0,2.1,0.0024678404194494923,0.17824758219767448,0.0,0.0,0.0219,0.02,0.021,-0.005656829255251683,-0.6807343126164934,0.022539999999999998,0.023395000000000003,-0.0008550000000000051,0.650538393513887,0
2019-06-14,109.56999969482422,110.30000305175781,108.62999725341797,109.81999969482422,89.95095825195312,9077400,0.0,15.279999732971191,2.2,2.0,2.09,0.0025529478928753,0.17804748623299105,0.0,0.0,0.022000000000000002,0.02,0.0209,-0.03413400583248416,-0.7400807684527517,0.02238,0.023295000000000003,-0.0009150000000000026,0.6620387753520729,0
2019-06-17,109.69999694824219,110.37000274658203,109.05999755859375,109.22000122070312,89.45952606201172,8128600,0.0,15.350000381469727,2.23,2.03,2.09,-0.005478313275708874,0.17267356251365232,0.0,0.0,0.0223,0.0203,0.0209,0.0045811943535238875,-0.719076331423069,0.02226,0.023215,-0.000955000000000001,0.6501902647866876,0
2019-06-18,109.01000213623047,111.41000366210938,108.9800033569336,110.70999908447266,90.6799545288086,11057300,0.0,15.149999618530273,2.22,2.04,2.06,0.01355002396601535,0.17901660515971143,0.0,0.0,0.0222,0.0204,0.0206,-0.013029365340009424,-0.7021034561315893,0.022160000000000003,0.02313,-0.0009699999999999986,0.6640062812290499,0
2019-06-19,110.81999969482422,111.58999633789062,109.69999694824219,109.91000366210938,90.02467346191406,13126500,0.0,14.329999923706055,2.18,1.96,2.03,-0.007252541857491701,0.1796233282390135,0.0,0.0,0.0218,0.0196,0.0203,-0.05412539376048964,-0.6730114738778376,0.022039999999999997,0.023025,-0.0009850000000000032,0.6682890185730703,0
2019-06-20,110.87999725341797,111.08999633789062,109.02999877929688,110.19000244140625,90.25403594970703,13638000,0.0,14.75,2.14,1.91,2.01,0.002544533542480178,0.179404440025779,0.0,0.0,0.021400000000000002,0.0191,0.020099999999999996,0.029309147140966996,-0.6695091844726503,0.021939999999999998,0.022905000000000002,-0.000965000000000004,0.6617786833746874,0
2019-06-21,110.19000244140625,111.66999816894531,109.08999633789062,109.44000244140625,89.63968658447266,27089500,0.0,15.399999618530273,2.11,1.95,2.07,-0.006830163331095239,0.17875251822264243,0.0,0.0,0.021099999999999997,0.0195,0.0207,0.044067770747815205,-0.6934277334464597,0.02176,0.022775,-0.0010149999999999985,0.6532998020373706,0
2019-06-24,109.27999877929688,109.7699966430664,108.54000091552734,108.66000366210938,89.00084686279297,13039600,0.0,15.260000228881836,2.13,1.92,2.02,-0.00715226754719442,0.16648594681669354,0.0,0.0,0.0213,0.0192,0.0202,-0.009090869682878533,-0.6098941141058702,0.021560000000000003,0.022665,-0.0011049999999999983,0.6628676258192232,0
2019-06-25,108.68000030517578,108.9800033569336,107.66999816894531,107.76000213623047,88.26365661621094,18660100,0.0,16.280000686645508,2.12,1.93,2.0,-0.00831745196597316,0.16488153745899628,0.0,0.0,0.0212,0.019299999999999998,0.02,0.06684144446034601,-0.6005098483801706,0.02136,0.02254,-0.0011800000000000005,0.6375186671320999,0
2019-06-26,108.30000305175781,109.30999755859375,108.16000366210938,108.4800033569336,88.85340118408203,10324600,0.0,16.209999084472656,2.15,1.96,2.05,0.006659400903273112,0.16260061521320576,0.0,0.0,0.0215,0.0196,0.020499999999999997,-0.004299852531964188,-0.5737574136365774,0.021299999999999996,0.02243,-0.0011300000000000025,0.6489737546465119,0
2019-06-27,108.83999633789062,109.55000305175781,108.44000244140625,108.83999633789062,89.14826965332031,10906600,0.0,15.819999694824219,2.14,1.93,2.01,0.0033131007992569872,0.1626689998896519,0.0,0.0,0.021400000000000002,0.019299999999999998,0.020099999999999996,-0.024059186408098787,-0.5745860063164769,0.021299999999999996,0.02231,-0.001010000000000004,0.6581622990504203,0
2019-06-28,111.04000091552734,112.43000030517578,110.9000015258789,111.80000305175781,91.57274627685547,21634700,0.0,15.079999923706055,2.12,1.92,2.0,0.026832762944974362,0.1815578843861062,0.0,0.0,0.0212,0.0192,0.02,-0.04677621905139906,-0.655343963109606,0.02132,0.022195,-0.0008750000000000008,0.6911151548753843,0
2019-07-01,113.2300033569336,114.5199966430664,113.08000183105469,113.68000030517578,93.11258697509766,12724500,0.0,14.0600004196167,2.21,1.94,2.03,0.016675675907438042,0.1824330596894234,0.0,0.0,0.022099999999999998,0.0194,0.0203,-0.06763922475131423,-0.6618986318792032,0.02148,0.022125,-0.0006449999999999997,0.721752673896974,0
2019-07-02,113.51000213623047,114.19999694824219,113.22000122070312,113.80000305175781,93.21089172363281,10174900,0.0,12.930000305175781,2.2,1.91,1.98,0.0010552052628389568,0.18252900519847534,0.0,0.0,0.022000000000000002,0.0191,0.019799999999999998,-0.08036984926859081,-0.6112206311950112,0.02164,0.022050000000000004,-0.0004100000000000041,0.7357133802739249,0
2019-07-03,113.33999633789062,113.87000274658203,112.26000213623047,112.81999969482422,93.06241607666016,6849400,0.0,12.569999694824219,2.21,1.91,1.96,-0.0015941702025954157,0.1539164565960243,0.0,0.0,0.022099999999999998,0.0191,0.0196,-0.027842273925349992,-0.47165770931618745,0.021759999999999998,0.02198,-0.00022000000000000144,0.7218426107268379,0
2019-07-05,113.51000213623047,114.2699966430664,112.91999816894531,113.48999786376953,93.61508178710938,7929400,0.0,13.279999732971191,2.23,1.98,2.04,0.005921092059266437,0.15450285548875028,0.0,0.0,0.0223,0.019799999999999998,0.0204,0.056483695734640404,-0.39769140067887127,0.02194,0.02193,9.999999999999593e-06,0.7131175732150615,0
2019-07-08,112.95999908447266,113.4800033569336,112.5,112.87000274658203,93.10367584228516,6917200,0.0,13.960000038146973,2.26,1.99,2.05,-0.0054778344727183645,0.1565094624036997,0.0,0.0,0.0226,0.0199,0.020499999999999997,0.0512048432868184,-0.4231092171834022,0.022219999999999997,0.02192,0.0002999999999999982,0.6988517623409365,0
2019-07-09,112.27999877929688,113.48999786376953,112.1500015258789,113.3499984741211,93.49958801269531,8947300,0.0,14.09000015258789,2.26,2.0,2.07,0.004243363768689095,0.15003845568001206,0.0,0.0,0.0226,0.02,0.0207,0.009312329089232074,-0.3914096950989136,0.02232,0.021905,0.0004149999999999987,0.7060829521830175,0
2019-07-10,113.37000274658203,113.83000183105469,112.73999786376953,113.0199966430664,93.2273941040039,9242300,0.0,13.029999732971191,2.2,1.93,2.07,-0.0029154233459235995,0.14759210264354428,0.0,0.0,0.022000000000000002,0.019299999999999998,0.0207,-0.0752306890090424,-0.31609221446921937,0.02232,0.02187,0.000449999999999999,0.7130830082388343,0
2019-07-11,113.37000274658203,114.36000061035156,113.12000274658203,114.0999984741211,94.11824798583984,11595200,0.0,12.930000305175781,2.17,1.97,2.13,0.009510342343145411,0.15013065925822666,0.0,0.0,0.0217,0.0197,0.0213,-0.007674553326533884,-0.3122975918428689,0.02224,0.021835,0.0004049999999999991,0.7183405239236622,0
2019-07-12,114.12999725341797,115.3499984741211,113.93000030517578,115.30000305175781,95.10809326171875,10783400,0.0,12.390000343322754,2.14,1.96,2.12,0.010462119576382947,0.1430888343206757,0.0,0.0,0.021400000000000002,0.0196,0.0212,-0.041763337131312306,-0.34657061399902617,0.022060000000000003,0.021810000000000003,0.0002500000000000002,0.7399101774678396,0
2019-07-15,115.54000091552734,115.56999969482422,113.52999877929688,113.9000015258789,93.95328521728516,12946600,0.0,12.680000305175781,2.16,1.95,2.09,-0.01221637560918091,0.15237965665966619,0.0,0.0,0.0216,0.0195,0.0209,0.023405968831091695,-0.37983162945101684,0.02186,0.021789999999999997,7.000000000000409e-05,0.7270287871007922,0
2019-07-16,113.4800033569336,115.5,112.91999816894531,115.12000274658203,94.95963287353516,16945000,0.0,12.859999656677246,2.15,2.0,2.13,0.010654191208973093,0.15517823381305346,0.0,0.0,0.0215,0.02,0.0213,0.014195532111145992,-0.3513080231917175,0.02164,0.02175,-0.00010999999999999899,0.729280821884059,0
2019-07-17,114.43000030517578,114.94000244140625,113.7300033569336,113.98999786376953,94.02751159667969,13120900,0.0,13.970000267028809,2.14,1.95,2.06,-0.009864468168000198,0.1587509906474989,0.0,0.0,0.021400000000000002,0.0195,0.0206,0.0863142021761425,-0.4204011495918134,0.02152,0.02171,-0.0001899999999999992,0.710820790798046,0
2019-07-18,113.93000030517578,115.06999969482422,113.55000305175781,114.66999816894531,94.58841705322266,9397200,0.0,13.529999732971191,2.05,1.9,2.04,0.005947611254430584,0.15412281825510155,0.0,0.0,0.020499999999999997,0.019,0.0204,-0.03149610061898722,-0.42980217725418823,0.02128,0.021645,-0.00036500000000000074,0.7125781248255052,0
2019-07-19,114.88999938964844,115.12000274658203,113.4000015258789,113.54000091552734,93.65632629394531,10402800,0.0,14.449999809265137,2.06,1.94,2.05,-0.009903048130122301,0.15638663656213087,0.0,0.0,0.0206,0.0194,0.020499999999999997,0.0679970505876657,-0.5487010678041241,0.02112,0.021605,-0.0004849999999999993,0.69786415438906,0
2019-07-22,112.91000366210938,114.44999694824219,112.7699966430664,114.2699966430664,94.25847625732422,9061100,0.0,13.529999732971191,2.09,1.95,2.05,0.006408776915729932,0.15716349432953736,0.0,0.0,0.0209,0.0195,0.020499999999999997,-0.06366782618945466,-0.5589718813337357,0.02098,0.021594999999999996,-0.0006149999999999975,0.7133005873853975,0
2019-07-23,114.87999725341797,116.44999694824219,114.81999969482422,116.36000061035156,95.98247528076172,12752200,0.0,12.609999656677246,2.06,1.97,2.08,0.01812486959594355,0.16302795515204443,0.0,0.0,0.0206,0.0197,0.0208,-0.0679970505876657,-0.5781407227600213,0.020800000000000003,0.02156,-0.0007599999999999968,0.7412910617827999,0
2019-07-24,115.58000183105469,116.87999725341797,115.5199966430664,116.83000183105469,96.37016296386719,10011000,0.0,12.069999694824219,2.1,1.98,2.05,0.0040310152395872986,0.15857418975308235,0.0,0.0,0.021,0.019799999999999998,0.020499999999999997,-0.04282315436599449,-0.5898739488409335,0.02072,0.02155,-0.0008300000000000009,0.7556582065333318,0
2019-07-25,116.88999938964844,117.23999786376953,115.31999969482422,115.70999908447266,95.44629669189453,10138400,0.0,12.739999771118164,2.1,1.99,2.08,-0.009632889874135067,0.15989942646280456,0.0,0.0,0.021,0.0199,0.0208,0.05550953547921389,-0.5889410256423436,0.020819999999999998,0.021525,-0.0007050000000000008,0.745308562865084,0
2019-07-26,115.7699966430664,116.51000213623047,115.52999877929688,116.22000122070312,95.86699676513672,12800400,0.0,12.15999984741211,2.12,2.0,2.08,0.0043980294705251105,0.15956816342273153,0.0,0.0,0.0212,0.02,0.0208,-0.04552589749812441,-0.5884145367996529,0.020939999999999997,0.021515,-0.0005750000000000026,0.7522440796170309,0
2019-07-29,116.45999908447266,117.18000030517578,115.79000091552734,115.8499984741211,95.561767578125,8500400,0.0,12.829999923706055,2.12,1.98,2.06,-0.0031889611441328486,0.16130482694963044,0.0,0.0,0.0212,0.019799999999999998,0.0206,0.05509869117609689,-0.6011118875909741,0.021,0.021515,-0.0005149999999999981,0.7388071597373379,0
2019-07-30,115.19000244140625,116.08000183105469,114.76000213623047,115.58999633789062,95.34732818603516,7121100,0.0,13.9399995803833,2.08,1.97,2.06,-0.002246508804806598,0.1375781244922678,0.0,0.0,0.0208,0.0197,0.0206,0.08651595193124617,-0.6111074270688603,0.02104,0.02145,-0.00041000000000000064,0.7056488584246893,0
2019-07-31,116.0999984741211,116.18000030517578,114.86000061035156,116.0,95.68551635742188,13648000,0.0,16.1200008392334,2.08,2.0,2.02,0.0035406322456323705,0.1269451175047533,0.0,0.0,0.0208,0.02,0.0202,0.15638460003383692,-0.4527359494967409,0.020999999999999998,0.02139,-0.00039000000000000146,0.6667030732197369,0
2019-08-01,115.33000183105469,116.80000305175781,112.5999984741211,112.94000244140625,93.16141510009766,15664500,0.0,17.8700008392334,2.07,1.88,1.9,-0.026733307880120766,0.15984832824999773,0.0,0.0,0.0207,0.018799999999999997,0.019,0.10856078839281391,-0.5561260963071849,0.02094,0.02132,-0.0003799999999999984,0.6251747890615951,0
2019-08-02,112.4000015258789,113.43000030517578,111.4000015258789,112.93000030517578,93.15312957763672,11025500,0.0,17.610000610351562,2.06,1.85,1.86,-8.89412308709197e-05,0.15974719386726952,0.0,0.0,0.0206,0.018500000000000003,0.018600000000000002,-0.014549536467340696,-0.565346939539946,0.020819999999999998,0.021234999999999997,-0.0004149999999999987,0.6297831909023625,0
2019-08-05,110.79000091552734,110.9800033569336,108.2699966430664,109.56999969482422,90.38158416748047,15855300,0.0,24.59000015258789,2.05,1.78,1.75,-0.03020416198273673,0.18929211603779442,0.0,0.0,0.020499999999999997,0.0178,0.0175,0.39636566157376074,-0.7376546736848069,0.020679999999999997,0.021130000000000003,-0.00045000000000000595,0.5086156313883426,0
2019-08-06,110.05000305175781,110.5,108.33999633789062,110.43000030517578,91.09097290039062,10203500,0.0,20.170000076293945,2.05,1.8,1.73,0.007818177665564092,0.19151593458683466,0.0,0.0,0.020499999999999997,0.018000000000000002,0.0173,-0.17974786697302148,-0.7325449105554308,0.02062,0.021025,-0.0004049999999999991,0.5796412175099598,0
2019-08-07,108.0,108.27999877929688,105.94000244140625,108.02999877929688,89.11126708984375,17320900,0.0,19.489999771118164,2.02,1.75,1.71,-0.021972928435941022,0.2035557740178779,0.0,0.0,0.0202,0.0175,0.0171,-0.03371345079839605,-0.6442411383887481,0.020499999999999997,0.020935000000000002,-0.00043500000000000483,0.5737457155840827,0
2019-08-08,109.05000305175781,110.08000183105469,108.72000122070312,109.86000061035156,90.62080383300781,10903300,0.0,16.90999984741211,2.02,1.79,1.72,0.016798028656972597,0.21397956599138454,0.0,0.0,0.0202,0.0179,0.0172,-0.13237557485912876,-0.6894170188246841,0.020399999999999998,0.02086,-0.0004600000000000021,0.6223186301244019,0
2019-08-09,109.3499984741211,110.44999694824219,108.29000091552734,109.73999786376953,90.52178955078125,9980800,0.0,17.969999313354492,2.0,1.78,1.74,-0.0010932193278033987,0.2103197382174664,0.0,0.0,0.02,0.0178,0.0174,0.0626847708756546,-0.6895577534110993,0.02028,0.02079,-0.00051,0.6008717066542539,0
2019-08-12,108.44000244140625,108.51000213623047,107.20999908447266,107.68000030517578,88.82257080078125,9393700,0.0,21.09000015258789,2.0,1.75,1.65,-0.01894979685728129,0.21327374776357685,0.0,0.0,0.02,0.0175,0.0165,0.17362275784366643,-0.7066029697316454,0.020179999999999997,0.02071,-0.0005300000000000027,0.5388154541963026,0
2019-08-13,107.94999694824219,110.33000183105469,107.02999877929688,109.33999633789062,90.19183349609375,12124700,0.0,17.520000457763672,2.0,1.86,1.68,0.015298091847038531,0.21990303654556648,0.0,0.0,0.02,0.018600000000000002,0.0168,-0.16927452200071014,-0.743823847912295,0.02008,0.020635,-0.0005549999999999999,0.6061676141908312,0
2019-08-14,106.30000305175781,106.91000366210938,104.44999694824219,104.80000305175781,86.44691467285156,19491800,0.0,22.100000381469727,1.96,1.79,1.59,-0.04240836289155786,0.2555322706896483,0.0,0.0,0.0196,0.0179,0.0159,0.26141551392919693,-0.7925919026998681,0.01996,0.020545,-0.0005850000000000022,0.5091868978966692,0
2019-08-15,104.81999969482422,106.37999725341797,104.33999633789062,105.19999694824219,86.77686309814453,13365600,0.0,21.18000030517578,1.91,1.72,1.52,0.0038095096246740508,0.25628590959459696,0.0,0.0,0.0191,0.0172,0.0152,-0.041628962009672255,-0.7938420697274188,0.01974,0.020475,-0.0007349999999999995,0.5304624585236164,0
2019-08-16,106.37000274658203,107.9800033569336,105.87000274658203,107.72000122070312,88.8555679321289,11830600,0.0,18.469999313354492,1.87,1.71,1.55,0.02367218732471272,0.27169058068913704,0.0,0.0,0.0187,0.0171,0.0155,-0.12795094205730695,-0.8039999085086218,0.01948,0.020380000000000002,-0.0009000000000000015,0.5797077480666202,0
2019-08-19,109.62999725341797,109.75,108.41999816894531,108.69000244140625,89.65568542480469,8265400,0.0,16.8799991607666,1.94,1.75,1.6,0.008964396762328493,0.2734860374912217,0.0,0.0,0.0194,0.0175,0.016,-0.08608555558733899,-0.80752346192904,0.01936,0.020305,-0.0009450000000000014,0.6136413030711096,0
2019-08-20,107.8499984741211,108.44000244140625,107.23999786376953,107.30999755859375,88.5173568725586,8374000,0.0,17.5,1.94,1.72,1.55,-0.012777960414546412,0.2740590774043412,0.0,0.0,0.0194,0.0172,0.0155,0.036729909363647284,-0.8009064827948938,0.01924,0.020245000000000003,-0.0010050000000000024,0.5933678989253098,0
2019-08-21,108.20999908447266,108.43000030517578,107.44999694824219,107.61000061035156,88.76482391357422,8189300,0.0,15.800000190734863,1.97,1.77,1.59,0.0027917887815891765,0.2641401303005665,0.0,0.0,0.0197,0.0177,0.0159,-0.09714284624372205,-0.8005259871157574,0.01926,0.02018,-0.0009200000000000007,0.6085146362656642,0
2019-08-22,108.37000274658203,109.2699966430664,107.93000030517578,108.72000122070312,89.68043518066406,9343400,0.0,16.68000030517578,2.0,1.79,1.62,0.010262186926841733,0.2673077969379697,0.0,0.0,0.02,0.0179,0.016200000000000003,0.05569620910238671,-0.7743694903288569,0.019440000000000002,0.02013,-0.0006899999999999962,0.5996585212707619,0
2019-08-23,108.0,108.77999877929688,105.11000061035156,106.0199966430664,87.45326232910156,14762300,0.0,19.8700008392334,1.97,1.73,1.52,-0.025148125499369154,0.27707212065651626,0.0,0.0,0.0197,0.0173,0.0152,0.19124703091688589,-0.7889068724009649,0.019639999999999998,0.020054999999999996,-0.0004149999999999987,0.5448746068838098,0
2019-08-26,106.62000274658203,106.98999786376953,106.01000213623047,106.87000274658203,88.15440368652344,8209500,0.0,19.31999969482422,2.01,1.75,1.54,0.007985358487720431,0.27874265229531336,0.0,0.0,0.020099999999999996,0.0175,0.0154,-0.02767997590232607,-0.7875236018841547,0.01978,0.019999999999999997,-0.00021999999999999797,0.5548631531949475,0
2019-08-27,107.3499984741211,107.55999755859375,104.83999633789062,105.73999786376953,87.22230529785156,14331800,0.0,20.309999465942383,1.98,1.77,1.49,-0.0106297714296826,0.27966215536699185,0.0,0.0,0.019799999999999998,0.0177,0.0149,0.051242224987373186,-0.7878866456893664,0.019859999999999996,0.01995,-9.000000000000327e-05,0.5362983155786987,0
2019-08-28,105.08000183105469,107.20999908447266,105.04000091552734,106.80000305175781,88.09667205810547,10585500,0.0,19.350000381469727,1.99,1.74,1.47,0.00997466472762398,0.28399028011839844,0.0,0.0,0.0199,0.0174,0.0147,-0.04726731214751967,-0.795723618624284,0.019899999999999998,0.019905,-5.000000000001531e-06,0.557280240518099,0
2019-08-29,108.13999938964844,109.88999938964844,108.0199966430664,109.22000122070312,90.09288024902344,10002200,0.0,17.8799991607666,1.99,1.75,1.5,0.022406383315620407,0.2973134714794353,0.0,0.0,0.0199,0.0175,0.015,-0.07596905383582586,-0.8299229872085597,0.01988,0.019865,1.4999999999997654e-05,0.5894993738014925,0
2019-08-30,109.83999633789062,110.55999755859375,109.47000122070312,109.86000061035156,90.62080383300781,10170300,0.0,18.979999542236328,1.99,1.76,1.5,0.005842668622091478,0.28554888456302485,0.0,0.0,0.0199,0.0176,0.015,0.06152127701904009,-0.8190352229854904,0.01992,0.01983,8.99999999999998e-05,0.5931834003995067,0
2019-09-03,108.9800033569336,108.98999786376953,107.31999969482422,108.55999755859375,89.5484619140625,9868800,0.0,19.65999984741211,1.98,1.72,1.47,-0.0119038569336613,0.2878328279413134,0.0,0.0,0.019799999999999998,0.0172,0.0147,0.035827203455014445,-0.8163609210956903,0.01986,0.019795,6.499999999999909e-05,0.5764412785709669,0
2019-09-04,109.44999694824219,110.22000122070312,108.55999755859375,109.87000274658203,90.62903594970703,6929200,0.0,17.329999923706055,1.97,1.69,1.47,0.01199469416380453,0.2722051713255799,0.0,0.0,0.0197,0.0169,0.0147,-0.11851474780213478,-0.8103665158282354,0.019840000000000003,0.019754999999999998,8.500000000000521e-05,0.6348287190264899,0
2019-09-05,111.25,113.72000122070312,111.19999694824219,112.37000274658203,92.69122314453125,13224700,0.0,16.270000457763672,1.97,1.73,1.57,0.02249914107867738,0.28200402725338214,0.0,0.0,0.0197,0.0173,0.015700000000000002,-0.061165578223251416,-0.8198614581201518,0.0198,0.019729999999999998,7.000000000000409e-05,0.6587026673431644,0
2019-09-06,112.66000366210938,112.9800033569336,111.95999908447266,112.61000061035156,92.88916778564453,7836600,0.0,15.0,1.96,1.73,1.55,0.002133250341672619,0.26953250686628477,0.0,0.0,0.0196,0.0173,0.0155,-0.07805780098535009,-0.8688703345564907,0.01974,0.0197,4.000000000000184e-05,0.6911853773654567,0
2019-09-09,113.70999908447266,116.05999755859375,113.5999984741211,115.4000015258789,95.19058990478516,13985100,0.0,15.270000457763672,1.96,1.74,1.63,0.024474053152797274,0.27608279022555,0.0,0.0,0.0196,0.0174,0.0163,0.018000030517578036,-0.8148549473883833,0.01968,0.01968,0.0,0.6918992183537886,0
2019-09-10,116.30000305175781,117.2699966430664,115.7300033569336,116.87000274658203,96.40315246582031,14333100,0.0,15.199999809265137,1.95,1.81,1.72,0.012657811635593718,0.2780290495176805,0.0,0.0,0.0195,0.0181,0.0172,-0.004584194263265062,-0.810592089388582,0.01962,0.019655,-3.500000000000031e-05,0.7010838651926519,0
2019-09-11,116.88999938964844,117.19999694824219,115.37999725341797,117.19000244140625,96.66712951660156,9919200,0.0,14.609999656677246,1.96,1.79,1.75,0.0027345193943217835,0.2663637747685289,0.0,0.0,0.0196,0.0179,0.0175,-0.038815799999435296,-0.7889028119860676,0.0196,0.019635,-3.500000000000031e-05,0.722415556467821,0
2019-09-12,116.55000305175781,118.47000122070312,115.91999816894531,117.91000366210938,97.26104736328125,12283500,0.0,14.220000267028809,1.95,1.82,1.79,0.0061251512089929815,0.2633527914782312,0.0,0.0,0.0195,0.0182,0.0179,-0.02669400402553701,-0.7942582181604975,0.01956,0.019629999999999998,-6.999999999999715e-05,0.722524107459702,0
2019-09-13,119.0,120.4000015258789,118.75,120.2300033569336,99.17473602294922,16257200,0.0,13.739999771118164,1.96,1.88,1.9,0.01948473105435813,0.20874543527486944,0.0,0.0,0.0196,0.018799999999999997,0.019,-0.03375530850189912,-0.6477644964705922,0.01956,0.019655,-9.499999999999786e-05,0.7662189568677606,0
2019-09-16,118.9000015258789,119.87000274658203,118.37999725341797,119.16000366210938,98.29214477539062,11993900,0.0,14.670000076293945,1.99,1.86,1.84,-0.008939191435462335,0.2154122141896398,0.0,0.0,0.0199,0.018600000000000002,0.0184,0.06768561285791774,-0.674476217680831,0.01962,0.019715,-9.500000000000133e-05,0.7453513672038348,0
2019-09-17,118.41999816894531,118.61000061035156,117.23999786376953,118.56999969482422,97.80545043945312,10735400,0.0,14.4399995803833,1.99,1.87,1.81,-0.004963807278967743,0.20842736717132848,0.0,0.0,0.0199,0.0187,0.0181,-0.015678288664927487,-0.6259939644240018,0.019700000000000002,0.01974,-3.999999999999837e-05,0.7315902111620727,0
2019-09-18,118.31999969482422,120.08000183105469,117.75,119.76000213623047,98.78705596923828,10665600,0.0,13.949999809265137,1.95,1.87,1.8,0.009986277761195284,0.20872868153528687,0.0,0.0,0.0195,0.0187,0.018000000000000002,-0.033933503141082344,-0.6310520678100964,0.01968,0.019745,-6.499999999999909e-05,0.739194971100412,0
2019-09-19,119.69999694824219,120.33999633789062,119.08999633789062,119.37999725341797,98.47360229492188,9382600,0.0,14.050000190734863,1.93,1.88,1.79,-0.003178068459279134,0.20115923134958538,0.0,0.0,0.019299999999999998,0.018799999999999997,0.0179,0.0071684862248750925,-0.6232799801907151,0.019639999999999998,0.019725,-8.500000000000174e-05,0.743481329768346,0
2019-09-20,119.73999786376953,120.33999633789062,118.87000274658203,118.9000015258789,98.07764434814453,21862800,0.0,15.319999694824219,1.91,1.84,1.74,-0.004029061012666523,0.20350895949266545,0.0,0.0,0.0191,0.0184,0.0174,0.09039142255149901,-0.6736746119827702,0.019540000000000002,0.01968,-0.00013999999999999777,0.7212875196627798,0
2019-09-23,117.77999877929688,119.12000274658203,117.68000030517578,118.87999725341797,98.06117248535156,9135100,0.0,14.90999984741211,1.94,1.81,1.72,-0.00016796127454643496,0.2031570049808967,0.0,0.0,0.0194,0.0181,0.0172,-0.026762392661836998,-0.6956778604681755,0.019440000000000002,0.019665,-0.00022499999999999604,0.7209333108129831,0
2019-09-24,118.75,119.26000213623047,117.04000091552734,117.33000183105469,96.7825927734375,11696500,0.0,17.049999237060547,1.92,1.78,1.64,-0.013124341576265044,0.1846584144488979,0.0,0.0,0.0192,0.0178,0.016399999999999998,0.1435277942018136,-0.62254138750961,0.0193,0.019620000000000002,-0.00032000000000000084,0.697534187822495,0
2019-09-25,117.2699966430664,118.36000061035156,117.12000274658203,118.0,97.33528900146484,9389400,0.0,15.960000038146973,1.89,1.82,1.73,0.0056944544880430424,0.1843349192316098,0.0,0.0,0.0189,0.0182,0.0173,-0.0639295746444557,-0.6115610730810238,0.01918,0.019575000000000002,-0.000395000000000003,0.7117341874811065,0
2019-09-26,117.87999725341797,118.05000305175781,116.94999694824219,117.02999877929688,96.53514099121094,9899200,0.0,16.06999969482422,1.83,1.79,1.7,-0.008254508473314551,0.18201213408440484,0.0,0.0,0.0183,0.0179,0.017,0.00689220904851684,-0.5822236238029409,0.01898,0.019495,-0.0005149999999999981,0.7115773963652194,0
2019-09-27,117.95999908447266,118.63999938964844,117.27999877929688,117.72000122070312,97.10431671142578,10207800,0.0,17.219999313354492,1.8,1.74,1.69,0.005878733251675785,0.18110439281070864,0.0,0.0,0.018000000000000002,0.0174,0.0169,0.0715618942357954,-0.5487124797509031,0.018760000000000002,0.0194,-0.0006399999999999982,0.6927189885596696,0
2019-09-30,118.36000061035156,118.7699966430664,117.22000122070312,117.69000244140625,97.07955932617188,9755000,0.0,16.239999771118164,1.88,1.75,1.68,-0.00025498909480266887,0.16974406793044544,0.0,0.0,0.018799999999999997,0.0175,0.0168,-0.056910544791736295,-0.478609037073037,0.018639999999999997,0.019344999999999998,-0.0007050000000000008,0.6932230712886359,0
2019-10-01,118.4000015258789,119.0,115.41000366210938,115.55000305175781,95.31431579589844,11250300,0.0,18.559999465942383,1.82,1.73,1.65,-0.018350823969058717,0.18558884759671196,0.0,0.0,0.0182,0.0173,0.0165,0.14285712607891754,-0.5970795542704586,0.01844,0.019264999999999997,-0.0008249999999999959,0.645695898136716,0
2019-10-02,114.80999755859375,114.9000015258789,112.93000030517578,113.25,93.41712188720703,12548700,0.0,20.559999465942383,1.79,1.67,1.6,-0.02010537130930849,0.1954677470455772,0.0,0.0,0.0179,0.0167,0.016,0.10775862379037249,-0.6440738732045267,0.01824,0.019175,-0.0009350000000000018,0.6122568985983419,0
2019-10-03,112.2699966430664,112.91000366210938,110.5199966430664,112.19000244140625,93.28407287597656,12735200,0.0,19.1200008392334,1.7,1.58,1.54,-0.0014252617282057205,0.19233692811813402,0.0,0.0,0.017,0.0158,0.0154,-0.07003884553082507,-0.5966965057963943,0.017980000000000003,0.01904,-0.0010599999999999984,0.6248299549415757,0
2019-10-04,112.33999633789062,114.94000244140625,112.2699966430664,114.62000274658203,95.30457305908203,9453100,0.0,17.040000915527344,1.71,1.58,1.52,0.021428410882266016,0.19088549210065825,0.0,0.0,0.0171,0.0158,0.0152,-0.10878660211342595,-0.6267126809639821,0.0178,0.018915,-0.0011150000000000014,0.653892046022661,0
2019-10-07,114.19000244140625,115.5,114.06999969482422,114.37000274658203,95.09671020507812,6771600,0.0,17.860000610351562,1.75,1.64,1.56,-0.0021834194919220897,0.19124027943491106,0.0,0.0,0.0175,0.016399999999999998,0.015600000000000001,0.04812204523281527,-0.6465867399317796,0.01754,0.01881,-0.0012700000000000003,0.6396141742958432,0
2019-10-08,113.05999755859375,113.05999755859375,111.66000366210938,111.81999969482422,92.9764175415039,10806300,0.0,20.280000686645508,1.72,1.62,1.54,-0.022548489771267586,0.18823025366547,0.0,0.0,0.0172,0.016200000000000003,0.0154,0.13549831990998507,-0.772077454092434,0.01734,0.018695,-0.0013549999999999986,0.577070417973654,0
2019-10-09,112.66999816894531,113.16000366210938,112.06999969482422,112.62999725341797,93.64990997314453,7273700,0.0,18.639999389648438,1.69,1.59,1.59,0.007217581402591808,0.18411091714640812,0.0,0.0,0.0169,0.0159,0.0159,-0.08086791131506321,-0.7907785004263977,0.01714,0.01856,-0.0014200000000000011,0.5972490637209161,0
2019-10-10,113.13999938964844,115.4000015258789,113.0,114.20999908447266,94.96366882324219,10994100,0.0,17.56999969482422,1.68,1.63,1.67,0.013930917436889541,0.1912118953298916,0.0,0.0,0.0168,0.0163,0.0167,-0.05740341898393164,-0.7990702055061704,0.0171,0.018425,-0.0013249999999999998,0.6191916549805172,0
2019-10-11,116.02999877929688,117.98999786376953,115.87000274658203,116.13999938964844,96.56844329833984,15076500,0.0,15.579999923706055,1.68,1.67,1.76,0.016757628904023852,0.19946576049030734,0.0,0.0,0.0168,0.0167,0.0176,-0.11326122969167607,-0.817128780956041,0.01704,0.018285000000000003,-0.001245000000000003,0.6539348674978921,0
2019-10-14,115.8499984741211,116.87000274658203,115.66000366210938,116.44999694824219,96.82618713378906,8779000,0.0,14.569999694824219,1.68,1.67,1.76,0.002665472019296052,0.18648991199749743,0.0,0.0,0.0168,0.0167,0.0176,-0.06482671590678579,-0.8342630840665712,0.0169,0.01813,-0.001230000000000002,0.6583447656550414,0
2019-10-15,118.8499984741211,121.58999633789062,117.87000274658203,119.95999908447266,99.74468231201172,23379000,0.0,13.539999961853027,1.67,1.65,1.77,0.029696258255677583,0.21236445844502172,0.0,0.0,0.0167,0.0165,0.0177,-0.07069318836959781,-0.8013989259722486,0.0168,0.01797,-0.001170000000000001,0.6960489833828956,0
2019-10-16,119.95999908447266,120.62000274658203,119.37999725341797,119.68000030517578,99.51188659667969,11087700,0.0,13.680000305175781,1.66,1.59,1.75,-0.0023366438810747073,0.21167572646232302,0.0,0.0,0.0166,0.0159,0.0175,0.01033975950643895,-0.8098095292422481,0.016739999999999998,0.017825,-0.0010850000000000026,0.6956137660155435,0
2019-10-17,120.75,121.56999969482422,119.87999725341797,120.3499984741211,100.0689697265625,10818500,0.0,13.789999961853027,1.66,1.59,1.76,0.005582545209269467,0.2098154290206764,0.0,0.0,0.0166,0.0159,0.0176,0.008040910396444056,-0.8043553415156472,0.0167,0.01769,-0.0009900000000000013,0.6914218585256722,0
2019-10-18,120.0,121.0199966430664,119.86000061035156,120.55999755859375,100.24359893798828,10417400,0.0,14.25,1.66,1.58,1.76,0.0017435676336218944,0.2093869089913015,0.0,0.0,0.0166,0.0158,0.0176,0.03335750829727768,-0.8015245790185065,0.01666,0.017565,-0.0009049999999999996,0.6877832597534117,0
2019-10-21,122.05000305175781,123.7699966430664,121.98999786376953,123.55000305175781,102.72974395751953,12714600,0.0,14.0,1.67,1.59,1.8,0.024498481686829297,0.2238356683072989,0.0,0.0,0.0167,0.0159,0.018000000000000002,-0.01754385964912286,-0.7677457886910292,0.016640000000000002,0.017429999999999998,-0.0007899999999999956,0.7083335831496013,0
2019-10-22,123.44999694824219,125.0999984741211,123.12000274658203,124.79000091552734,103.76077270507812,12549100,0.0,14.460000038146973,1.65,1.59,1.78,0.00998629218015039,0.22523776015380984,0.0,0.0,0.0165,0.0159,0.0178,0.03285714558192665,-0.7546359467306085,0.0166,0.017294999999999998,-0.0006949999999999977,0.7078096375688859,0
2019-10-23,124.19999694824219,125.1500015258789,124.16999816894531,125.12000274658203,104.03515625,8828300,0.0,14.010000228881836,1.65,1.58,1.77,0.002640895861355611,0.21778809348443406,0.0,0.0,0.0165,0.0158,0.0177,-0.031120318677592684,-0.7328468308078552,0.01658,0.017175000000000003,-0.0005950000000000018,0.7236190625410628,0
2019-10-24,125.29000091552734,125.66000366210938,124.06999969482422,125.02999877929688,103.96031951904297,8020500,0.0,13.710000038146973,1.67,1.59,1.77,-0.0007195996346525078,0.21808508693903958,0.0,0.0,0.0167,0.0159,0.0177,-0.02141328949562815,-0.7321040143898144,0.016599999999999997,0.017095000000000003,-0.0004950000000000059,0.724084747767239,0
2019-10-25,125.0,126.6500015258789,124.75,126.02999877929688,104.79177856445312,9055700,0.0,12.649999618530273,1.66,1.6,1.8,0.007966036748038108,0.21462195063287784,0.0,0.0,0.0166,0.016,0.018000000000000002,-0.07731585825436416,-0.736080896757085,0.0166,0.017025000000000002,-0.00042500000000000177,0.7488751274440213,0
2019-10-28,126.56999969482422,127.20999908447266,126.4000015258789,126.51000213623047,105.19091033935547,9522200,0.0,13.109999656677246,1.65,1.6,1.85,0.0038015729551052007,0.21450221551222248,0.0,0.0,0.0165,0.016,0.018500000000000003,0.03636364047577878,-0.7589482808848576,0.01656,0.01691,-0.0003500000000000031,0.7410705784399325,0
2019-10-29,126.05999755859375,127.41999816894531,125.94000244140625,126.43000030517578,105.1243896484375,9797300,0.0,13.199999809265137,1.63,1.59,1.84,-0.00063258063621678,0.21459632429706257,0.0,0.0,0.0163,0.0159,0.0184,0.0068650003771777435,-0.778740703002461,0.01652,0.016815,-0.0002950000000000001,0.7395607478328552,0
2019-10-30,126.05000305175781,126.26000213623047,124.91999816894531,125.7300033569336,104.54234313964844,8513700,0.0,12.329999923706055,1.62,1.59,1.78,-0.005552125472969255,0.20217785269177913,0.0,0.0,0.016200000000000003,0.0159,0.0178,-0.06590908319168498,-0.6847305181043336,0.01646,0.016730000000000002,-0.0002700000000000029,0.7596013775114967,0
2019-10-31,125.48999786376953,125.7300033569336,123.86000061035156,124.91999816894531,103.86884307861328,11589100,0.0,13.220000267028809,1.54,1.53,1.69,-0.006463207832243151,0.1862376710019251,0.0,0.0,0.0154,0.015300000000000001,0.0169,0.07218169901295868,-0.6370718886203978,0.0162,0.016649999999999998,-0.000449999999999999,0.7550137781565639,0
2019-11-01,126.19999694824219,127.98999786376953,126.0199966430664,127.80000305175781,106.2635498046875,11682600,0.0,12.300000190734863,1.52,1.53,1.73,0.022793348236227178,0.19434743806242244,0.0,0.0,0.0152,0.015300000000000001,0.0173,-0.06959153235332838,-0.6889045622002709,0.01592,0.016555,-0.0006350000000000001,0.782565905552415,0
2019-11-04,129.0800018310547,129.4199981689453,128.55999755859375,128.82000732421875,107.11164855957031,9159900,0.0,12.829999923706055,1.53,1.56,1.79,0.007949407686968809,0.18649305914025005,0.0,0.0,0.015300000000000001,0.015600000000000001,0.0179,0.04308940851646659,-0.6345944838524882,0.01568,0.016445,-0.0007650000000000018,0.7669750495555419,0
2019-11-05,129.38999938964844,130.3000030517578,128.83999633789062,129.10000610351562,107.34445190429688,13747600,0.0,13.100000381469727,1.56,1.62,1.86,0.0021711057477041824,0.1848169628745752,0.0,0.0,0.015600000000000001,0.016200000000000003,0.018600000000000002,0.021044462928233587,-0.6260133828111581,0.015540000000000002,0.016364999999999998,-0.0008249999999999959,0.7657118076532796,0
2019-11-06,128.69000244140625,129.83999633789062,128.5800018310547,129.3000030517578,107.5107650756836,11231100,0.0,12.619999885559082,1.56,1.58,1.81,0.001548142111156953,0.15469234908072735,0.0,0.0,0.015600000000000001,0.0158,0.0181,-0.036641258162833146,-0.4446777782753172,0.01542,0.016300000000000002,-0.0008800000000000023,0.7869087629759268,0
2019-11-07,130.42999267578125,131.2899932861328,129.9199981689453,130.0,108.0927734375,13528900,0.0,12.729999542236328,1.56,1.58,1.92,0.005398888900689476,0.15477600793790558,0.0,0.0,0.015600000000000001,0.0158,0.0192,0.008716296170740545,-0.4601793250120359,0.015460000000000002,0.01624,-0.0007799999999999994,0.7842555698015455,0
2019-11-08,129.8800048828125,130.39999389648438,129.25,130.3800048828125,108.40876770019531,9293400,0.0,12.069999694824219,1.55,1.58,1.94,0.002919096884210195,0.15310191997181144,0.0,0.0,0.0155,0.0158,0.0194,-0.051846022870803976,-0.4221576390504309,0.01552,0.016175000000000002,-0.0006550000000000011,0.7871247706272319,0
2019-11-11,129.60000610351562,130.10000610351562,129.35000610351562,129.9199981689453,108.0262680053711,8679000,0.0,12.6899995803833,1.55,1.58,1.94,-0.0035345487554024947,0.15177817552559042,0.0,0.0,0.0155,0.0158,0.0194,0.05136701750083272,-0.3981374422994591,0.015560000000000001,0.01611,-0.0005499999999999984,0.7661933799026177,0
2019-11-12,129.6300048828125,130.6199951171875,129.00999450683594,129.16000366210938,107.39434814453125,9099000,0.0,12.680000305175781,1.59,1.58,1.92,-0.0058668634849736905,0.1564771761582815,0.0,0.0,0.0159,0.0158,0.0192,-0.0007879649754265472,-0.42638687699237404,0.01562,0.01607,-0.00045000000000000075,0.7612573841488381,0
2019-11-13,128.1300048828125,128.82000732421875,127.41999816894531,128.47999572753906,106.82893371582031,8023300,0.0,13.0,1.57,1.57,1.88,-0.005278751560053211,0.13167535983725048,0.0,0.0,0.015700000000000002,0.015700000000000002,0.018799999999999997,0.025236568385065494,-0.3243672629294612,0.015639999999999998,0.016025,-0.0003850000000000034,0.7358697869637283,0
2019-11-14,127.72000122070312,128.83999633789062,127.58999633789062,128.60000610351562,106.92870330810547,8483400,0.0,13.050000190734863,1.57,1.55,1.82,0.0009334833685391045,0.13040288687190008,0.0,0.0,0.015700000000000002,0.0155,0.0182,0.0038461685180664062,-0.3202893855452347,0.01566,0.01598,-0.00032000000000000084,0.7371023599119693,0
2019-11-15,129.22999572753906,129.52999877929688,128.39999389648438,129.52999877929688,107.7020034790039,10163600,0.0,12.050000190734863,1.57,1.54,1.84,0.0072058982482399205,0.13086204832363077,0.0,0.0,0.015700000000000002,0.0154,0.0184,-0.07662835137044455,-0.33807412412664783,0.0157,0.015934999999999998,-0.0002349999999999991,0.752347214354458,0
2019-11-18,129.55999755859375,130.64999389648438,128.99000549316406,130.6199951171875,108.60830688476562,8749300,0.0,12.460000038146973,1.57,1.54,1.81,0.008379708832006698,0.1317556017823843,0.0,0.0,0.015700000000000002,0.0154,0.0181,0.03402488306409768,-0.3007814543932301,0.01574,0.015885000000000003,-0.00014500000000000277,0.750443085702467,0
2019-11-19,130.99000549316406,131.25,130.17999267578125,130.5800018310547,108.5750503540039,8824500,0.0,12.859999656677246,1.57,1.54,1.79,-0.0003062530337910317,0.10869638411210811,0.0,0.0,0.015700000000000002,0.0154,0.0179,0.032102698018110276,-0.3347626841495677,0.015700000000000002,0.015845,-0.0001449999999999993,0.7299669389526527,0
2019-11-20,130.3000030517578,130.6199951171875,128.94000244140625,129.6300048828125,107.7851333618164,11782800,0.0,12.779999732971191,1.57,1.54,1.73,-0.007301902673002398,0.11044865017811527,0.0,0.0,0.015700000000000002,0.0154,0.0173,-0.006220834046796964,-0.3771147276886004,0.015700000000000002,0.015805,-0.00010499999999999746,0.7208186315185222,0
2019-11-21,130.0,130.72000122070312,129.38999938964844,129.92999267578125,108.03459930419922,7705500,0.0,13.130000114440918,1.58,1.55,1.77,0.0023118002270265388,0.11042341087029274,0.0,0.0,0.0158,0.0155,0.0177,0.02738657189223237,-0.37013185886108696,0.015720000000000005,0.01576,-3.99999999999949e-05,0.7156252353080642,0
2019-11-22,130.14999389648438,131.22000122070312,130.10000610351562,130.7899932861328,108.74964904785156,8167900,0.0,12.34000015258789,1.58,1.56,1.77,0.006596903070969302,0.11122872784377899,0.0,0.0,0.0158,0.015600000000000001,0.0177,-0.06016755178731126,-0.4028725065286292,0.01574,0.01572,1.9999999999999185e-05,0.7312603684663002,0
2019-11-25,131.25,132.07000732421875,130.8699951171875,131.49000549316406,109.33169555664062,10068500,0.0,11.869999885559082,1.61,1.58,1.76,0.005337897121571694,0.10985979592212455,0.0,0.0,0.0161,0.0158,0.0176,-0.0380875414276427,-0.3769375565778571,0.01582,0.015700000000000002,0.00011999999999999858,0.7364069327034992,0
2019-11-26,131.82000732421875,131.82000732421875,130.36000061035156,131.6699981689453,109.48136901855469,10490700,0.0,11.539999961853027,1.6,1.59,1.74,0.0013680488918536337,0.1096857255620533,0.0,0.0,0.016,0.0159,0.0174,-0.027801173284553227,-0.39228360557124176,0.015880000000000002,0.015684999999999998,0.0001950000000000042,0.7396703344336567,0
2019-11-27,132.2899932861328,132.42999267578125,131.64999389648438,132.05999755859375,109.80559539794922,6607900,0.0,11.75,1.62,1.6,1.77,0.0029570988546620326,0.1093442138662475,0.0,0.0,0.016200000000000003,0.016,0.0177,0.018197577022630362,-0.3827366612701877,0.01598,0.015685,0.0002950000000000001,0.7388085475685869,0
2019-11-29,131.8699951171875,132.41000366210938,131.4499969482422,131.75999450683594,109.55619049072266,5712000,0.0,12.619999885559082,1.59,1.6,1.78,-0.0022739148815956343,0.10702833321493285,0.0,0.0,0.0159,0.016,0.0178,0.0740425434518368,-0.5212779493751275,0.016,0.015710000000000002,0.0002899999999999986,0.7283375066324831,0
2019-12-02,132.30999755859375,132.74000549316406,131.35000610351562,131.47000122070312,109.3150634765625,8615600,0.0,14.90999984741211,1.6,1.6,1.83,-0.0022033693995181596,0.10363176293753519,0.0,0.0,0.016,0.016,0.0183,0.1814580017923335,-0.444827360519737,0.016040000000000002,0.01575,0.00029000000000000206,0.6981751934157534,0
2019-12-03,129.77000427246094,129.9600067138672,128.58999633789062,129.77999877929688,107.90988159179688,10361300,0.0,15.960000038146973,1.57,1.57,1.72,-0.012937754315983813,0.08790713796456055,0.0,0.0,0.015700000000000002,0.015700000000000002,0.0172,0.07042254872437903,-0.40309084649592136,0.015960000000000002,0.01577,0.00019000000000000267,0.6619141757531402,0
2019-12-04,130.3800048828125,132.47000122070312,129.99000549316406,132.33999633789062,110.03845977783203,10318200,0.0,14.800000190734863,1.55,1.56,1.77,0.019533489940116285,0.10698048637840715,0.0,0.0,0.0155,0.015600000000000001,0.0177,-0.07268169452628592,-0.5392593690604236,0.015860000000000003,0.015765,9.500000000000133e-05,0.6853726051609884,0
2019-12-05,132.67999267578125,133.30999755859375,132.17999267578125,133.05999755859375,110.63715362548828,9587400,0.0,14.520000457763672,1.54,1.56,1.8,0.0054260215463155905,0.10791081817866263,0.0,0.0,0.0154,0.015600000000000001,0.018000000000000002,-0.0189189006326147,-0.5473136629667541,0.0157,0.015755,-5.500000000000296e-05,0.6913080516323924,0
2019-12-06,134.69000244140625,135.77999877929688,134.64999389648438,135.0399932861328,112.2834701538086,10170600,0.0,13.619999885559082,1.53,1.57,1.84,0.014770696691799987,0.11738499240208501,0.0,0.0,0.015300000000000001,0.015700000000000002,0.0184,-0.061983508528291376,-0.5931225143830858,0.01558,0.01574,-0.00016000000000000042,0.7120293435899268,0
2019-12-09,134.6300048828125,135.4600067138672,134.41000366210938,134.41000366210938,111.75965118408203,8498200,0.0,15.859999656677246,1.54,1.56,1.83,-0.00467606343872415,0.1189609592195701,0.0,0.0,0.0154,0.015600000000000001,0.0183,0.16446400807192196,-0.6041058728564778,0.015460000000000002,0.015735,-0.00027499999999999747,0.6740483481853581,0
2019-12-10,133.25,134.77000427246094,132.8800048828125,134.5,111.83446502685547,7532900,0.0,15.680000305175781,1.56,1.56,1.85,0.0006691933297097977,0.11889919680377802,0.0,0.0,0.015600000000000001,0.015600000000000001,0.018500000000000003,-0.011349265788015539,-0.605167514882593,0.01544,0.01574,-0.0002999999999999999,0.6752792537363754,0
2019-12-11,134.2899932861328,135.02000427246094,134.00999450683594,134.17999267578125,111.56838989257812,9011900,0.0,14.989999771118164,1.57,1.55,1.79,-0.002382022021904025,0.11835233531380346,0.0,0.0,0.015700000000000002,0.0155,0.0179,-0.04400513524415284,-0.5622743198089357,0.015479999999999999,0.01573,-0.00025000000000000196,0.6858175044609689,0
2019-12-12,134.49000549316406,138.47000122070312,134.2100067138672,138.02000427246094,114.76128387451172,13717400,0.0,13.9399995803833,1.56,1.55,1.9,0.028216413388848383,0.1469309466596719,0.0,0.0,0.015600000000000001,0.0155,0.019,-0.07004671159221365,-0.5988835685420095,0.01552,0.015725000000000003,-0.00020500000000000206,0.7210976735054937,0
2019-12-13,137.9499969482422,138.8300018310547,136.22000122070312,136.80999755859375,113.75515747070312,10592100,0.0,12.630000114440918,1.57,1.54,1.82,-0.008805781319544757,0.14995990022460984,0.0,0.0,0.015700000000000002,0.0154,0.0182,-0.09397413955347922,-0.4666051893185015,0.015600000000000003,0.015725000000000003,-0.0001250000000000001,0.7377031738659169,0
2019-12-16,138.3800048828125,138.83999633789062,137.32000732421875,137.33999633789062,114.19585418701172,11372000,0.0,12.140000343322754,1.57,1.54,1.89,0.0038665962669703993,0.14979685927156836,0.0,0.0,0.015700000000000002,0.0154,0.0189,-0.03879649775758176,-0.46563580833953055,0.01566,0.015725000000000003,-6.500000000000256e-05,0.7464455718397112,0
2019-12-17,137.72999572753906,138.6699981689453,137.22999572753906,138.17999267578125,114.8943099975586,11546800,0.0,12.289999961853027,1.56,1.53,1.89,0.006097668812379094,0.14946584274067054,0.0,0.0,0.015600000000000001,0.015300000000000001,0.0189,0.012355816662952268,-0.453841122740418,0.01566,0.01572,-6.0000000000001025e-05,0.743644130977315,0
2019-12-18,138.14999389648438,139.02000427246094,137.72000122070312,138.0399932861328,114.77790069580078,10381500,0.0,12.579999923706055,1.56,1.54,1.92,-0.0010136995797164383,0.14880845564121895,0.0,0.0,0.015600000000000001,0.0154,0.0192,0.023596416822877053,-0.47534675000406057,0.01564,0.015715,-7.499999999999868e-05,0.7339120308584265,0
2019-12-19,137.75999450683594,138.22000122070312,137.10000610351562,137.35000610351562,114.20420837402344,9350400,0.0,12.5,1.57,1.52,1.92,-0.005010815250813754,0.15085681177249724,0.0,0.0,0.015700000000000002,0.0152,0.0192,-0.00635929445081318,-0.460036501701084,0.01566,0.015715,-5.4999999999999494e-05,0.732253980945802,0
2019-12-20,138.02000427246094,138.8800048828125,136.89999389648438,137.24000549316406,114.11273193359375,29992600,0.0,12.510000228881836,1.58,1.52,1.92,-0.0008013110652340278,0.14722231763330024,0.0,0.0,0.0158,0.0152,0.0192,0.0008000183105467684,-0.47686326437011006,0.015680000000000003,0.015715,-3.499999999999684e-05,0.735980591715508,0
2019-12-23,137.60000610351562,137.91000366210938,136.8800048828125,137.1999969482422,114.0794677734375,9738400,0.0,12.609999656677246,1.59,1.53,1.93,-0.0002915451135891296,0.14758825022290895,0.0,0.0,0.0159,0.015300000000000001,0.019299999999999998,0.00799355922988254,-0.4780464571667986,0.01572,0.01572,0.0,0.7330031322768107,0
2019-12-24,137.3300018310547,137.6300048828125,137.05999755859375,137.5800018310547,114.3954086303711,3324300,0.0,12.670000076293945,1.58,1.53,1.9,0.002765652515393055,0.14687349647244233,0.0,0.0,0.0158,0.015300000000000001,0.019,0.004758161875518141,-0.47003704208973857,0.015760000000000003,0.015705,5.500000000000296e-05,0.7298659056299015,0
2019-12-26,137.88999938964844,139.10000610351562,137.77999877929688,139.0399932861328,115.6093978881836,6770900,0.0,12.649999618530273,1.58,1.53,1.9,0.010556305754081565,0.1492769896925595,0.0,0.0,0.0158,0.015300000000000001,0.019,-0.0015785680854961681,-0.461210632321436,0.0158,0.015695000000000004,0.00010499999999999746,0.7332576792381362,0
2019-12-27,139.3000030517578,139.77000427246094,138.6699981689453,139.13999938964844,115.69252014160156,7868200,0.0,13.430000305175781,1.57,1.51,1.88,0.0007187338324235997,0.14936464161593982,0.0,0.0,0.015700000000000002,0.0151,0.018799999999999997,0.061660135191065724,-0.46820810095900717,0.0158,0.01567,0.00013000000000000164,0.7217338855347288,0
2019-12-30,139.89999389648438,140.0800018310547,138.47000122070312,138.6300048828125,115.26848602294922,6963000,0.0,14.819999694824219,1.57,1.57,1.9,-0.003671915031287843,0.15093738691900468,0.0,0.0,0.015700000000000002,0.015700000000000002,0.019,0.10349957990043723,-0.48555699348373915,0.015780000000000002,0.01566,0.00012000000000000205,0.697940836359273,0
2019-12-31,138.50999450683594,139.47999572753906,138.2899932861328,139.39999389648438,115.90876007080078,7201600,0.0,13.779999732971191,1.55,1.59,1.92,0.005539262153344732,0.15037189869265621,0.0,0.0,0.0155,0.0159,0.0192,-0.07017543746753518,-0.47786102852206835,0.0157,0.015635000000000003,6.499999999999562e-05,0.7174412522171645,0
2020-01-02,139.7899932861328,141.10000610351562,139.25999450683594,141.08999633789062,117.31391143798828,10803700,0.0,12.470000267028809,1.54,1.56,1.88,0.012050015212698717,0.15262409482635367,0.0,0.0,0.0154,0.015600000000000001,0.018799999999999997,-0.09506527513262342,-0.5242350376074456,0.01562,0.01562,0.0,0.7446303325607473,0
2020-01-03,137.5,139.22999572753906,137.0800018310547,138.33999633789062,115.76579284667969,10386800,0.0,14.020000457763672,1.52,1.55,1.8,-0.013284222772129137,0.15309433422356747,0.0,0.0,0.0152,0.0155,0.018000000000000002,0.12429832859211132,-0.5606125220403783,0.0155,0.015605000000000003,-0.00010500000000000266,0.7222923106623366,0
2020-01-06,136.55999755859375,138.27000427246094,136.5,138.22999572753906,115.67372131347656,10259000,0.0,13.850000381469727,1.56,1.54,1.81,-0.0007956423378640329,0.14179056837079196,0.0,0.0,0.015600000000000001,0.0154,0.0181,-0.01212553999595678,-0.521982205628021,0.015479999999999999,0.015615000000000004,-0.0001350000000000049,0.7126189951649013,0
2020-01-07,137.27999877929688,137.86000061035156,135.82000732421875,135.8800048828125,113.70721435546875,10531300,0.0,13.789999961853027,1.54,1.53,1.83,-0.017146631062404254,0.1564774822778757,0.0,0.0,0.0154,0.015300000000000001,0.0183,-0.004332160141813035,-0.46373638131798606,0.01542,0.01562,-0.00020000000000000052,0.7000396127854438,0
2020-01-08,135.6999969482422,137.5800018310547,135.60000610351562,136.94000244140625,114.5942611694336,9695300,0.0,13.449999809265137,1.54,1.55,1.87,0.007770876431935112,0.150657219656118,0.0,0.0,0.0154,0.0155,0.0187,-0.024655558631502927,-0.43646766054670816,0.0154,0.015620000000000004,-0.00022000000000000318,0.7007277700620589,0
2020-01-09,138.0500030517578,138.22999572753906,137.0399932861328,137.44000244140625,115.0126953125,9469000,0.0,12.539999961853027,1.54,1.54,1.85,0.0036447903208292544,0.14948086410145325,0.0,0.0,0.0154,0.0154,0.018500000000000003,-0.0676579821796911,-0.438466071234584,0.015400000000000002,0.015610000000000002,-0.00021000000000000012,0.7186741583391352,0
2020-01-10,137.2100067138672,137.25,135.80999755859375,136.07000732421875,113.86624908447266,10190900,0.0,12.5600004196167,1.54,1.53,1.83,-0.010018010343367974,0.15460550704074785,0.0,0.0,0.0154,0.015300000000000001,0.0183,0.0015949328408704222,-0.4344869691637771,0.01544,0.015595000000000001,-0.00015500000000000062,0.7120271495877055,0
2020-01-13,136.19000244140625,137.1999969482422,135.75999450683594,137.1999969482422,114.81183624267578,12355200,0.0,12.319999694824219,1.57,1.53,1.85,0.008270075781247823,0.15618870136175406,0.0,0.0,0.015700000000000002,0.015300000000000001,0.018500000000000003,-0.01910833732279482,-0.4519417146766293,0.015460000000000002,0.0156,-0.00013999999999999777,0.7217945518325473,0
2020-01-14,137.94000244140625,140.75999450683594,137.69000244140625,138.8000030517578,116.15076446533203,24906000,0.0,12.390000343322754,1.57,1.53,1.82,0.011594459172412322,0.12830775835862301,0.0,0.0,0.015700000000000002,0.015300000000000001,0.0182,0.005681870960430491,-0.35760004008924284,0.01552,0.0156,-7.999999999999848e-05,0.7109010221049703,0
2020-01-15,137.85000610351562,138.60000610351562,136.14999389648438,136.72000122070312,114.41015625,16293400,0.0,12.420000076293945,1.57,1.54,1.79,-0.015099187488090911,0.13574091260769788,0.0,0.0,0.015700000000000002,0.0154,0.0179,0.0024212858869983034,-0.46957425681397635,0.015580000000000002,0.0156,-1.999999999999745e-05,0.7067265936312853,0
2020-01-16,137.4499969482422,137.89999389648438,136.83999633789062,137.25,114.85369873046875,10783800,0.0,12.319999694824219,1.55,1.54,1.81,0.0038692800823291323,0.1357418080673832,0.0,0.0,0.0155,0.0154,0.0181,-0.008051560455349493,-0.4636927079733877,0.0156,0.015595000000000001,4.9999999999980616e-06,0.708156053874438,0
2020-01-17,137.5399932861328,138.2899932861328,137.32000732421875,138.1999969482422,115.648681640625,14697700,0.0,12.100000381469727,1.56,1.56,1.84,0.0068978555536681535,0.13620192392101665,0.0,0.0,0.015600000000000001,0.015600000000000001,0.0184,-0.017857087565263163,-0.48309901941685085,0.01564,0.015595000000000001,4.49999999999999e-05,0.7117736317336079,0
2020-01-21,137.19000244140625,138.07000732421875,136.69000244140625,136.83999633789062,114.51056671142578,8474200,0.0,12.850000381469727,1.56,1.54,1.78,-0.009889884624675702,0.14068708036243358,0.0,0.0,0.015600000000000001,0.0154,0.0178,0.06198346912026298,-0.5168058067581096,0.01562,0.015590000000000001,2.9999999999998778e-05,0.6957812586007106,0
2020-01-22,137.24000549316406,137.39999389648438,136.3800048828125,136.67999267578125,114.3766860961914,7549100,0.0,12.90999984741211,1.55,1.55,1.77,-0.0011698391138901013,0.1396267519426015,0.0,0.0,0.0155,0.0155,0.0177,0.004669219000873026,-0.5262229170478193,0.015580000000000002,0.015575000000000002,4.999999999999796e-06,0.6972108471735884,0
2020-01-23,135.7100067138672,136.74000549316406,134.72000122070312,136.5399932861328,114.25951385498047,9345700,0.0,12.979999542236328,1.55,1.55,1.74,-0.001024966750619245,0.1396465231780486,0.0,0.0,0.0155,0.0155,0.0174,0.005422129794854458,-0.5266401828709588,0.015540000000000002,0.015555000000000003,-1.5000000000001124e-05,0.696078223045888,0
2020-01-24,136.3699951171875,136.42999267578125,132.32000732421875,133.14999389648438,111.42269134521484,15166400,0.0,14.5600004196167,1.54,1.55,1.7,-0.025141299303932114,0.16471847653937954,0.0,0.0,0.0154,0.0155,0.017,0.12172580378289855,-0.6365619247773231,0.01552,0.015535000000000002,-1.5000000000001124e-05,0.6587265450295104,0
2020-01-27,130.27000427246094,132.94000244140625,129.7100067138672,132.02999877929688,110.48546600341797,12860500,0.0,18.229999542236328,1.55,1.53,1.61,-0.008447016330871552,0.16595885269427688,0.0,0.0,0.0155,0.015300000000000001,0.0161,0.25206037203646203,-0.5655920045196858,0.0155,0.01552,-2.000000000000092e-05,0.5996499874716241,0
2020-01-28,132.83999633789062,134.97000122070312,132.47999572753906,134.42999267578125,112.49384307861328,13062800,0.0,16.280000686645508,1.57,1.53,1.65,0.018014509030501516,0.17465712061632263,0.0,0.0,0.015700000000000002,0.015300000000000001,0.0165,-0.10696647858234709,-0.6270932227210196,0.01552,0.01552,0.0,0.6319325949430112,0
2020-01-29,134.80999755859375,135.5399932861328,133.69000244140625,134.22999572753906,112.32648468017578,9326000,0.0,16.389999389648438,1.56,1.51,1.6,-0.0014888193698454897,0.1745028272973041,0.0,0.0,0.015600000000000001,0.0151,0.016,0.006756676803653994,-0.638145404327277,0.015540000000000002,0.015515000000000001,2.5000000000000716e-05,0.629047950683139,0
2020-01-30,132.69000244140625,136.1300048828125,132.69000244140625,135.88999938964844,113.71559143066406,9048900,0.0,15.489999771118164,1.57,1.48,1.57,0.012290846566726877,0.18054769229657663,0.0,0.0,0.015700000000000002,0.0148,0.015700000000000002,-0.054911510191921864,-0.6605450367833581,0.01558,0.015525,5.4999999999999494e-05,0.6514003046291436,0
2020-01-31,134.49000549316406,134.8300018310547,131.47000122070312,132.36000061035156,110.7616195678711,12785200,0.0,18.84000015258789,1.55,1.45,1.51,-0.02632019864039122,0.19952938642186258,0.0,0.0,0.0155,0.014499999999999999,0.0151,0.216268588183969,-0.7282337324402992,0.015600000000000003,0.015530000000000002,7.000000000000062e-05,0.5846031153040196,0
2020-02-03,132.66000366210938,134.24000549316406,132.66000366210938,133.3699951171875,111.6068115234375,10021100,0.0,17.969999313354492,1.57,1.46,1.54,0.007601762727672357,0.1961025185268934,0.0,0.0,0.015700000000000002,0.0146,0.0154,-0.046178388120336256,-0.7161662421051299,0.01564,0.015555,8.500000000000174e-05,0.5943777163491051,0
2020-02-04,135.5500030517578,136.60000610351562,135.0800018310547,135.2899932861328,113.21350860595703,9157100,0.0,16.049999237060547,1.57,1.48,1.61,0.014293409383344356,0.20000237549897817,0.0,0.0,0.015700000000000002,0.0148,0.0161,-0.106844749563629,-0.7263215157317062,0.01564,0.01556,8.000000000000194e-05,0.6382078345874868,0
2020-02-05,136.57000732421875,137.72999572753906,136.00999450683594,137.58999633789062,115.13819122314453,10150700,0.0,15.149999618530273,1.57,1.49,1.66,0.01685757713008948,0.20942516316025983,0.0,0.0,0.015700000000000002,0.0149,0.0166,-0.05607474525307843,-0.7332659198838205,0.01566,0.015575000000000002,8.499999999999827e-05,0.6615664134560739,0
2020-02-06,138.24000549316406,138.2899932861328,137.11000061035156,137.61000061035156,115.15495300292969,8992300,0.0,14.960000038146973,1.57,1.51,1.65,0.0001455690734614811,0.2001788142936162,0.0,0.0,0.015700000000000002,0.0151,0.0165,-0.012541226743722711,-0.7755872967020243,0.01566,0.015590000000000001,6.999999999999888e-05,0.6745723125815127,0
2020-02-07,136.72999572753906,137.6699981689453,136.3000030517578,137.1699981689453,114.78672790527344,6379800,0.0,15.470000267028809,1.56,1.49,1.59,-0.00320277220698069,0.19883230660720477,0.0,0.0,0.015600000000000001,0.0149,0.0159,0.03409092430356764,-0.7749613390138056,0.01568,0.015600000000000003,7.999999999999674e-05,0.6607583034352131,0
2020-02-10,136.9499969482422,137.85000610351562,136.75,137.74000549316406,115.26371765136719,5960700,0.0,15.039999961853027,1.58,1.45,1.56,0.004146833347570666,0.19895329031207862,0.0,0.0,0.0158,0.014499999999999999,0.015600000000000001,-0.02779575292524339,-0.7803483436238469,0.015700000000000002,0.01562,8.000000000000194e-05,0.6671969292624724,0
2020-02-11,138.25999450683594,138.82000732421875,137.77999877929688,138.0,115.48128509521484,6578600,0.0,15.180000305175781,1.57,1.48,1.59,0.0018857830569124828,0.1955671591710027,0.0,0.0,0.015700000000000002,0.0148,0.0159,0.009308533489218451,-0.7994345015168002,0.015700000000000002,0.01562,8.000000000000194e-05,0.6722835154679699,0
2020-02-12,138.60000610351562,139.2899932861328,137.8000030517578,138.0,115.48128509521484,7958000,0.0,13.739999771118164,1.58,1.49,1.62,0.0,0.19360651226196504,0.0,0.0,0.0158,0.0149,0.016200000000000003,-0.09486169335363148,-0.7702083666875269,0.01572,0.015625000000000003,9.499999999999786e-05,0.687922003873255,0
2020-02-13,137.75,138.33999633789062,136.39999389648438,137.8800048828125,115.38088989257812,7447500,0.0,14.149999618530273,1.59,1.48,1.61,-0.0008697415154361392,0.18919017192158102,0.0,0.0,0.0159,0.0148,0.0161,0.02983987294337087,-0.7860160224707611,0.015760000000000003,0.015635000000000003,0.0001250000000000001,0.6746486240985061,0
2020-02-14,137.83999633789062,138.19000244140625,136.94000244140625,137.4600067138672,115.02941131591797,6627600,0.0,13.680000305175781,1.58,1.49,1.59,-0.003050895272005765,0.18178734151317424,0.0,0.0,0.0158,0.0149,0.0159,-0.03321550007245233,-0.8126563804016437,0.0158,0.015650000000000004,0.00014999999999999736,0.6885311460534489,0
2020-02-18,137.33999633789062,137.7100067138672,135.0500030517578,135.63999938964844,113.50640106201172,8996400,0.0,14.829999923706055,1.58,1.47,1.55,-0.013328613884512142,0.1871639755367122,0.0,0.0,0.0158,0.0147,0.0155,0.08406429772484536,-0.8182053534219144,0.0158,0.01566,0.00014000000000000123,0.661873951050939,0
2020-02-19,136.91000366210938,138.38999938964844,136.33999633789062,137.49000549316406,115.05450439453125,7071200,0.0,14.380000114440918,1.58,1.47,1.56,0.013546734987287031,0.19186125222559464,0.0,0.0,0.0158,0.0147,0.015600000000000001,-0.030343884799743148,-0.8126052988605208,0.01582,0.01567,0.00015000000000000083,0.6722569724493053,0
2020-02-20,137.1699981689453,138.36000061035156,136.52999877929688,137.49000549316406,115.05450439453125,7422800,0.0,15.5600004196167,1.58,1.46,1.52,0.0,0.18862868849123057,0.0,0.0,0.0158,0.0146,0.0152,0.08205843503372323,-0.7994678768936201,0.01582,0.015685,0.0001349999999999997,0.661295088189373,0
2020-02-21,136.5500030517578,136.9199981689453,134.9199981689453,135.80999755859375,113.64866638183594,9772800,0.0,17.079999923706055,1.56,1.43,1.46,-0.012294151542630598,0.19353808431942637,0.0,0.0,0.015600000000000001,0.0143,0.0146,0.09768634081610128,-0.8084701033634013,0.015760000000000003,0.015690000000000003,7.000000000000062e-05,0.6329700499644093,0
2020-02-24,131.44000244140625,133.1999969482422,130.8000030517578,132.16000366210938,110.59424591064453,13618400,0.0,25.030000686645508,1.53,1.35,1.38,-0.02724375418753395,0.21490089501204065,0.0,0.0,0.015300000000000001,0.013500000000000002,0.0138,0.46545672122078363,-0.8218451096408651,0.01566,0.015685,-2.5000000000000716e-05,0.503848963647521,0
2020-02-25,131.0,132.22999572753906,125.58999633789062,126.26000213623047,105.65699005126953,20797200,0.0,27.850000381469727,1.53,1.3,1.33,-0.04567015739656336,0.2518783200728823,0.0,0.0,0.015300000000000001,0.013000000000000001,0.013300000000000001,0.11266478695419302,-0.7323076432451439,0.01556,0.015675,-0.00011500000000000225,0.45136383411840675,0
2020-02-26,126.93000030517578,128.9499969482422,126.33999633789062,126.63999938964844,105.97499084472656,24825600,0.0,27.559999465942383,1.53,1.26,1.33,0.003005226633923782,0.25161269194166913,0.0,0.0,0.015300000000000001,0.0126,0.013300000000000001,-0.010412959122266252,-0.7549719780372219,0.015460000000000002,0.015655000000000002,-0.00019500000000000073,0.4623214446121845,0
2020-02-27,122.91000366210938,125.62000274658203,121.30000305175781,121.37000274658203,101.56495666503906,23005500,0.0,39.15999984741211,1.45,1.18,1.3,-0.04250456991438002,0.2770543050670356,0.0,0.0,0.014499999999999999,0.0118,0.013000000000000001,0.4208998768597427,-0.8083192195286872,0.0152,0.015600000000000003,-0.0004000000000000028,0.2606667325772193,0
2020-02-28,117.5199966430664,118.48999786376953,112.66000366210938,116.11000061035156,97.16328430175781,32103200,0.0,40.11000061035156,1.27,0.97,1.13,-0.04430565434733145,0.30840529143782625,0.0,0.0,0.0127,0.0097,0.0113,0.024259467993900774,-0.7054583071989761,0.01462,0.015450000000000002,-0.0008300000000000026,0.22161586615932083,0
2020-03-02,116.62999725341797,121.58000183105469,114.45999908447266,121.5199966430664,101.69048309326172,27355400,0.0,33.41999816894531,1.13,0.89,1.1,0.04554081385234367,0.35279626012319354,0.0,0.0,0.0113,0.0089,0.011000000000000001,-0.16679138218910172,-0.7268572478575923,0.013819999999999999,0.01524,-0.0014200000000000011,0.3369312007244297,0
2020-03-03,120.97000122070312,122.94999694824219,116.23999786376953,116.95999908447266,97.87456512451172,32103200,0.0,36.81999969482422,0.95,0.73,1.02,-0.03824700930964775,0.36398247901122316,0.0,0.0,0.0095,0.0073,0.0102,0.10173553896356191,-0.6999863177277428,0.01266,0.014930000000000002,-0.002270000000000003,0.28128473910833474,0
2020-03-04,118.33000183105469,120.19000244140625,114.69999694824219,119.8499984741211,100.2929916381836,25795900,0.0,31.989999771118164,0.72,0.59,1.02,0.024409107401610793,0.37628118428361396,0.0,0.0,0.0072,0.0059,0.0102,-0.13117870623950623,-0.715685858972848,0.01104,0.014505,-0.003465000000000001,0.36025461681887183,0
2020-03-05,115.66999816894531,116.43000030517578,112.58000183105469,113.97000122070312,95.37247467041016,25025600,0.0,39.619998931884766,0.62,0.48,0.92,-0.05030580717505155,0.40013781055977066,0.0,0.0,0.0062,0.0048,0.0092,0.23851201048320303,-0.7291987580779228,0.00938,0.01403,-0.004650000000000001,0.2128572031729694,0
2020-03-06,106.26000213623047,110.31999969482422,105.0199966430664,108.08000183105469,90.443603515625,32103200,0.0,41.939998626708984,0.45,0.39,0.74,-0.0530635204710546,0.41795453697024754,0.0,0.0,0.0045000000000000005,0.0039000000000000003,0.0074,0.05855627858074386,-0.6713619477613899,0.0077399999999999995,0.013470000000000001,-0.005730000000000002,0.13811121751510072,0
2020-03-09,96.56999969482422,99.2300033569336,93.0,93.44000244140625,78.19256591796875,32103200,0.0,44.16750383377075,0.33,0.31,0.54,-0.1455519128396156,0.6218342263157705,0.0,0.0,0.0033,0.0031,0.0054,0.05311171387695768,-0.4359036989429937,0.00614,0.012855,-0.0067150000000000005,0.019580930479111382,0
2020-03-10,99.0,101.27999877929688,94.58000183105469,100.69999694824219,84.26786041259766,31102700,0.0,44.16750383377075,0.44,0.43,0.76,0.0748259617482985,0.6997772534545421,0.0,0.0,0.0044,0.0043,0.0076,0.0,-0.4247079628484996,0.0051199999999999996,0.012285,-0.007165000000000001,0.06602660545249187,0
2020-03-11,97.69999694824219,100.05000305175781,94.55000305175781,95.95999908447266,80.30134582519531,32103200,0.0,44.16750383377075,0.42,0.4,0.82,-0.04821415901564798,0.7054759836602132,0.0,0.0,0.0042,0.004,0.008199999999999999,0.0,-0.39554466218000395,0.004520000000000001,0.01171,-0.007189999999999999,0.03485934809343314,0
2020-03-12,89.58999633789062,96.95999908447266,86.31999969482422,88.05000305175781,73.68209838867188,32103200,0.0,44.16750383377075,0.33,0.39,0.88,-0.08602650947644071,0.7403592632343495,0.0,0.0,0.0033,0.0039000000000000003,0.0088,0.0,-0.34000587770975466,0.00394,0.011085000000000001,-0.007145000000000001,1.4278572824100166e-08,0
2020-03-13,95.98999786376953,103.98999786376953,92.0,103.91000366210938,86.95406341552734,32103200,0.0,44.16750383377075,0.28,0.38,0.94,0.16562010119097179,0.9831568790033361,0.0,0.0,0.0028000000000000004,0.0038,0.009399999999999999,0.0,-0.30977282841579407,0.0036,0.01043,-0.00683,0.08111399610392041,0
2020-03-16,85.19999694824219,93.9800033569336,84.55000305175781,88.36000061035156,73.94149017333984,32103200,0.0,44.16750383377075,0.24,0.29,0.73,-0.16210586536797295,1.107790435304141,0.0,0.0,0.0024,0.0029,0.0073,0.0,-0.22631812971080395,0.0034200000000000003,0.009760000000000001,-0.006340000000000001,1.4278572824100166e-08,0
2020-03-17,90.88999938964844,97.44000244140625,87.5,93.76000213623047,78.4603500366211,32103200,0.0,44.16750383377075,0.19,0.3,1.02,0.0593192949860854,1.141222147911179,0.0,0.0,0.0019,0.003,0.0102,0.0,-0.2373728326256373,0.00292,0.009065,-0.006145,0.022265226107226574,0
2020-03-18,87.66999816894531,90.79000091552734,80.36000061035156,83.88999938964844,70.2009048461914,32103200,0.0,44.16750383377075,0.02,0.21,1.18,-0.11123220161440306,1.1854722519273093,0.0,0.0,0.0002,0.0021,0.0118,0.0,-0.202301076042218,0.00212,0.008284999999999999,-0.006164999999999999,1.4278572824100166e-08,0
2020-03-19,81.55999755859375,88.11000061035156,76.91000366210938,85.30000305175781,71.38081359863281,32103200,0.0,44.16750383377075,0.04,0.2,1.12,0.016667915633062816,1.1867293407680355,0.0,0.0,0.0004,0.002,0.011200000000000002,0.0,-0.1991302483435444,0.0015400000000000001,0.007514999999999999,-0.005974999999999999,1.4278572824100166e-08,0
2020-03-20,86.30000305175781,89.45999908447266,82.4800033569336,83.5,69.87455749511719,30150800,0.0,44.16750383377075,0.05,0.15,0.92,-0.021327517480343672,1.1838781054211227,0.0,0.0,0.0005,0.0015,0.0092,0.0,-0.20142585619917175,0.00108,0.00676,-0.00568,1.4278572824100166e-08,0
2020-03-23,82.68000030517578,83.75,78.08999633789062,79.02999877929688,66.13395690917969,32103200,0.0,44.16750383377075,0.02,0.17,0.76,-0.05501926343983453,1.1879144454027044,0.0,0.0,0.0002,0.0017000000000000001,0.0076,0.0,-0.19483205628443914,0.00064,0.006005,-0.005365,1.4278572824100166e-08,0
2020-03-24,84.9000015258789,90.0999984741211,82.9000015258789,88.43000030517578,74.00009155273438,32103200,0.0,44.16750383377075,0.01,0.25,0.84,0.11238399519405096,1.2806051410520487,0.0,0.0,0.0001,0.0025,0.0084,0.0,-0.2502283084818841,0.00028,0.005245,-0.004965,0.010832317130989783,0
2020-03-25,89.23999786376953,95.1500015258789,84.54000091552734,91.7300033569336,76.7615966796875,32103200,0.0,44.16750383377075,0.0,0.19,0.88,0.036638141454562546,1.290815133816402,0.0,0.0,0.0,0.0019,0.0088,0.0,-0.24724882338938398,0.00023999999999999998,0.00448,-0.00424,0.05982535216142187,0
2020-03-26,94.08000183105469,98.56999969482422,93.54000091552734,98.12000274658203,82.10887145996094,29826300,0.0,44.16750383377075,0.0,0.13,0.83,0.06734159552316425,1.3211404505670858,0.0,0.0,0.0,0.0013,0.0083,0.0,-0.2502437937106976,0.00016,0.003755,-0.003595,0.0981208098335888,0
2020-03-27,93.19000244140625,94.83999633789062,90.55000305175781,91.12999725341797,76.2594985961914,30041500,0.0,44.16750383377075,0.03,0.11,0.72,-0.07390408789781001,1.3346391183023065,0.0,0.0,0.0003,0.0011,0.0072,0.0,-0.280518239291692,0.00012000000000000002,0.003135,-0.0030150000000000003,0.07943062055773764,0
2020-03-30,90.6500015258789,94.08999633789062,89.30000305175781,93.5,78.24274444580078,21656900,0.0,44.16750383377075,0.12,0.14,0.7,0.025674122901439285,1.336397699099539,0.0,0.0,0.0012,0.0014000000000000002,0.006999999999999999,0.0,-0.27860417019238254,0.00031999999999999997,0.0026299999999999995,-0.0023099999999999996,0.12108524987248212,0
2020-03-31,92.05000305175781,94.16999816894531,89.33999633789062,90.02999877929688,75.3389892578125,23379300,0.0,44.16750383377075,0.11,0.17,0.7,-0.03781831595442899,1.3236366744104746,0.0,0.0,0.0011,0.0017000000000000001,0.006999999999999999,0.0,-0.23207563365161457,0.00052,0.00221,-0.00169,0.07146672022559361,0
2020-04-01,85.0999984741211,86.55999755859375,83.25,84.36000061035156,70.59423065185547,28029600,0.0,44.16750383377075,0.09,0.16,0.62,-0.06504936408165785,1.3329742769912452,0.0,0.0,0.0009,0.0016,0.0062,0.0,-0.21569698981482258,0.0007,0.0018950000000000002,-0.0011950000000000003,0.05551293762320666,0
2020-04-02,83.51000213623047,87.91000366210938,82.95999908447266,87.51000213623047,73.230224609375,24018000,0.0,44.16750383377075,0.09,0.14,0.63,0.03665981789753273,1.3382676271659608,0.0,0.0,0.0009,0.0014000000000000002,0.0063,0.0,-0.19493459697139465,0.00088,0.00163,-0.0007499999999999999,0.06280502720411259,0
2020-04-03,86.0,87.4800033569336,82.7699966430664,84.05000305175781,71.065673828125,21199400,0.0,44.16750383377075,0.1,0.15,0.62,-0.03000380724289783,1.333353289433007,0.0,0.0,0.001,0.0015,0.0062,0.0,-0.32826698373918045,0.00102,0.0014550000000000001,-0.00043500000000000006,0.07488955097325173,0
2020-04-06,88.98999786376953,90.98999786376953,87.69999694824219,89.45999908447266,75.63993072509766,26820800,0.0,44.16750383377075,0.15,0.2,0.67,0.06237989493730537,1.3506073849064055,0.0,0.0,0.0015,0.002,0.0067,0.0,-0.3690620249636045,0.00108,0.0013650000000000001,-0.0002850000000000001,0.14360586966870406,0
2020-04-07,94.44999694824219,94.5,90.37999725341797,90.63999938964844,76.63764953613281,22563800,0.0,44.16750383377075,0.14,0.2,0.75,0.013104136360782719,1.2563023591516345,0.0,0.0,0.0014000000000000002,0.002,0.0075,0.0,,0.00114,0.0012150000000000002,-7.50000000000002e-05,0.23804399419275069,0
2020-04-08,92.0999984741211,94.86000061035156,90.55000305175781,94.30000305175781,79.73222351074219,22903300,0.0,43.349998474121094,0.22,0.23,0.77,0.03958534983132973,1.2352727676525928,0.0,0.0,0.0022,0.0023,0.0077,-0.01850920447590676,-0.12431823319379678,0.0014000000000000002,0.001115,0.0002850000000000001,0.22874024933101014,0
2020-04-09,96.91999816894531,104.38999938964844,96.88999938964844,102.76000213623047,86.88529968261719,32103200,0.0,41.66999816894531,0.25,0.25,0.73,0.08591504022348381,1.2600496347488583,0.0,0.0,0.0025,0.0025,0.0073,-0.03875433366344183,-0.2637752313424095,0.0017200000000000004,0.001075,0.0006450000000000004,0.33256706518380724,0
2020-04-13,103.11000061035156,103.11000061035156,97.30000305175781,98.19000244140625,83.02130126953125,26911900,0.0,41.16999816894531,0.26,0.27,0.76,-0.045491637684017726,1.2311517539253531,0.0,0.0,0.0026,0.0027,0.0076,-0.011999040604053213,-0.21461547847531676,0.00204,0.001065,0.0009750000000000002,0.36383425149608595,0
2020-04-14,101.0199966430664,102.0,93.63999938964844,95.5,80.74683380126953,32103200,0.0,37.7599983215332,0.2,0.25,0.76,-0.0277784652286665,1.0886197322233904,0.0,0.0,0.002,0.0025,0.0076,-0.08282730141057637,-0.06490263742253255,0.0021400000000000004,0.0010450000000000001,0.0010950000000000003,0.2974059885123498,0
2020-04-15,91.1500015258789,92.02999877929688,90.12999725341797,90.79000091552734,76.76446533203125,30118600,0.0,40.84000015258789,0.14,0.19,0.63,-0.05057690935269421,0.9426908479164601,0.0,0.0,0.0014000000000000002,0.0019,0.0063,0.08156784872784995,-0.15894116491282684,0.0021400000000000004,0.0010199999999999999,0.0011200000000000006,0.319814241265177,0
2020-04-16,90.2300033569336,90.56999969482422,87.05000305175781,87.33000183105469,73.8389663696289,32103200,0.0,40.11000061035156,0.14,0.17,0.61,-0.03885525023778669,0.9284304685571841,0.0,0.0,0.0014000000000000002,0.0017000000000000001,0.0060999999999999995,-0.01787462143753371,-0.15078464792863508,0.00198,0.00108,0.0009,0.2718003636253624,0
2020-04-17,92.0,95.69999694824219,90.95999908447266,95.18000030517578,80.4762954711914,30191900,0.0,38.150001525878906,0.12,0.16,0.65,0.08607608301229619,0.8890771134586426,0.0,0.0,0.0012,0.0016,0.006500000000000001,-0.048865595977249154,-0.24153032706311928,0.00172,0.00112,0.0006000000000000001,0.41723176089731,0
2020-04-20,92.47000122070312,94.70999908447266,90.45999908447266,91.70999908447266,77.54232025146484,23679400,0.0,43.83000183105469,0.12,0.15,0.63,-0.037138819785060874,0.9007883568701641,0.0,0.0,0.0012,0.0015,0.0063,0.14888597845331075,-0.2829682669013597,0.00144,0.001155,0.0002850000000000001,0.30410164392746875,0
2020-04-21,88.62000274658203,91.37999725341797,88.33000183105469,89.05000305175781,75.29326629638672,23035000,0.0,44.16750383377075,0.11,0.17,0.58,-0.029433149286985143,0.9040850641294578,0.0,0.0,0.0011,0.0017000000000000001,0.0058,0.007700250709935741,-0.28664258029716905,0.0012600000000000003,0.0012000000000000001,6.000000000000016e-05,0.2944578161500653,0
2020-04-22,90.69000244140625,91.87000274658203,89.18000030517578,89.33999633789062,75.5384750366211,16662400,0.0,41.97999954223633,0.12,0.16,0.63,0.003251423793044922,0.8786930049773167,0.0,0.0,0.0012,0.0016,0.0063,-0.0495274602741268,-0.28451922292318976,0.0012200000000000002,0.001255,-3.4999999999999875e-05,0.3603771884605509,0
2020-04-23,89.73999786376953,91.27999877929688,89.26000213623047,89.38999938964844,75.58073425292969,16638800,0.0,41.380001068115234,0.11,0.17,0.61,0.0005592831991222157,0.7894962073628649,0.0,0.0,0.0011,0.0017000000000000001,0.0060999999999999995,-0.014292484055828392,-0.3194472169047093,0.00116,0.00131,-0.00014999999999999996,0.30238198182777154,0
2020-04-24,90.63999938964844,91.0999984741211,88.48999786376953,90.70999908447266,76.69680786132812,15809200,0.0,35.93000030517578,0.12,0.18,0.6,0.014658676226187608,0.7806187566645337,0.0,0.0,0.0012,0.0018,0.006,-0.13170615326877966,-0.313028262042394,0.00116,0.0013700000000000001,-0.00021000000000000012,0.3671171998551861,0
2020-04-27,91.94000244140625,95.62999725341797,91.54000091552734,94.62000274658203,80.0027847290039,22870200,0.0,33.290000915527344,0.12,0.17,0.67,0.042201354169844336,0.757800339526643,0.0,0.0,0.0012,0.0017000000000000001,0.0067,-0.07347618611815432,-0.37583588716641964,0.00116,0.001415,-0.000255,0.38984819414447736,0
2020-04-28,97.80999755859375,98.36000061035156,95.02999877929688,95.29000091552734,80.56929779052734,20238900,0.0,33.56999969482422,0.11,0.16,0.62,0.007056213050190993,0.7103953665102272,0.0,0.0,0.0011,0.0016,0.0062,0.00841089731440281,-0.38018190690980436,0.00116,0.00141,-0.00025,0.43404086649649853,0
2020-04-29,99.08000183105469,99.44999694824219,97.2699966430664,97.86000061035156,82.74226379394531,20462600,0.0,31.229999542236328,0.1,0.18,0.63,0.026612864761094056,0.7107865900911678,0.0,0.0,0.001,0.0018,0.0063,-0.06970509901281496,-0.4033857382384682,0.00112,0.001405,-0.0002850000000000001,0.4680115041114118,0
2020-04-30,95.5999984741211,96.83999633789062,94.55000305175781,95.76000213623047,80.96669006347656,19127600,0.0,34.150001525878906,0.09,0.16,0.64,-0.021692684683495212,0.7013472376794022,0.0,0.0,0.0009,0.0016,0.0064,0.0934999047852525,-0.41674714690972103,0.00108,0.001405,-0.000325,0.435916633044764,0
2020-05-01,93.5,93.73999786376953,91.83999633789062,93.25,78.84444427490234,18547700,0.0,37.189998626708984,0.12,0.17,0.64,-0.026560984799583593,0.6657665674405614,0.0,0.0,0.0012,0.0017000000000000001,0.0064,0.08901894480228245,-0.45864062145999906,0.00108,0.0014199999999999998,-0.0003399999999999998,0.41541956248355044,0
2020-05-04,92.0199966430664,92.66999816894531,90.80000305175781,92.13999938964844,77.9059066772461,15725900,0.0,35.970001220703125,0.13,0.16,0.64,-0.011975077665179976,0.6581411366844232,0.0,0.0,0.0013,0.0016,0.0064,-0.03280444880494526,-0.45878824801954593,0.0010999999999999998,0.001435,-0.00033500000000000023,0.40389004175160426,0
2020-05-05,93.6500015258789,94.20999908447266,91.9000015258789,92.0,77.78752136230469,18064100,0.0,33.61000061035156,0.13,0.16,0.66,-0.0015207493244599412,0.6474826220150269,0.0,0.0,0.0013,0.0016,0.0066,-0.06561024548960048,-0.44733450980142686,0.00114,0.001425,-0.0002850000000000001,0.4545416835856291,0
2020-05-06,92.16000366210938,92.76000213623047,89.93000030517578,90.2699966430664,76.32478332519531,20978000,0.0,34.119998931884766,0.12,0.16,0.72,-0.01898332474673843,0.616114122036762,0.0,0.0,0.0012,0.0016,0.0072,0.015174005125609291,-0.4911172905705795,0.00118,0.001415,-0.00023499999999999997,0.3988291474800174,0
2020-05-07,91.33999633789062,92.91000366210938,90.58000183105469,91.20999908447266,77.11959838867188,16771900,0.0,31.440000534057617,0.11,0.15,0.63,0.010359742900525958,0.6154757590438995,0.0,0.0,0.0011,0.0015,0.0063,-0.07854626265309517,-0.49570528318836504,0.00122,0.0013599999999999999,-0.00013999999999999993,0.43546213236349207,0
2020-05-08,92.80000305175781,94.08000183105469,92.11000061035156,92.69999694824219,78.37939453125,20487800,0.0,27.979999542236328,0.12,0.15,0.69,0.01620362528239023,0.6018490737040629,0.0,0.0,0.0012,0.0015,0.0069,-0.11005092026233321,-0.5113989395615902,0.0012200000000000002,0.001295,-7.499999999999976e-05,0.4709483154773806,0
2020-05-11,91.11000061035156,91.11000061035156,89.33000183105469,89.97000122070312,76.07113647460938,31907600,0.0,27.56999969482422,0.12,0.16,0.73,-0.02989215920484987,0.5196637766621838,0.0,0.0,0.0012,0.0016,0.0073,-0.01465331858898733,-0.5550175433015387,0.0012000000000000001,0.001225,-2.499999999999985e-05,0.40786967137344965,0
2020-05-12,90.1500015258789,90.79000091552734,86.9000015258789,87.02999877929688,73.5853271484375,27962900,0.0,33.040000915527344,0.13,0.16,0.69,-0.033223262286626816,0.509655881385299,0.0,0.0,0.0013,0.0016,0.0069,0.1984041088593127,-0.5772659832047479,0.0012000000000000001,0.0011899999999999999,1.0000000000000243e-05,0.3370684647387088,0
2020-05-13,86.37999725341797,86.86000061035156,83.4000015258789,84.02999877929688,71.04876708984375,32103200,0.0,35.279998779296875,0.13,0.15,0.64,-0.03507914478288418,0.5142395477937297,0.0,0.0,0.0013,0.0015,0.0064,0.0677965436349861,-0.6432385567104558,0.0012200000000000002,0.0011849999999999999,3.500000000000031e-05,0.3007388494166874,0
2020-05-14,82.72000122070312,88.11000061035156,82.4000015258789,87.5199966430664,73.99962615966797,32103200,0.0,32.61000061035156,0.12,0.15,0.63,0.040693539614039244,0.5119493098584852,0.0,0.0,0.0012,0.0015,0.0063,-0.07568022282676867,-0.6368925825139755,0.00124,0.001175,6.499999999999995e-05,0.39319026103369076,0
2020-05-15,86.8499984741211,87.27999877929688,85.30000305175781,85.9000015258789,72.6298828125,26099000,0.0,31.889999389648438,0.12,0.15,0.64,-0.018683595164417643,0.4981080610312626,0.0,0.0,0.0012,0.0015,0.0064,-0.022079153855476208,-0.6569270900082622,0.0012400000000000002,0.001175,6.500000000000017e-05,0.41547778847486583,0
2020-05-18,88.69000244140625,91.1500015258789,87.87999725341797,90.44999694824219,76.47698974609375,30504400,0.0,29.299999237060547,0.13,0.17,0.73,0.051613461823443126,0.4323510848282804,0.0,0.0,0.0013,0.0017000000000000001,0.0073,-0.08121668868481102,-0.7543176325548935,0.00126,0.00118,7.999999999999999e-05,0.4319458293978713,0
2020-05-19,90.05000305175781,91.19999694824219,88.58999633789062,88.66999816894531,74.97198486328125,19597300,0.0,30.530000686645508,0.13,0.16,0.7,-0.019875399355629413,0.4188113188787059,0.0,0.0,0.0013,0.0016,0.006999999999999999,0.04197957275129127,-0.7347726134004812,0.00126,0.0011899999999999999,7.000000000000018e-05,0.4246590095614182,0
2020-05-20,90.70999908447266,92.38999938964844,90.37000274658203,91.33000183105469,77.22102355957031,20552400,0.0,27.989999771118164,0.12,0.16,0.68,0.029557237259506514,0.41927731422175135,0.0,0.0,0.0012,0.0016,0.0068000000000000005,-0.08319688366854172,-0.7531324611852211,0.0012400000000000002,0.0011899999999999999,5.000000000000035e-05,0.4960399230531842,0
2020-05-21,90.2699966430664,91.76000213623047,89.66999816894531,90.16999816894531,76.24024963378906,14621400,0.0,29.530000686645508,0.12,0.16,0.68,-0.012782212202170068,0.4219609962358012,0.0,0.0,0.0012,0.0016,0.0068000000000000005,0.055019683033953104,-0.7576428123602852,0.00124,0.0011949999999999999,4.500000000000012e-05,0.46450707680885117,0
2020-05-22,90.01000213623047,90.36000061035156,88.72000122070312,89.47000122070312,75.64838409423828,13557900,0.0,28.15999984741211,0.12,0.17,0.66,-0.00779345393719516,0.4229222947197473,0.0,0.0,0.0012,0.0017000000000000001,0.0066,-0.04639352547841158,-0.7471025332551621,0.00124,0.0011949999999999999,4.500000000000012e-05,0.4790968662830523,0
2020-05-26,92.88999938964844,97.5,92.61000061035156,95.81999969482422,81.01741027832031,32103200,0.0,28.010000228881836,0.14,0.17,0.69,0.06856799356487005,0.4833156244303032,0.0,0.0,0.0014000000000000002,0.0017000000000000001,0.0069,-0.005326691027807584,-0.6481540588444603,0.00126,0.001205,5.5000000000000144e-05,0.5133275261352233,0
2020-05-27,102.06999969482422,102.58000183105469,98.80000305175781,101.37000274658203,85.71003723144531,32103200,0.0,27.6200008392334,0.15,0.18,0.68,0.05630586601584087,0.5000534402762017,0.0,0.0,0.0015,0.0018,0.0068000000000000005,-0.013923576810481397,-0.5910713507187674,0.0013000000000000002,0.001225,7.50000000000002e-05,0.5272917036057008,0
2020-05-28,102.94000244140625,102.94999694824219,99.4000015258789,99.86000061035156,84.43330383300781,24713900,0.0,28.59000015258789,0.15,0.17,0.7,-0.015008020351752355,0.5037822122419281,0.0,0.0,0.0015,0.0017000000000000001,0.006999999999999999,0.03511945271111783,-0.5991369174457444,0.00136,0.0012499999999999998,0.00011000000000000029,0.5003080254614343,0
2020-05-29,98.66000366210938,99.18000030517578,96.77999877929688,97.30999755859375,82.2772216796875,26526400,0.0,27.510000228881836,0.14,0.17,0.65,-0.025867621387135803,0.5045803136040944,0.0,0.0,0.0014000000000000002,0.0017000000000000001,0.006500000000000001,-0.037775443089960836,-0.5526317769918244,0.0014000000000000002,0.001275,0.0001250000000000001,0.4844904984614309,0
2020-06-01,97.75,99.51000213623047,97.37999725341797,98.5999984741211,83.3679428100586,15176800,0.0,28.229999542236328,0.14,0.17,0.66,0.013169559135577375,0.5003638200199282,0.0,0.0,0.0014000000000000002,0.0017000000000000001,0.0066,0.02617227580385806,-0.5234201888353421,0.00144,0.0012850000000000001,0.00015499999999999997,0.49496127140473506,0
2020-06-02,100.27999877929688,100.41999816894531,97.93000030517578,98.93000030517578,83.64696502685547,21195000,0.0,26.84000015258789,0.15,0.17,0.68,0.0033412882717964135,0.489928874424548,0.0,0.0,0.0015,0.0017000000000000001,0.0068000000000000005,-0.0492383780442075,-0.4919840271280921,0.0014600000000000001,0.001295,0.00016500000000000022,0.5326074510477088,0
2020-06-03,101.58000183105469,104.91999816894531,101.05999755859375,104.2699966430664,88.1620101928711,25941100,0.0,25.65999984741211,0.16,0.17,0.77,0.05257100182016156,0.5157195578502526,0.0,0.0,0.0016,0.0017000000000000001,0.0077,-0.04396424360906748,-0.5054193299187374,0.0014800000000000002,0.00131,0.00017000000000000023,0.587876456801699,0
2020-06-04,103.81999969482422,106.61000061035156,102.79000091552734,106.44000244140625,89.99681854248047,26784700,0.0,25.809999465942383,0.15,0.17,0.82,0.020598173389535516,0.5174043966672801,0.0,0.0,0.0015,0.0017000000000000001,0.008199999999999999,0.005845659369534406,-0.5143230493140998,0.00148,0.001325,0.00015499999999999997,0.5989007017427886,0
2020-06-05,114.93000030517578,115.7699966430664,109.52999877929688,111.2300033569336,94.04682922363281,32103200,0.0,24.520000457763672,0.15,0.18,0.91,0.04401852127061261,0.5236191319349844,0.0,0.0,0.0015,0.0018,0.0091,-0.049980590270097824,-0.5197602401358825,0.0015,0.001345,0.00015499999999999997,0.6548211454053061,0
2020-06-08,113.41000366210938,114.19000244140625,111.94000244140625,113.44999694824219,95.92387390136719,24881800,0.0,25.809999465942383,0.17,0.19,0.88,0.019762055250564573,0.5247253263039412,0.0,0.0,0.0017000000000000001,0.0019,0.0088,0.0526100727608374,-0.5070468707249014,0.0015600000000000002,0.0013700000000000001,0.00019000000000000006,0.6419984150567111,0
2020-06-09,110.6500015258789,111.62999725341797,109.01000213623047,110.54000091552734,93.46340942382812,17031100,0.0,27.56999969482422,0.19,0.19,0.84,-0.025984880059338022,0.5389941813834069,0.0,0.0,0.0019,0.0019,0.0084,0.06819063406817372,-0.5506487769940697,0.0016400000000000002,0.001405,0.00023500000000000018,0.5917559179739081,0
2020-06-10,110.45999908447266,110.51000213623047,105.8499984741211,106.05999755859375,89.67550659179688,24913300,0.0,27.56999969482422,0.17,0.18,0.75,-0.04137234403928714,0.5506076851344414,0.0,0.0,0.0017000000000000001,0.0018,0.0075,0.0,-0.5514940329528585,0.00166,0.001425,0.00023499999999999997,0.5849224746200764,0
2020-06-11,100.02999877929688,101.58000183105469,96.54000091552734,97.20999908447266,82.19267272949219,32103200,0.0,40.790000915527344,0.17,0.19,0.66,-0.08713151405493465,0.6275498140855014,0.0,0.0,0.0017000000000000001,0.0019,0.0066,0.47950675977645907,-0.6698417214811587,0.0017000000000000001,0.001445,0.000255,0.3640714787264777,0
2020-06-12,100.70999908447266,101.12999725341797,97.33000183105469,99.87000274658203,84.44176483154297,24856800,0.0,36.09000015258789,0.16,0.18,0.71,0.02699596463755658,0.6139579880448502,0.0,0.0,0.0016,0.0018,0.0070999999999999995,-0.11522433580407998,-0.6712920356438393,0.0017200000000000004,0.001465,0.00025500000000000045,0.4681302520101469,0
2020-06-15,96.41999816894531,101.43000030517578,95.87000274658203,101.25,85.60858154296875,22153600,0.0,34.400001525878906,0.18,0.17,0.71,0.01372340661039443,0.6029966502415238,0.0,0.0,0.0018,0.0017000000000000001,0.0070999999999999995,-0.046827337754605125,-0.6615080357871174,0.0017400000000000002,0.001495,0.0002450000000000002,0.4762073699572307,0
2020-06-16,105.37000274658203,105.68000030517578,99.30999755859375,102.05999755859375,86.2934341430664,22193600,0.0,33.66999816894531,0.17,0.18,0.75,0.007967983629872303,0.5957514503914567,0.0,0.0,0.0017000000000000001,0.0018,0.0075,-0.021221026876537152,-0.6786159716772606,0.0017000000000000001,0.001515,0.00018500000000000005,0.5024948110823741,0
2020-06-17,102.52999877929688,102.54000091552734,99.20999908447266,99.4800033569336,84.11199951171875,15639800,0.0,33.470001220703125,0.17,0.19,0.74,-0.025604275150941297,0.5848157444927344,0.0,0.0,0.0017000000000000001,0.0019,0.0074,-0.005939915625735037,-0.647763933939853,0.0017000000000000001,0.0015350000000000001,0.000165,0.45938754340673366,0
2020-06-18,98.66999816894531,100.5199966430664,98.12999725341797,98.94000244140625,83.65541076660156,16591900,0.0,32.939998626708984,0.16,0.19,0.71,-0.005443129528718411,0.5793378584307279,0.0,0.0,0.0016,0.0019,0.0070999999999999995,-0.01583515311216377,-0.6419463227890071,0.0016800000000000003,0.0015550000000000002,0.0001250000000000001,0.4755458608689874,0
2020-06-19,100.52999877929688,100.5999984741211,96.7300033569336,97.80999755859375,82.69998168945312,32103200,0.0,35.119998931884766,0.15,0.18,0.7,-0.011486728122893834,0.5750426446250372,0.0,0.0,0.0015,0.0018,0.006999999999999999,0.06618094705711841,-0.6354527759547502,0.00166,0.0015700000000000002,8.99999999999998e-05,0.4199876358760274,0
2020-06-22,97.25,97.94999694824219,96.54000091552734,96.75,81.80374908447266,16216900,0.0,31.770000457763672,0.16,0.17,0.71,-0.010896305733399224,0.5744163306472198,0.0,0.0,0.0016,0.0017000000000000001,0.0070999999999999995,-0.095387203189226,-0.598823695725381,0.0016200000000000003,0.00159,3.0000000000000296e-05,0.4689433965830271,0
2020-06-23,98.97000122070312,99.97000122070312,97.8499984741211,97.93000030517578,82.80143737792969,15381400,0.0,31.3700008392334,0.16,0.18,0.72,0.012122345990420334,0.573689059743207,0.0,0.0,0.0016,0.0018,0.0072,-0.0125904819882533,-0.6123249851981095,0.0016000000000000003,0.0016,2.168404344971009e-19,0.4865094630989098,0
2020-06-24,96.75,96.83999633789062,94.30999755859375,94.66000366210938,80.03659057617188,22919800,0.0,33.84000015258789,0.15,0.17,0.69,-0.033961508568694995,0.5377925120448996,0.0,0.0,0.0015,0.0017000000000000001,0.0069,0.07873762343880286,-0.6632059676336998,0.0015600000000000002,0.0016,-3.999999999999989e-05,0.39021193235450197,0
2020-06-25,94.3499984741211,98.20999908447266,94.26000213623047,97.95999908447266,82.82682800292969,25743600,0.0,32.220001220703125,0.16,0.17,0.68,0.03426810629995184,0.513280705289608,0.0,0.0,0.0016,0.0017000000000000001,0.0068000000000000005,-0.04787230864598202,-0.6988511827093312,0.0015600000000000002,0.001605,-4.49999999999999e-05,0.4002254910388503,0
2020-06-26,95.11000061035156,95.37000274658203,92.0,92.58999633789062,78.28639221191406,32103200,0.0,34.72999954223633,0.14,0.17,0.64,-0.056378221112180375,0.5458411666345909,0.0,0.0,0.0014000000000000002,0.0017000000000000001,0.0064,0.07790186922526843,-0.6916018659188063,0.0015400000000000001,0.001605,-6.499999999999995e-05,0.3397611775968069,0
2020-06-29,93.4000015258789,94.48999786376953,92.18000030517578,93.0,78.63304901123047,18499700,0.0,31.780000686645508,0.14,0.16,0.64,0.00441828444640033,0.5403278860721367,0.0,0.0,0.0014000000000000002,0.0016,0.0064,-0.0849409413899711,-0.7132854706138338,0.0015000000000000002,0.001605,-0.00010499999999999984,0.3999102761286267,0
2020-06-30,92.83000183105469,94.66000366210938,92.56999969482422,94.05999755859375,79.52928924560547,19137000,0.0,30.43000030517578,0.16,0.16,0.66,0.011333290051841794,0.5397086757495825,0.0,0.0,0.0016,0.0016,0.0066,-0.04247955797046343,-0.7224880892491884,0.0015,0.0016099999999999999,-0.00010999999999999985,0.4180933376404811,0
2020-07-01,94.88999938964844,95.70999908447266,93.02999877929688,93.26000213623047,78.8528823852539,18755700,0.0,28.6200008392334,0.14,0.16,0.69,-0.008541503955685316,0.5397287864147784,0.0,0.0,0.0014000000000000002,0.0016,0.0069,-0.05948075740355885,-0.7117613228942314,0.0014800000000000002,0.0016,-0.00011999999999999988,0.4368644563010324,0
2020-07-02,94.73999786376953,94.95999908447266,91.93000030517578,92.66000366210938,79.10902404785156,27845600,0.0,27.68000030517578,0.14,0.16,0.68,0.003243084271151507,0.5016605561264132,0.0,0.0,0.0014000000000000002,0.0016,0.0068000000000000005,-0.03284418261683031,-0.732003286428464,0.0014400000000000003,0.0015950000000000003,-0.00015499999999999997,0.4209244667420511,0
2020-07-06,94.43000030517578,95.19999694824219,93.4800033569336,95.0,81.10680389404297,18625300,0.0,27.940000534057617,0.15,0.16,0.69,0.024939900409883718,0.5046857490797849,0.0,0.0,0.0015,0.0016,0.0069,0.009393071749107529,-0.7264633911802411,0.0014600000000000004,0.0015949999999999998,-0.0001349999999999995,0.4197963958489459,0
2020-07-07,93.81999969482422,94.0999984741211,92.0,92.31999969482422,78.81874084472656,25757200,0.0,29.43000030517578,0.15,0.15,0.65,-0.028616056154031396,0.47789174570898796,0.0,0.0,0.0015,0.0015,0.006500000000000001,0.0533285519913258,-0.739284078443246,0.00148,0.001585,-0.00010500000000000006,0.35528645802359005,0
2020-07-08,92.29000091552734,93.33999633789062,91.80000305175781,93.30000305175781,79.6554183959961,18762200,0.0,28.079999923706055,0.15,0.15,0.67,0.010559265046853344,0.47208375607472547,0.0,0.0,0.0015,0.0015,0.0067,-0.04587157211929438,-0.7774570789664982,0.0014600000000000001,0.001565,-0.00010499999999999984,0.36908468553545903,0
2020-07-09,93.5199966430664,94.12000274658203,90.77999877929688,91.27999877929688,77.93083190917969,25600800,0.0,29.260000228881836,0.13,0.15,0.62,-0.02188839873186253,0.47042062542230745,0.0,0.0,0.0013,0.0015,0.0062,0.042022803005052234,-0.7752378579836302,0.00144,0.001545,-0.00010499999999999984,0.35467434693195526,0
2020-07-10,92.0,96.83999633789062,91.87000274658203,96.2699966430664,82.1910629272461,28954200,0.0,27.290000915527344,0.13,0.15,0.65,0.053224909757486207,0.5006847599572065,0.0,0.0,0.0013,0.0015,0.006500000000000001,-0.06732738543897732,-0.78233264766026,0.00142,0.001525,-0.00010500000000000006,0.4391110148495791,0
2020-07-13,98.7300033569336,99.2699966430664,96.2300033569336,97.6500015258789,83.36924743652344,32079200,0.0,32.189998626708984,0.14,0.16,0.64,0.014232932953365796,0.40251176243472886,0.0,0.0,0.0014000000000000002,0.0016,0.0064,0.1795528599045837,-0.45513532445425803,0.0014000000000000002,0.001515,-0.00011499999999999987,0.4294820208215248,0
2020-07-14,98.37000274658203,99.94999694824219,96.63999938964844,98.20999908447266,83.84737396240234,32103200,0.0,29.520000457763672,0.15,0.17,0.63,0.005718663909091983,0.3915819141665453,0.0,0.0,0.0015,0.0017000000000000001,0.0063,-0.08294496063538004,-0.40957815806451175,0.0014,0.0015,-0.00010000000000000005,0.45494072428662446,0
2020-07-15,100.88999938964844,101.29000091552734,98.6500015258789,99.7300033569336,85.14508819580078,22508400,0.0,27.760000228881836,0.16,0.15,0.64,0.01535855180774135,0.39236185163799314,0.0,0.0,0.0016,0.0015,0.0064,-0.05962060303488104,-0.4140033483484633,0.00142,0.0014950000000000002,-7.50000000000002e-05,0.4810443165215814,0
2020-07-16,98.77999877929688,101.22000122070312,98.55000305175781,100.01000213623047,85.38412475585938,16886900,0.0,28.0,0.11,0.14,0.62,0.0028034694171038496,0.39140419676418897,0.0,0.0,0.0011,0.0014000000000000002,0.0062,0.008645524824904882,-0.4099771403601995,0.0013800000000000002,0.0014650000000000002,-8.5e-05,0.47454334669764753,0
2020-07-17,100.0,100.08000183105469,98.13999938964844,98.16000366210938,83.80467224121094,16137700,0.0,25.68000030517578,0.11,0.14,0.64,-0.018671430123594394,0.38650858163615404,0.0,0.0,0.0011,0.0014000000000000002,0.0064,-0.08285713195800781,-0.3623348490084403,0.0013400000000000003,0.0014399999999999999,-9.999999999999961e-05,0.511796324871113,0
2020-07-20,97.43000030517578,98.38999938964844,97.26000213623047,97.30000305175781,83.0704345703125,14458100,0.0,24.459999084472656,0.13,0.14,0.62,-0.008799903390000592,0.38725933444743654,0.0,0.0,0.0013,0.0014000000000000002,0.0062,-0.04750783513258894,-0.3510710597158565,0.0013200000000000002,0.0014300000000000003,-0.00011000000000000007,0.527218121525118,0
2020-07-21,97.70999908447266,100.05000305175781,97.63999938964844,99.41000366210938,84.87185668945312,17798100,0.0,24.84000015258789,0.13,0.15,0.61,0.021453693394163382,0.39208788916845444,0.0,0.0,0.0013,0.0015,0.0060999999999999995,0.015535612524060216,-0.31149396325838713,0.00128,0.001415,-0.00013499999999999992,0.5413996423428742,0
2020-07-22,99.6500015258789,100.12999725341797,97.52999877929688,98.69000244140625,84.25714874267578,14271200,0.0,24.31999969482422,0.13,0.14,0.6,-0.0072691334284590665,0.3908733580066827,0.0,0.0,0.0013,0.0014000000000000002,0.006,-0.020933995755611834,-0.35259496668486384,0.0012200000000000002,0.0014,-0.00017999999999999982,0.5509835379062491,0
2020-07-23,98.5,99.3499984741211,97.97000122070312,98.9800033569336,84.5047607421875,12870200,0.0,26.079999923706055,0.12,0.14,0.59,0.0029344557424171368,0.38899106791600696,0.0,0.0,0.0012,0.0014000000000000002,0.0059,0.07236843137199545,-0.33664031695944324,0.00124,0.001385,-0.00014499999999999995,0.5203842640935206,0
2020-07-24,99.5999984741211,99.80000305175781,97.94000244140625,98.27999877929688,83.90711975097656,12744200,0.0,25.84000015258789,0.11,0.16,0.59,-0.007097403083591383,0.3692244333515607,0.0,0.0,0.0011,0.0016,0.0059,-0.009202445238506662,-0.2691668284943678,0.0012400000000000002,0.0013599999999999999,-0.00011999999999999966,0.5398016572938444,0
2020-07-27,97.51000213623047,97.62999725341797,96.16999816894531,96.9000015258789,82.72894287109375,11959100,0.0,24.739999771118164,0.11,0.14,0.62,-0.014140954776299406,0.3541008498201226,0.0,0.0,0.0011,0.0014000000000000002,0.0062,-0.04256967395410638,-0.22313401889396495,0.0012000000000000001,0.001345,-0.00014499999999999995,0.5266931755922355,0
2020-07-28,96.5,97.88999938964844,96.5,97.31999969482422,83.08753967285156,11754300,0.0,25.440000534057617,0.11,0.14,0.59,0.004325231789957537,0.28887570483624103,0.0,0.0,0.0011,0.0014000000000000002,0.0059,0.02829429140725548,-0.057010199361735604,0.0011600000000000002,0.00133,-0.0001699999999999998,0.5528311713682219,0
2020-07-29,97.06999969482422,99.70999908447266,97.0,99.68000030517578,85.10238647460938,12743500,0.0,24.100000381469727,0.11,0.13,0.58,0.023960331515645254,0.2980132634394017,0.0,0.0,0.0011,0.0013,0.0058,-0.052672960867039875,-0.08877649900352559,0.00112,0.0013050000000000002,-0.00018500000000000027,0.5835966320695516,0
2020-07-30,97.54000091552734,97.73999786376953,96.05000305175781,97.0199966430664,82.8313980102539,14834800,0.0,24.760000228881836,0.09,0.11,0.55,-0.027047885831715742,0.3149112511294801,0.0,0.0,0.0009,0.0011,0.0055000000000000005,0.02738588535125408,-0.11714592616169699,0.0010600000000000002,0.00128,-0.00021999999999999993,0.5513268381270576,0
2020-07-31,96.4800033569336,96.93000030517578,95.25,96.63999938964844,82.50696563720703,14535000,0.0,24.459999084472656,0.09,0.11,0.55,-0.003924470791705424,0.3133778987038024,0.0,0.0,0.0009,0.0011,0.0055000000000000005,-0.012116362747817577,-0.14145190659912202,0.00102,0.001255,-0.00023499999999999997,0.5583586603552678,0
2020-08-03,97.0199966430664,97.56999969482422,95.8499984741211,96.0999984741211,82.04592895507812,12962800,0.0,24.280000686645508,0.1,0.12,0.56,-0.005603522072694598,0.3144880773071548,0.0,0.0,0.001,0.0012,0.005600000000000001,-0.007358888166983268,-0.13948582375457036,0.0010000000000000002,0.00123,-0.00022999999999999974,0.555662943485995,0
2020-08-04,95.91000366210938,95.94999694824219,95.02999877929688,95.55000305175781,81.57636260986328,13366200,0.0,23.760000228881836,0.09,0.14,0.52,-0.0057396535621694195,0.30373989375544486,0.0,0.0,0.0009,0.0014000000000000002,0.0052,-0.021416822201726027,-0.15464226207419057,0.0009600000000000001,0.0012000000000000001,-0.00023999999999999998,0.5448261686463975,0
2020-08-05,95.87000274658203,98.47000122070312,95.72000122070312,97.20999908447266,82.99359130859375,15260900,0.0,22.989999771118164,0.1,0.12,0.55,0.017223845558297195,0.2899994086404835,0.0,0.0,0.001,0.0012,0.0055000000000000005,-0.03240742636137206,-0.09925727758626064,0.0009400000000000001,0.001175,-0.00023499999999999997,0.5831063320749457,0
2020-08-06,97.58000183105469,98.0999984741211,96.54000091552734,97.23999786376953,83.01921844482422,10482100,0.0,22.649999618530273,0.1,0.14,0.55,0.0003087368555726407,0.2885616153851598,0.0,0.0,0.001,0.0014000000000000002,0.0055000000000000005,-0.014789045496860997,-0.08606896067313179,0.0009600000000000001,0.00116,-0.00019999999999999987,0.5818595441542895,0
2020-08-07,96.93000030517578,99.48999786376953,96.55999755859375,99.37999725341797,84.84625244140625,14743700,0.0,22.209999084472656,0.1,0.14,0.57,0.02176869531708073,0.2826508397339615,0.0,0.0,0.001,0.0014000000000000002,0.005699999999999999,-0.019426072470996703,-0.035647691062815144,0.0009800000000000002,0.001145,-0.00016499999999999978,0.6141284893487297,0
2020-08-10,100.11000061035156,102.04000091552734,100.02999877929688,100.63999938964844,85.9219970703125,14989900,0.0,22.1299991607666,0.11,0.13,0.59,0.012599050021300821,0.2221522906991639,0.0,0.0,0.0011,0.0013,0.0059,-0.0036019778029610094,0.13780457538580998,0.0010000000000000002,0.0011300000000000001,-0.0001299999999999999,0.5910887147223178,0
2020-08-11,103.86000061035156,106.16000366210938,103.51000213623047,103.81999969482422,88.63692474365234,31518600,0.0,24.030000686645508,0.11,0.15,0.64,0.031108654760654872,0.24067183243628423,0.0,0.0,0.0011,0.0015,0.0064,0.08585637586680717,0.20647092455740462,0.0010400000000000003,0.00111,-6.999999999999975e-05,0.5740044769831047,0
2020-08-12,106.16000366210938,106.43000030517578,101.70999908447266,102.94000244140625,87.8856201171875,19240800,0.0,22.280000686645508,0.11,0.13,0.69,-0.008512330973537255,0.24361579406977382,0.0,0.0,0.0011,0.0013,0.0069,-0.07282563254243057,0.27519466792252606,0.00106,0.001085,-2.5000000000000066e-05,0.5905211492212532,0
2020-08-13,102.0,103.36000061035156,101.63999938964844,102.37000274658203,87.39897918701172,13598600,0.0,22.1299991607666,0.1,0.14,0.71,-0.0055525948363021405,0.2401727596544835,0.0,0.0,0.001,0.0014000000000000002,0.0070999999999999995,-0.006732563790665225,0.33849229256882823,0.00106,0.0010799999999999998,-1.9999999999999836e-05,0.5802158458417324,0
2020-08-14,101.5,103.30999755859375,101.41999816894531,102.41000366210938,87.43314361572266,12134400,0.0,22.049999237060547,0.1,0.13,0.71,0.00039082553707073974,0.240120801745492,0.0,0.0,0.001,0.0013,0.0070999999999999995,-0.0036149989489328016,0.3372506067532931,0.00106,0.001075,-1.500000000000004e-05,0.5799220330344587,0
2020-08-17,101.5,102.0,99.52999877929688,99.70999908447266,85.12798309326172,14988000,0.0,21.350000381469727,0.1,0.13,0.69,-0.026718620812195608,0.2499008820208949,0.0,0.0,0.001,0.0013,0.0069,-0.0317459809438132,0.28190707776519947,0.0010400000000000001,0.00106,-1.9999999999999836e-05,0.5851270232465993,0
2020-08-18,99.91000366210938,99.91000366210938,98.12000274658203,98.31999969482422,83.94126892089844,13246500,0.0,21.510000228881836,0.09,0.13,0.67,-0.014038432745468713,0.25306111390559344,0.0,0.0,0.0009,0.0013,0.0067,0.007494137918188315,0.23560415092772757,0.0010000000000000002,0.00104,-3.999999999999967e-05,0.5797242815304712,0
2020-08-19,98.91999816894531,100.58999633789062,98.33999633789062,98.55000305175781,84.13766479492188,13533000,0.0,22.540000915527344,0.11,0.13,0.68,0.002336949182904836,0.24151483032472076,0.0,0.0,0.0011,0.0013,0.0068000000000000005,0.04788473620109546,0.21047727986591577,0.001,0.00103,-3.000000000000008e-05,0.5536383272568667,0
2020-08-20,97.26000213623047,98.02999877929688,96.80000305175781,97.37000274658203,83.13021087646484,13672600,0.0,22.719999313354492,0.11,0.12,0.65,-0.012046139726194376,0.24377963127421903,0.0,0.0,0.0011,0.0012,0.006500000000000001,0.00798573161117977,0.18821645734755924,0.00102,0.001025,-5.000000000000013e-06,0.548224750887103,0
2020-08-21,97.2699966430664,98.56999969482422,96.94000244140625,97.31999969482422,83.08753967285156,12228300,0.0,22.540000915527344,0.1,0.13,0.64,-0.0005134373965436237,0.2434347683154485,0.0,0.0,0.001,0.0013,0.0064,-0.007922464932529683,0.18385216504175264,0.00102,0.00102,0.0,0.5487425537826428,0
2020-08-24,98.44999694824219,100.20999908447266,97.41999816894531,100.05999755859375,85.42680358886719,17898300,0.0,22.3700008392334,0.12,0.14,0.65,0.027765164055017996,0.2613761703759537,0.0,0.0,0.0012,0.0014000000000000002,0.006500000000000001,-0.007542150372178313,0.16646819096680388,0.00106,0.001025,3.4999999999999875e-05,0.5719214403188919,0
2020-08-25,101.2699966430664,101.9800033569336,99.80000305175781,100.5,85.80245208740234,13648900,0.0,22.030000686645508,0.11,0.13,0.69,0.004387674287397906,0.25580346791054337,0.0,0.0,0.0011,0.0013,0.0069,-0.015198933385446534,0.11947752841778987,0.0011,0.001025,7.499999999999998e-05,0.5878051031452465,0
2020-08-26,99.94000244140625,100.2699966430664,99.05000305175781,99.08999633789062,84.59864807128906,12052400,0.0,23.270000457763672,0.11,0.12,0.69,-0.014129298953113168,0.2613782821006672,0.0,0.0,0.0011,0.0012,0.0069,0.0562868693812546,0.0223713870095313,0.0011,0.001025,7.499999999999998e-05,0.5591148363244597,0
2020-08-27,99.0,102.6500015258789,99.0,102.3499984741211,87.38188171386719,22163900,0.0,24.469999313354492,0.11,0.13,0.74,0.03236967188656356,0.2721449867647538,0.0,0.0,0.0011,0.0013,0.0074,0.05156849299461275,0.25326367815284434,0.0011000000000000003,0.001035,6.500000000000039e-05,0.5469861249635761,0
2020-08-28,103.13999938964844,103.25,101.80999755859375,102.7699966430664,87.74049377441406,13756700,0.0,22.959999084472656,0.1,0.12,0.74,0.004095565296169863,0.2519651353170726,0.0,0.0,0.001,0.0012,0.0074,-0.061708225224908486,0.316959155279057,0.0010999999999999998,0.0010400000000000001,5.9999999999999724e-05,0.5870845417964117,0
2020-08-31,102.12000274658203,102.18000030517578,100.0199966430664,100.19000244140625,85.53779602050781,14219400,0.0,26.40999984741211,0.11,0.12,0.72,-0.025425186439481478,0.2695286005752145,0.0,0.0,0.0011,0.0012,0.0072,0.15026136326253647,-0.025000101345660355,0.00108,0.0010450000000000001,3.4999999999999875e-05,0.5250254094670151,0
2020-09-01,99.55000305175781,100.87000274658203,99.04000091552734,100.13999938964844,85.4951171875,11595600,0.0,26.1200008392334,0.12,0.12,0.68,-0.0004990715891244875,0.2683590187992227,0.0,0.0,0.0012,0.0012,0.0068000000000000005,-0.010980651641583683,-0.028216109341555915,0.0010999999999999998,0.0010600000000000002,3.999999999999967e-05,0.5322045448210853,0
2020-09-02,99.94999694824219,101.94000244140625,99.55999755859375,101.6500015258789,86.78427124023438,14475700,0.0,26.56999969482422,0.12,0.13,0.66,0.014966132942797066,0.2704500868725358,0.0,0.0,0.0012,0.0013,0.0066,0.01722813327459405,-0.03257124837960988,0.0011200000000000001,0.0010700000000000002,4.9999999999999914e-05,0.5381040762889852,0
2020-09-03,103.31999969482422,104.98999786376953,100.63999938964844,101.33000183105469,86.51107788085938,23281200,0.0,33.599998474121094,0.11,0.12,0.63,-0.003152924611963867,0.26607271817530764,0.0,0.0,0.0011,0.0012,0.0063,0.2645840745216983,-0.051515698251884776,0.0011200000000000001,0.001075,4.500000000000012e-05,0.425596696567772,0
2020-09-04,104.05000305175781,105.20999908447266,101.37000274658203,103.5199966430664,88.38079071044922,26325500,0.0,30.75,0.11,0.13,0.72,0.021382172650412378,0.2742955264448104,0.0,0.0,0.0011,0.0013,0.0072,-0.0848213870103649,-0.1238109252234985,0.00114,0.00108,5.999999999999994e-05,0.4788343192473095,0
2020-09-08,102.9800033569336,103.56999969482422,99.4800033569336,99.91999816894531,85.30726623535156,22108600,0.0,31.459999084472656,0.13,0.15,0.69,-0.03539501103470255,0.2956093496349137,0.0,0.0,0.0013,0.0015,0.0069,0.02308940112106206,-0.09527322165964966,0.00118,0.00109,9.000000000000002e-05,0.43467052989526034,0
2020-09-09,100.80000305175781,101.69000244140625,99.55999755859375,100.87000274658203,86.11835479736328,13434000,0.0,28.809999465942383,0.12,0.14,0.71,0.009462933366311736,0.2941557384623305,0.0,0.0,0.0012,0.0014000000000000002,0.0070999999999999995,-0.08423393819608227,-0.114932484081997,0.00118,0.001095,8.5e-05,0.47064200645419024,0
2020-09-10,101.4000015258789,102.41999816894531,99.63999938964844,99.83000183105469,85.23043823242188,15922800,0.0,29.709999084472656,0.12,0.15,0.68,-0.010363942423129888,0.27343914931839747,0.0,0.0,0.0012,0.0015,0.0068000000000000005,0.03123914041005804,-0.21649904649988944,0.00118,0.0010999999999999998,8.000000000000021e-05,0.43310522656427497,0
2020-09-11,99.97000122070312,101.36000061035156,99.58999633789062,101.06999969482422,86.2890853881836,13784300,0.0,26.8700008392334,0.11,0.13,0.67,0.012344490901143935,0.27657890822296427,0.0,0.0,0.0011,0.0013,0.0067,-0.09559065408128964,-0.28511799085569084,0.00118,0.001105,7.499999999999998e-05,0.48607112338975267,0
2020-09-14,101.51000213623047,103.45999908447266,101.37000274658203,102.47000122070312,87.4843521118164,19017400,0.0,25.850000381469727,0.11,0.14,0.68,0.013756827178548786,0.2805228347883117,0.0,0.0,0.0011,0.0014000000000000002,0.0068000000000000005,-0.03796056665075909,-0.30637121841964676,0.00118,0.00111,6.999999999999997e-05,0.5121289778353395,0
2020-09-15,102.7300033569336,102.8499984741211,99.13999938964844,99.27999877929688,84.76087188720703,23683000,0.0,25.59000015258789,0.11,0.13,0.68,-0.031625924475130844,0.3011911563662111,0.0,0.0,0.0011,0.0013,0.0068000000000000005,-0.010058035785106334,-0.26426011589421083,0.00114,0.001115,2.499999999999985e-05,0.49678382075710326,0
2020-09-16,99.43000030517578,101.12999725341797,98.76000213623047,99.69999694824219,85.11946105957031,19270600,0.0,26.040000915527344,0.12,0.12,0.69,0.004221674148190799,0.28726960777080757,0.0,0.0,0.0012,0.0012,0.0069,0.017585023847447978,-0.31625162877729,0.00114,0.0011300000000000001,9.99999999999981e-06,0.5087752943094891,0
2020-09-17,98.69999694824219,99.33999633789062,97.70999908447266,98.55999755859375,84.14617919921875,18290100,0.0,26.459999084472656,0.09,0.12,0.69,-0.011500179074159254,0.2858382253272993,0.0,0.0,0.0009,0.0012,0.0069,0.01612896137399411,-0.32174492940263427,0.00108,0.00112,-3.999999999999989e-05,0.5042891851287756,0
2020-09-18,97.88999938964844,99.48999786376953,97.44000244140625,98.3499984741211,83.96686553955078,20121600,0.0,25.829999923706055,0.1,0.13,0.7,-0.0021332518002724495,0.285820060619,0.0,0.0,0.001,0.0013,0.006999999999999999,-0.02380949291628287,-0.3223247371055415,0.0010600000000000002,0.001115,-5.499999999999993e-05,0.5106238401363163,0
2020-09-21,95.19999694824219,96.05000305175781,93.81999969482422,95.30999755859375,81.37147521972656,28378800,0.0,27.780000686645508,0.1,0.12,0.68,-0.03139747884343304,0.30333802333656484,0.0,0.0,0.001,0.0012,0.0068000000000000005,0.0754936418389145,-0.3638926257399207,0.00104,0.001115,-7.50000000000002e-05,0.4712619579064159,0
2020-09-22,94.95999908447266,95.66000366210938,93.66999816894531,94.2699966430664,80.48357391357422,19257000,0.0,26.860000610351562,0.1,0.12,0.68,-0.010971671478147283,0.3052759544123723,0.0,0.0,0.001,0.0012,0.0068000000000000005,-0.03311735253974313,-0.34504242645574557,0.00102,0.001105,-8.5e-05,0.4781731067034359,0
2020-09-23,94.77999877929688,95.3499984741211,92.66000366210938,92.73999786376953,79.17730712890625,19952700,0.0,28.579999923706055,0.11,0.13,0.68,-0.016363381226528643,0.289826233663088,0.0,0.0,0.0011,0.0013,0.0068000000000000005,0.0640357138596499,-0.36313304367120813,0.001,0.001105,-0.00010500000000000006,0.42734697992946036,0
2020-09-24,92.31999969482422,94.30000305175781,91.37999725341797,92.66000366210938,79.10902404785156,18366500,0.0,28.510000228881836,0.1,0.12,0.67,-0.0008627793035925053,0.28856690720170564,0.0,0.0,0.001,0.0012,0.0067,-0.0024492545490231166,-0.35901200585924975,0.00102,0.0010999999999999998,-7.999999999999978e-05,0.42522120567836563,0
2020-09-25,92.05000305175781,93.72000122070312,91.87000274658203,93.47000122070312,79.8005599975586,13293100,0.0,26.3799991607666,0.1,0.12,0.66,0.00870356963425198,0.28917556171083414,0.0,0.0,0.001,0.0012,0.0066,-0.0747106647146728,-0.36966533392506024,0.00102,0.001095,-7.499999999999998e-05,0.4692255743529553,0
2020-09-28,95.05999755859375,96.93000030517578,94.3499984741211,96.16000366210938,82.09715270996094,20894100,0.0,26.190000534057617,0.11,0.12,0.67,0.028372813156932786,0.2833264236357261,0.0,0.0,0.0011,0.0012,0.0067,-0.007202374251457866,-0.44690779728493835,0.0010400000000000001,0.0010999999999999998,-5.9999999999999724e-05,0.46955940101277616,0
2020-09-29,96.02999877929688,96.02999877929688,94.33000183105469,95.3499984741211,81.40562438964844,12848200,0.0,26.270000457763672,0.09,0.12,0.66,-0.008458968783915137,0.2827183668526025,0.0,0.0,0.0009,0.0012,0.0066,0.0030545980173624088,-0.4374272489590231,0.00102,0.00109,-6.999999999999997e-05,0.46094417931997944,0
2020-09-30,95.3499984741211,97.19999694824219,95.26000213623047,96.2699966430664,82.1910629272461,16400600,0.0,26.3700008392334,0.1,0.12,0.69,0.009602206321059794,0.2745178253628753,0.0,0.0,0.001,0.0012,0.0069,0.0038066379797176975,-0.3656035638555168,0.001,0.0010799999999999998,-7.999999999999978e-05,0.4803659551339101,0
2020-10-01,97.12000274658203,97.7699966430664,96.02999877929688,96.97000122070312,82.78871154785156,15778700,0.0,26.700000762939453,0.09,0.12,0.68,0.00724514549526566,0.2763208600699795,0.0,0.0,0.0009,0.0012,0.0068000000000000005,0.012514217413868156,-0.3595005366893155,0.00098,0.001065,-8.5e-05,0.4802636802020494,0
2020-10-02,95.25,98.58999633789062,95.08999633789062,97.88999938964844,83.57415008544922,15149600,0.0,27.6299991607666,0.09,0.12,0.7,0.00944254463759537,0.2728056440467677,0.0,0.0,0.0009,0.0012,0.006999999999999999,0.03483139967239324,-0.35821259496721775,0.0009600000000000001,0.001055,-9.499999999999982e-05,0.46369678012646764,0
2020-10-05,98.31999969482422,99.25,97.52999877929688,99.04000091552734,85.34060668945312,13871900,0.0,27.959999084472656,0.1,0.12,0.78,0.020916124049871452,0.2838150831436827,0.0,0.0,0.001,0.0012,0.0078000000000000005,0.011943537232336876,-0.5057815092426337,0.0009400000000000001,0.00105,-0.00010999999999999985,0.4733116668478481,0
2020-10-06,100.06999969482422,100.86000061035156,97.51000213623047,98.0199966430664,84.4616928100586,19220400,0.0,29.479999542236328,0.1,0.14,0.76,-0.010352294773451298,0.27389352671492406,0.0,0.0,0.001,0.0014000000000000002,0.0076,0.05436339440396454,-0.4596070661022725,0.0009600000000000001,0.001035,-7.499999999999976e-05,0.43271866560391725,0
2020-10-07,98.95999908447266,100.3499984741211,98.66999816894531,99.7300033569336,85.93516540527344,16358500,0.0,28.059999465942383,0.1,0.13,0.81,0.01729502925093628,0.253383597900376,0.0,0.0,0.001,0.0013,0.008100000000000001,-0.048168252996730776,-0.4844199342846196,0.0009600000000000001,0.001025,-6.499999999999995e-05,0.48435735938870367,0
2020-10-08,100.51000213623047,101.91999816894531,99.9000015258789,101.77999877929688,87.70160675048828,15659000,0.0,26.360000610351562,0.09,0.13,0.78,0.02034709889779269,0.2610067974259859,0.0,0.0,0.0009,0.0013,0.0078000000000000005,-0.06058442223615079,-0.5170672945583105,0.0009600000000000001,0.00101,-4.9999999999999914e-05,0.5151095868892327,0
2020-10-09,102.0,102.11000061035156,100.11000061035156,101.19999694824219,87.20183563232422,13689100,0.0,25.0,0.1,0.15,0.79,-0.005714838673718957,0.25897503873975963,0.0,0.0,0.001,0.0015,0.0079,-0.051593345176839334,-0.4664544744705744,0.0009800000000000002,0.001005,-2.499999999999985e-05,0.537295778370021,0
2020-10-12,101.0999984741211,103.0,100.8499984741211,102.44000244140625,88.27031707763672,16058000,0.0,25.06999969482422,0.1,0.15,0.79,0.012178509636558758,0.25888476622826095,0.0,0.0,0.001,0.0015,0.0079,0.00279998779296875,-0.4379155828928654,0.0009800000000000002,0.001,-1.9999999999999836e-05,0.5361974842547015,0
2020-10-13,103.0,103.22000122070312,100.26000213623047,100.77999877929688,86.83992004394531,21697300,0.0,26.06999969482422,0.11,0.13,0.74,-0.01633746687807117,0.26129727641636685,0.0,0.0,0.0011,0.0013,0.0074,0.03988831320993014,-0.44559143158672326,0.0010000000000000002,0.001,2.168404344971009e-19,0.504005641111231,0
2020-10-14,101.02999877929688,101.93000030517578,100.0999984741211,100.22000122070312,86.35737609863281,15204100,0.0,26.399999618530273,0.12,0.13,0.73,-0.005572202391364572,0.23640824341430616,0.0,0.0,0.0012,0.0013,0.0073,0.012658225069775098,-0.529272381191359,0.0010400000000000001,0.001,4.0000000000000105e-05,0.5148018810599513,0
2020-10-15,99.0999984741211,101.77999877929688,99.04000091552734,101.72000122070312,87.64990234375,17171200,0.0,26.969999313354492,0.11,0.12,0.74,0.014856275315287593,0.2411207924995343,0.0,0.0,0.0011,0.0012,0.0074,0.02159089784320045,-0.5001456345797544,0.00108,0.00101,6.999999999999997e-05,0.5129932186228918,0
2020-10-16,101.41000366210938,102.33000183105469,100.72000122070312,101.51000213623047,87.46896362304688,13275000,0.0,27.40999984741211,0.11,0.12,0.76,-0.0020664682139483748,0.23694221439175356,0.0,0.0,0.0011,0.0012,0.0076,0.016314443650717658,-0.4982820178401265,0.0011000000000000003,0.001015,8.500000000000022e-05,0.512325943017234,0
2020-10-19,101.5999984741211,101.87000274658203,99.55999755859375,99.80000305175781,85.99546813964844,11725700,0.0,29.18000030517578,0.11,0.13,0.78,-0.01698943017681445,0.24551813023292535,0.0,0.0,0.0011,0.0013,0.0078000000000000005,0.06457498969781228,-0.5546069365944742,0.00112,0.00102,9.999999999999983e-05,0.4782098991787906,0
2020-10-20,100.30999755859375,101.7699966430664,100.12000274658203,100.37000274658203,86.48663330078125,11257100,0.0,29.350000381469727,0.1,0.13,0.81,0.0056952748680134425,0.21535699308385492,0.0,0.0,0.001,0.0013,0.008100000000000001,0.005825910709938986,-0.45912059591233306,0.0011,0.0010199999999999999,8.000000000000021e-05,0.4978615607675747,0
2020-10-21,100.36000061035156,100.98999786376953,99.33000183105469,99.37000274658203,85.6249771118164,10730500,0.0,28.649999618530273,0.1,0.13,0.83,-0.010012844407335823,0.2146029317388621,0.0,0.0,0.001,0.0013,0.0083,-0.02385011086341937,-0.4801452175911188,0.00106,0.0010149999999999998,4.500000000000012e-05,0.5084273030707249,0
2020-10-22,99.31999969482422,103.23999786376953,99.30999755859375,102.87999725341797,88.64944458007812,14837200,0.0,28.110000610351562,0.09,0.13,0.87,0.03471273791334229,0.2291345714623506,0.0,0.0,0.0009,0.0013,0.0087,-0.018848133171682435,-0.41654814282496105,0.00102,0.00101,1.0000000000000026e-05,0.5465401701286066,0
2020-10-23,103.5,104.44999694824219,102.93000030517578,103.80999755859375,89.45081329345703,15087600,0.0,27.549999237060547,0.1,0.12,0.85,0.008999134882102204,0.22829377116799354,0.0,0.0,0.001,0.0012,0.0085,-0.01992178445861703,-0.42255422961092387,0.0010000000000000002,0.00101,-9.99999999999981e-06,0.5604063775606738,0
2020-10-26,102.6500015258789,102.69999694824219,100.25,101.23999786376953,87.23628997802734,12410700,0.0,32.459999084472656,0.11,0.12,0.81,-0.02506848825731582,0.251747106856393,0.0,0.0,0.0011,0.0012,0.008100000000000001,0.17822141500487332,-0.588493365270397,0.001,0.00101,-1.0000000000000026e-05,0.4701961715278492,0
2020-10-27,100.51000213623047,100.91999816894531,99.16000366210938,99.33000183105469,85.59049224853516,10391700,0.0,33.349998474121094,0.1,0.12,0.79,-0.019046208697375274,0.24804128217108512,0.0,0.0,0.001,0.0012,0.0079,0.02741834302990398,-0.5892207379514233,0.001,0.0010149999999999998,-1.4999999999999823e-05,0.42926264214039755,0
2020-10-28,97.5,98.30000305175781,96.06999969482422,96.54000091552734,83.1864013671875,16389500,0.0,40.279998779296875,0.1,0.12,0.79,-0.028490315753216724,0.2676027032008992,0.0,0.0,0.001,0.0012,0.0079,0.2077961206071215,-0.681251030758336,0.001,0.001015,-1.500000000000004e-05,0.31838870696716864,0
2020-10-29,96.12000274658203,97.9800033569336,95.23999786376953,97.16999816894531,83.72926330566406,14208800,0.0,37.59000015258789,0.09,0.12,0.85,0.006504648363594758,0.2665656529133055,0.0,0.0,0.0009,0.0012,0.0085,-0.06678249027384753,-0.6711574627523271,0.0010000000000000002,0.0010149999999999998,-1.4999999999999606e-05,0.354954263884842,0
2020-10-30,97.91000366210938,98.41999816894531,96.2300033569336,98.04000091552734,84.47892761230469,15194500,0.0,38.02000045776367,0.09,0.13,0.88,0.008913588168014854,0.26712946046331987,0.0,0.0,0.0009,0.0013,0.0088,0.011439220628632452,-0.6705342830079172,0.0009800000000000002,0.001015,-3.4999999999999875e-05,0.3498075938310892,0
2020-11-02,99.38999938964844,100.87999725341797,97.86000061035156,100.25,86.38323974609375,15011600,0.0,37.130001068115234,0.09,0.13,0.87,0.022291546678141236,0.2758353457082457,0.0,0.0,0.0009,0.0013,0.0087,-0.023408715910909428,-0.6864980010931943,0.0009400000000000001,0.00101,-6.999999999999997e-05,0.37016373047225387,0
2020-11-03,103.0199966430664,104.73999786376953,102.69000244140625,103.41000366210938,89.10613250732422,17482600,0.0,35.54999923706055,0.1,0.14,0.9,0.031034486778586123,0.2867848587881452,0.0,0.0,0.001,0.0014000000000000002,0.009000000000000001,-0.04255323957993329,-0.7131735921013854,0.0009400000000000001,0.00101,-6.999999999999997e-05,0.3987467367119132,0
2020-11-04,101.0,102.06999969482422,98.93000030517578,100.25,86.38323974609375,18886500,0.0,29.56999969482422,0.1,0.12,0.78,-0.031034486778586147,0.3063425052723788,0.0,0.0,0.001,0.0012,0.0078000000000000005,-0.1682137741370816,-0.38189889833407664,0.0009400000000000001,0.00101,-6.999999999999997e-05,0.47182176737382076,0
2020-11-05,101.05999755859375,105.0999984741211,101.0,104.3499984741211,89.91610717773438,17837400,0.0,27.579999923706055,0.1,0.12,0.79,0.04008342057330246,0.33074804113754525,0.0,0.0,0.001,0.0012,0.0079,-0.0672979300526162,-0.40697358807349526,0.0009600000000000001,0.001015,-5.499999999999993e-05,0.5138006427646096,0
2020-11-06,105.02999877929688,105.0999984741211,102.38999938964844,102.95999908447266,88.71839141845703,12552800,0.0,24.860000610351562,0.1,0.12,0.83,-0.013409881259188607,0.3280156470790059,0.0,0.0,0.001,0.0012,0.0083,-0.09862216536906332,-0.3231904359121423,0.0009800000000000002,0.0010149999999999998,-3.499999999999966e-05,0.5325449106016105,0
2020-11-09,113.16000366210938,118.9000015258789,110.3499984741211,116.9000015258789,100.73016357421875,32103200,0.0,25.75,0.11,0.12,0.96,0.12697808195457644,0.545837071958921,0.0,0.0,0.0011,0.0012,0.0096,0.03580045727262959,-0.1315141490929034,0.00102,0.0010199999999999999,2.168404344971009e-19,0.598820870787137,0
2020-11-10,117.3499984741211,117.44999694824219,114.69000244140625,116.5199966430664,100.40274047851562,20539300,0.0,24.799999237060547,0.1,0.12,0.98,-0.0032557913532218724,0.5465629681853933,0.0,0.0,0.001,0.0012,0.0098,-0.03689323351221174,-0.1235081898545885,0.0010200000000000003,0.0010149999999999998,5.000000000000447e-06,0.6031984419864245,0
2020-11-11,116.88999938964844,116.95999908447266,113.95999908447266,114.77999877929688,98.90342712402344,14443400,0.0,23.450000762939453,0.1,0.12,0.98,-0.015045612042751197,0.5459117108693097,0.0,0.0,0.001,0.0012,0.0098,-0.054435424018226874,-0.08698191274989951,0.0010200000000000003,0.001005,1.5000000000000256e-05,0.6232434547873098,0
2020-11-12,112.52999877929688,113.95999908447266,112.05999755859375,113.37000274658203,97.68846130371094,22063000,0.0,25.350000381469727,0.1,0.13,0.88,-0.012360441710820031,0.5482566515039474,0.0,0.0,0.001,0.0013,0.0088,0.08102343525434108,-0.10762714041478988,0.0010200000000000003,0.001,2.000000000000027e-05,0.5920735531354415,0
2020-11-13,114.69999694824219,114.86000061035156,113.56999969482422,114.08000183105469,98.30024719238281,11847900,0.0,23.100000381469727,0.09,0.12,0.89,0.006243093088948317,0.5472890523153525,0.0,0.0,0.0009,0.0012,0.0089,-0.08875739511407266,-0.1095823297101647,0.0010000000000000002,0.00099,1.0000000000000243e-05,0.6190734479143609,0
2020-11-16,117.79000091552734,118.61000061035156,115.7300033569336,117.30000305175781,101.07485961914062,19858600,0.0,22.450000762939453,0.09,0.12,0.91,0.027834884824483645,0.5518899547401213,0.0,0.0,0.0009,0.0012,0.0091,-0.028138511160012314,-0.11406789697178164,0.0009600000000000001,0.00098,-1.9999999999999836e-05,0.6461529392617431,0
2020-11-17,115.38999938964844,116.44000244140625,114.58000183105469,116.11000061035156,100.04944610595703,14553200,0.0,22.709999084472656,0.09,0.12,0.87,-0.010196901805642221,0.548679886867733,0.0,0.0,0.0009,0.0012,0.0087,0.011581216601222133,-0.09287659744236393,0.0009400000000000002,0.000975,-3.4999999999999767e-05,0.6464837059307259,0
2020-11-18,117.33999633789062,118.61000061035156,115.19999694824219,115.25,99.30841827392578,12571200,0.0,23.84000015258789,0.09,0.11,0.88,-0.007434181211778838,0.5510161011331735,0.0,0.0,0.0009,0.0011,0.0088,0.04975786497886037,-0.10492983012160334,0.0009200000000000001,0.00097,-4.9999999999999914e-05,0.6225337509061264,0
2020-11-19,114.18000030517578,115.81999969482422,113.55999755859375,115.55999755859375,99.57550048828125,10202500,0.0,23.110000610351562,0.07,0.11,0.86,0.0026858116691321197,0.5479444138422531,0.0,0.0,0.0007000000000000001,0.0011,0.0086,-0.03062078597164286,-0.10861954853535248,0.0008600000000000002,0.0009599999999999999,-9.999999999999972e-05,0.6405158264212762,0
2020-11-20,114.43000030517578,115.6500015258789,114.08999633789062,114.56999969482422,98.72248077392578,12718900,0.0,23.700000762939453,0.07,0.11,0.83,-0.008603466062567174,0.5410295825931156,0.0,0.0,0.0007000000000000001,0.0011,0.0083,0.025530079489639368,-0.1111462505373868,0.0008200000000000001,0.000945,-0.0001249999999999999,0.6063080115006867,0
2020-11-23,116.05000305175781,118.16999816894531,115.56999969482422,117.87000274658203,101.56600189208984,13209200,0.0,22.65999984741211,0.08,0.1,0.86,0.028396162861038392,0.5469201869096337,0.0,0.0,0.0008,0.001,0.0086,-0.043881893757304447,-0.12336204656151659,0.0008000000000000001,0.00093,-0.0001299999999999999,0.6327035903471125,0
2020-11-24,120.06999969482422,123.5,119.70999908447266,123.31999969482422,106.26213073730469,20121600,0.0,21.639999389648438,0.09,0.11,0.88,0.04520012083476206,0.5507020075033389,0.0,0.0,0.0009,0.0011,0.0088,-0.04501325969250447,-0.046436620138083355,0.0008000000000000001,0.0009249999999999999,-0.00012499999999999979,0.6890942942434296,0
2020-11-25,121.37000274658203,122.37999725341797,120.47000122070312,122.02999877929688,105.15058135986328,11715600,0.0,21.25,0.09,0.11,0.88,-0.010515541937007803,0.5459230238509047,0.0,0.0,0.0009,0.0011,0.0088,-0.01802215344955116,-0.022360033240655292,0.0008000000000000001,0.00092,-0.00011999999999999988,0.6997407067819849,0
2020-11-27,122.0,122.3499984741211,121.08000183105469,121.22000122070312,104.45262908935547,5983600,0.0,20.84000015258789,0.09,0.11,0.84,-0.00665977251660225,0.5316819314348845,0.0,0.0,0.0009,0.0011,0.0084,-0.01929411046645224,0.20938357413533593,0.0008400000000000001,0.0009200000000000001,-7.999999999999999e-05,0.7185892904548088,0
2020-11-30,120.0,120.72000122070312,117.7699966430664,117.87999725341797,101.5746078491211,14411800,0.0,20.56999969482422,0.08,0.11,0.84,-0.02794007731543382,0.5483488538134587,0.0,0.0,0.0008,0.0011,0.0084,-0.01295587599744541,0.18635253230443194,0.0008600000000000002,0.000915,-5.499999999999982e-05,0.7019416987621887,0
2020-12-01,120.33999633789062,121.58000183105469,119.62999725341797,119.73999786376953,103.17733001708984,12668900,0.0,20.770000457763672,0.09,0.12,0.92,0.015655577375738083,0.54880161885949,0.0,0.0,0.0009,0.0012,0.0092,0.009722934657591553,0.19294785612818546,0.00088,0.0009149999999999998,-3.4999999999999767e-05,0.7030990621082885,0
2020-12-02,119.69999694824219,122.30999755859375,119.2699966430664,122.04000091552734,105.15921020507812,10811300,0.0,21.170000076293945,0.09,0.11,0.95,0.019026330882160974,0.5479601952916175,0.0,0.0,0.0009,0.0011,0.0095,0.019258527188946495,0.20048999497106718,0.00088,0.00091,-2.999999999999997e-05,0.6954440575755221,0
2020-12-03,121.8499984741211,121.88999938964844,120.36000061035156,121.23999786376953,104.4698715209961,12904400,0.0,21.280000686645508,0.08,0.1,0.92,-0.006576770390065,0.5446999130627515,0.0,0.0,0.0008,0.001,0.0092,0.005196060933166491,0.2006410253558777,0.00086,0.0009,-3.9999999999999996e-05,0.6714857527681106,0
2020-12-04,122.4800033569336,123.29000091552734,121.69000244140625,122.33999633789062,105.41770935058594,13583700,0.0,20.790000915527344,0.09,0.11,0.97,0.009031923366005324,0.5262879804984493,0.0,0.0,0.0009,0.0011,0.0097,-0.023026304290754473,0.059967494081900205,0.0008600000000000002,0.000895,-3.4999999999999767e-05,0.7023313038646194,0
2020-12-07,121.1500015258789,122.16999816894531,120.20999908447266,121.87999725341797,105.02133178710938,9724300,0.0,21.299999237060547,0.08,0.1,0.94,-0.0037671529968736394,0.5159832126096333,0.0,0.0,0.0008,0.001,0.009399999999999999,0.024530942716423976,0.10572775366403978,0.00086,0.0008849999999999998,-2.499999999999985e-05,0.6689477237791671,0
2020-12-08,121.04000091552734,122.33000183105469,120.76000213623047,122.0,105.12472534179688,9592100,0.0,20.68000030517578,0.09,0.1,0.92,0.0009840162070418016,0.5110563176982684,0.0,0.0,0.0009,0.001,0.0092,-0.029107932117012014,0.04996804169475117,0.00086,0.0008750000000000001,-1.5000000000000148e-05,0.6863682198192945,0
2020-12-09,123.16999816894531,123.30000305175781,120.44000244140625,121.05000305175781,104.30615234375,13073900,0.0,22.270000457763672,0.08,0.1,0.95,-0.007817158343917588,0.2744775432480061,0.0,0.0,0.0008,0.001,0.0095,0.07688588632128535,-0.34161459519392406,0.0008400000000000001,0.000865,-2.499999999999985e-05,0.5834300246921602,0
2020-12-10,119.98999786376953,120.77999877929688,119.55999755859375,120.2699966430664,103.634033203125,13668400,0.0,22.520000457763672,0.08,0.1,0.92,-0.006464565562877333,0.27542525182941163,0.0,0.0,0.0008,0.001,0.0092,0.011225864160808507,-0.3635826332682002,0.0008400000000000001,0.0008550000000000001,-1.4999999999999931e-05,0.5779503968256375,0
2020-12-11,118.94000244140625,120.0199966430664,118.37000274658203,119.55999755859375,103.02224731445312,9981600,0.0,23.309999465942383,0.08,0.1,0.9,-0.005920823450192379,0.2702807891654892,0.0,0.0,0.0008,0.001,0.009000000000000001,0.03507988419717645,-0.46139877519556755,0.0008200000000000001,0.0008449999999999999,-2.499999999999985e-05,0.5721017602000934,0
2020-12-14,121.33999633789062,121.41999816894531,118.11000061035156,118.30000305175781,101.9365234375,12112400,0.0,24.719999313354492,0.09,0.1,0.9,-0.010594657927555266,0.26917030668709757,0.0,0.0,0.0009,0.001,0.009000000000000001,0.06048905532890392,-0.4544469218614585,0.0008400000000000001,0.000845,-4.999999999999905e-06,0.5530200364055247,0
2020-12-15,119.29000091552734,120.9000015258789,118.62000274658203,120.31999969482422,103.6771011352539,12590200,0.0,22.889999389648438,0.08,0.09,0.92,0.016930972160584055,0.2737863483812152,0.0,0.0,0.0008,0.0009,0.0092,-0.07402912518356886,-0.5210734840364085,0.0008200000000000001,0.0008399999999999999,-1.9999999999999836e-05,0.5855116564520532,0
2020-12-16,120.30000305175781,121.08000183105469,119.86000061035156,120.66999816894531,103.97869873046875,11169400,0.0,22.5,0.09,0.09,0.92,0.0029047857799079594,0.257921133868484,0.0,0.0,0.0009,0.0009,0.0092,-0.017037981653455492,-0.49869916148964294,0.0008400000000000001,0.0008400000000000001,0.0,0.5762409464876661,0
2020-12-17,121.26000213623047,121.44999694824219,119.58000183105469,119.66999816894531,103.11702728271484,11618000,0.0,21.93000030517578,0.08,0.09,0.94,-0.008321527795309815,0.2569433260036825,0.0,0.0,0.0008,0.0009,0.009399999999999999,-0.025333319769965224,-0.4651669706260406,0.0008400000000000001,0.000835,5.0000000000001215e-06,0.5854960227208144,0
2020-12-18,119.13999938964844,119.87999725341797,118.2699966430664,119.08000183105469,102.6086196899414,28954800,0.0,21.56999969482422,0.08,0.09,0.95,-0.004942588687924716,0.2560025302596358,0.0,0.0,0.0008,0.0009,0.0095,-0.016415896276417152,-0.4413484814312685,0.0008400000000000001,0.0008400000000000001,0.0,0.5921194084575743,0
2020-12-21,123.16999816894531,125.0,121.08999633789062,123.55000305175781,106.46033477783203,28323600,0.0,25.15999984741211,0.09,0.09,0.95,0.036850530594233405,0.28375359845276543,0.0,0.0,0.0009,0.0009,0.0095,0.16643487266480217,0.031847531136826326,0.0008400000000000001,0.0008500000000000001,-9.999999999999918e-06,0.561195471886853,0
2020-12-22,123.38999938964844,123.5199966430664,121.61000061035156,121.66999816894531,104.84039306640625,11788200,0.0,24.229999542236328,0.09,0.09,0.93,-0.015333344723740965,0.28819890499722506,0.0,0.0,0.0009,0.0009,0.009300000000000001,-0.03696344637583293,0.08411894007680097,0.00086,0.0008550000000000001,4.999999999999905e-06,0.5704686688595231,0
2020-12-23,122.77999877929688,126.5199966430664,122.3499984741211,125.06999969482422,107.77008819580078,14973200,0.0,23.309999465942383,0.09,0.09,0.96,0.02756101732818532,0.28727968854457425,0.0,0.0,0.0009,0.0009,0.0096,-0.03796946321399031,0.09467933590120155,0.00086,0.0008550000000000001,4.999999999999905e-06,0.5831078465546087,0
2020-12-24,125.08999633789062,125.55000305175781,123.56999969482422,124.5199966430664,107.29613494873047,4164900,0.0,21.530000686645508,0.09,0.1,0.94,-0.004407516972211846,0.24307397752504936,0.0,0.0,0.0009,0.001,0.009399999999999999,-0.07636202574339757,0.2613219265243997,0.00088,0.0008550000000000001,2.4999999999999957e-05,0.5789953329988038,0
2020-12-28,125.81999969482422,126.6500015258789,124.79000091552734,125.33999633789062,108.00273132324219,8072600,0.0,21.700000762939453,0.11,0.11,0.94,0.006563888827647676,0.24054327215155458,0.0,0.0,0.0011,0.0011,0.009399999999999999,0.007895962418588809,0.2531986529275785,0.0009400000000000001,0.000865,7.500000000000009e-05,0.586734302357355,0
2020-12-29,126.19999694824219,126.27999877929688,124.88999938964844,125.01000213623047,107.7183837890625,8389200,0.0,23.079999923706055,0.1,0.11,0.94,-0.0026362528184799535,0.23927151909499147,0.0,0.0,0.001,0.0011,0.009399999999999999,0.06359442913584812,0.222282046622772,0.0009600000000000001,0.0008750000000000001,8.5e-05,0.5694248359787648,0
2020-12-30,125.48999786376953,125.8499984741211,124.9000015258789,125.36000061035156,108.01998138427734,7398000,0.0,22.770000457763672,0.08,0.12,0.93,0.0027959588128693685,0.2140347235812462,0.0,0.0,0.0008,0.0012,0.009300000000000001,-0.013431519365993294,0.20846813393862082,0.0009400000000000002,0.0008700000000000001,7.000000000000008e-05,0.5921464455435834,0
2020-12-31,125.08999633789062,127.33000183105469,124.81999969482422,127.06999969482422,109.49342346191406,8580200,0.0,22.75,0.09,0.1,0.93,0.013548264915509823,0.212575518187884,0.0,0.0,0.0009,0.001,0.009300000000000001,-0.0008783687905835613,0.20158707348023933,0.0009400000000000001,0.0008699999999999999,7.000000000000018e-05,0.5911776708823311,0
2021-01-04,127.5,127.86000061035156,124.77999877929688,125.87000274658203,108.45944213867188,16819900,0.0,26.969999313354492,0.09,0.1,0.93,-0.009488189819937902,0.20810250406490569,0.0,0.0,0.0009,0.001,0.009300000000000001,0.18549447531228536,0.04231187512266222,0.0009400000000000002,0.0008750000000000001,6.500000000000006e-05,0.5139491741788443,0
2021-01-05,124.98999786376953,126.30000305175781,123.7699966430664,125.6500015258789,109.04959106445312,13731200,0.0,25.34000015258789,0.09,0.1,0.96,0.005426444734103492,0.20640043408918868,0.0,0.0,0.0009,0.001,0.0096,-0.06043749359531836,0.023536302691314712,0.0009000000000000001,0.0008750000000000001,2.4999999999999957e-05,0.5443680068838592,0
2021-01-06,129.8800048828125,132.77000427246094,127.87999725341797,131.5500030517578,114.17008972167969,24909100,0.0,25.06999969482422,0.09,0.11,1.04,0.04588660888979076,0.25571700627257166,0.0,0.0,0.0009,0.0011,0.0104,-0.010655108766291721,-0.013096517716139676,0.00088,0.00088,0.0,0.5701605409071999,0
2021-01-07,135.69000244140625,138.19000244140625,134.9199981689453,135.8699951171875,117.91932678222656,21940400,0.0,22.3700008392334,0.09,0.11,1.08,0.03231136777047317,0.2722737526469283,0.0,0.0,0.0009,0.0011,0.0108,-0.10769840001825937,-0.1326520362753318,0.0009,0.00088,1.9999999999999944e-05,0.6301879813007507,0
2021-01-08,135.97000122070312,136.35000610351562,134.1199951171875,136.02000427246094,118.049560546875,12035100,0.0,21.559999465942383,0.08,0.1,1.13,0.001103821604160134,0.27224894113557724,0.0,0.0,0.0008,0.001,0.0113,-0.03620926879315989,-0.13126211739666527,0.00088,0.00088,0.0,0.6418249576718216,0
2021-01-11,134.5800018310547,138.1999969482422,134.11000061035156,138.0500030517578,119.81134033203125,15937900,0.0,24.079999923706055,0.08,0.1,1.15,0.014813800812866661,0.26955188784943923,0.0,0.0,0.0008,0.001,0.0115,0.11688314101048247,-0.05232975126006274,0.0008600000000000002,0.00088,-1.9999999999999836e-05,0.6193137565208892,0
2021-01-12,139.44000244140625,141.66000366210938,138.8300018310547,140.22000122070312,121.69462585449219,18033500,0.0,23.329999923706055,0.09,0.11,1.15,0.015596498322015007,0.26690021640077505,0.0,0.0,0.0009,0.0011,0.0115,-0.03114617950067544,-0.06146009920741826,0.00086,0.000885,-2.5000000000000066e-05,0.6431542718204132,0
2021-01-13,138.58999633789062,140.7899932861328,138.10000610351562,140.35000610351562,121.80748748779297,14816800,0.0,22.209999084472656,0.09,0.12,1.1,0.0009269869557478669,0.2635461944416715,0.0,0.0,0.0009,0.0012,0.011000000000000001,-0.048006894251865995,-0.030771155940311313,0.0008600000000000002,0.000885,-2.499999999999985e-05,0.6632223630423256,0
2021-01-14,140.49000549316406,142.75,140.0,141.1699981689453,122.51912689208984,18565600,0.0,23.25,0.09,0.1,1.15,0.005825328677569577,0.25496614707955273,0.0,0.0,0.0009,0.001,0.0115,0.046825797316417894,0.00969817533658468,0.00086,0.00089,-2.999999999999997e-05,0.6581464357340314,0
2021-01-15,137.42999267578125,141.64999389648438,137.00999450683594,138.63999938964844,120.32341766357422,27881000,0.0,24.34000015258789,0.09,0.1,1.11,-0.018083891109323517,0.2692741227653082,0.0,0.0,0.0009,0.001,0.0111,0.046881726993027506,-0.008683254158161126,0.00088,0.00089,-9.999999999999918e-06,0.6217406086073682,0
2021-01-19,139.86000061035156,140.6999969482422,137.82000732421875,138.0399932861328,119.80265045166016,19843800,0.0,23.239999771118164,0.09,0.1,1.1,-0.004337455174747184,0.27184899920884675,0.0,0.0,0.0009,0.001,0.011000000000000001,-0.04519311317065755,0.009724285291494392,0.0009,0.000895,5.000000000000013e-06,0.6331361865019477,0
2021-01-20,137.82000732421875,138.1699981689453,135.44000244140625,135.97000122070312,118.00616455078125,16028800,0.0,21.579999923706055,0.08,0.1,1.1,-0.015108944350195028,0.2775461211473009,0.0,0.0,0.0008,0.001,0.011000000000000001,-0.07142856556629995,0.053300014343645806,0.00088,0.000895,-1.4999999999999931e-05,0.6527984863884702,0
2021-01-21,135.69000244140625,136.16000366210938,134.32000732421875,134.8300018310547,117.01675415039062,13411700,0.0,21.31999969482422,0.09,0.1,1.12,-0.008419742644367737,0.2795939798697278,0.0,0.0,0.0009,0.001,0.011200000000000002,-0.012048203419881442,0.052933682959015106,0.00088,0.000895,-1.4999999999999931e-05,0.6544411841053284,0
2021-01-22,132.69000244140625,134.39999389648438,132.1999969482422,133.7899932861328,116.11415100097656,12933200,0.0,21.90999984741211,0.08,0.1,1.1,-0.007743354822873238,0.2601078714574799,0.0,0.0,0.0008,0.001,0.011000000000000001,0.02767355351938039,-0.18937583812501874,0.00086,0.00089,-2.999999999999997e-05,0.6194728445173595,0
2021-01-25,132.13999938964844,133.1699981689453,130.05999755859375,132.1199951171875,114.664794921875,14212800,0.0,23.190000534057617,0.09,0.1,1.05,-0.012560722373313675,0.25765909897590056,0.0,0.0,0.0009,0.001,0.0105,0.05842084416064908,-0.2642882047083113,0.0008600000000000002,0.00089,-2.9999999999999753e-05,0.6028466318839831,0
2021-01-26,132.75,133.1699981689453,131.33999633789062,131.5800018310547,114.1961441040039,11307800,0.0,23.020000457763672,0.07,0.09,1.05,-0.004095512977716511,0.24460153269464438,0.0,0.0,0.0007000000000000001,0.0009,0.0105,-0.007330749132337333,-0.23340844750407275,0.0008200000000000001,0.00088,-5.999999999999994e-05,0.586430817560404,0
2021-01-27,129.58999633789062,129.85000610351562,127.3499984741211,127.86000061035156,110.9676284790039,17603900,0.0,37.209999084472656,0.08,0.09,1.04,-0.02867900878440944,0.2669866737270415,0.0,0.0,0.0008,0.0009,0.0104,0.6164204319953999,-0.47970400842091315,0.0008200000000000001,0.000865,-4.49999999999999e-05,0.3693705715651207,0
2021-01-28,129.89999389648438,132.1699981689453,128.99000549316406,130.11000061035156,112.92037963867188,13761800,0.0,30.209999084472656,0.07,0.08,1.07,0.01744444193989461,0.2721451272956519,0.0,0.0,0.0007000000000000001,0.0008,0.010700000000000001,-0.1881214773509905,-0.5088226218808474,0.0007800000000000001,0.0008500000000000001,-6.999999999999997e-05,0.47579710137650244,0
2021-01-29,131.19000244140625,131.72000122070312,128.19000244140625,128.6699981689453,111.67060852050781,14808100,0.0,33.09000015258789,0.06,0.1,1.11,-0.011129422676516634,0.2755841322601209,0.0,0.0,0.0006,0.001,0.0111,0.0953327095463401,-0.5141919256650174,0.0007400000000000001,0.0008399999999999999,-9.999999999999983e-05,0.42961933800609164,0
2021-02-01,129.39999389648438,130.07000732421875,128.47999572753906,129.6199951171875,112.49507141113281,11080700,0.0,30.239999771118164,0.07,0.08,1.09,0.0073558682884113874,0.2762611805896722,0.0,0.0,0.0007000000000000001,0.0008,0.0109,-0.08612875093162653,-0.5178188693139103,0.0007000000000000002,0.00083,-0.0001299999999999998,0.47302750796788273,0
2021-02-02,131.94000244140625,134.38999938964844,131.22000122070312,133.61000061035156,115.95793914794922,12253600,0.0,25.559999465942383,0.07,0.08,1.12,0.03031812079528237,0.29086695951652014,0.0,0.0,0.0007000000000000001,0.0008,0.011200000000000002,-0.15476191602506528,-0.5554469306142312,0.0007000000000000002,0.0008200000000000001,-0.00011999999999999988,0.5498332904360801,0
2021-02-03,133.64999389648438,135.75999450683594,133.50999450683594,135.13999938964844,117.28582763671875,10600800,0.0,22.90999984741211,0.04,0.08,1.15,0.011386395047308163,0.2887983535024123,0.0,0.0,0.0004,0.0008,0.0115,-0.1036776085250426,-0.5466682666876567,0.0006200000000000001,0.000795,-0.00017499999999999992,0.6000968512344358,0
2021-02-04,135.47000122070312,138.66000366210938,135.47000122070312,138.25,119.98493957519531,12419500,0.0,21.770000457763672,0.04,0.07,1.15,0.022752304517204728,0.2962251205500609,0.0,0.0,0.0004,0.0007000000000000001,0.0115,-0.049759903851645415,-0.5484691603260331,0.0005600000000000001,0.0007700000000000001,-0.00021,0.6266874273688492,0
2021-02-05,139.38999938964844,139.49000549316406,137.3800048828125,137.97999572753906,119.7506103515625,10051300,0.0,20.8700008392334,0.03,0.06,1.19,-0.0019548982062191312,0.25569542667391804,0.0,0.0,0.0003,0.0006,0.011899999999999999,-0.0413412769685686,-0.6195208197138872,0.0005000000000000001,0.00074,-0.00023999999999999987,0.6110610499493629,0
2021-02-08,138.1999969482422,140.3000030517578,138.17999267578125,140.13999938964844,121.62520599365234,10136400,0.0,21.239999771118164,0.05,0.07,1.19,0.015532901023714579,0.2367644173273751,0.0,0.0,0.0005,0.0007000000000000001,0.011899999999999999,0.017728745424351322,-0.6013727069945259,0.00046000000000000007,0.0007250000000000001,-0.000265,0.5957908106506488,0
2021-02-09,139.42999267578125,139.97999572753906,138.5399932861328,139.5800018310547,121.13921356201172,8614800,0.0,21.6299991607666,0.04,0.07,1.18,-0.00400382462767515,0.2375247951325591,0.0,0.0,0.0004,0.0007000000000000001,0.0118,0.01836155338281853,-0.6019293662757657,0.0004000000000000001,0.000705,-0.00030499999999999993,0.587181910331458,0
2021-02-10,140.0,140.8699951171875,139.0399932861328,139.66000366210938,121.20865631103516,10323200,0.0,21.989999771118164,0.05,0.07,1.15,0.0005730832374171068,0.2323293774948655,0.0,0.0,0.0005,0.0007000000000000001,0.0115,0.016643579487721327,-0.6561341670973481,0.00042000000000000007,0.0006850000000000001,-0.000265,0.5735649977782721,0
2021-02-11,139.66000366210938,140.5500030517578,138.22000122070312,139.27000427246094,120.87018585205078,9201000,0.0,21.25,0.05,0.07,1.16,-0.0027963673034831194,0.22597223519345278,0.0,0.0,0.0005,0.0007000000000000001,0.0116,-0.033651649787194926,-0.6594072857889454,0.0004400000000000001,0.000665,-0.00022499999999999989,0.5731830041343124,0
2021-02-12,139.0500030517578,141.61000061035156,139.0,141.25,122.58859252929688,8324600,0.0,19.969999313354492,0.04,0.06,1.2,0.014116847429810953,0.2314450891230517,0.0,0.0,0.0004,0.0006,0.012,-0.06023532643037688,-0.6618254477462995,0.00046000000000000007,0.00064,-0.00017999999999999998,0.5993106946394093,0
2021-02-16,143.5500030517578,145.32000732421875,142.39999389648438,144.64999389648438,125.53935241699219,12130600,0.0,21.459999084472656,0.04,0.08,1.3,0.02378530157687588,0.24481888541434688,0.0,0.0,0.0004,0.0008,0.013000000000000001,0.07461190898097625,-0.5950229199130982,0.0004400000000000001,0.000615,-0.00017499999999999986,0.5887260843878335,0
2021-02-17,143.9499969482422,145.3800048828125,143.1199951171875,145.10000610351562,125.92991638183594,10810100,0.0,21.5,0.04,0.07,1.29,0.003106258516200367,0.2346245444700843,0.0,0.0,0.0004,0.0007000000000000001,0.0129,0.0018639756399749796,-0.6040809376135134,0.0004400000000000001,0.00059,-0.0001499999999999999,0.6007681127014497,0
2021-02-18,144.0,145.7899932861328,143.39999389648438,145.58999633789062,126.35513305664062,10587800,0.0,22.489999771118164,0.03,0.06,1.29,0.0033709256921941808,0.2334478144057927,0.0,0.0,0.0003,0.0006,0.0129,0.04604650098224017,-0.6141968174484742,0.0004000000000000001,0.000565,-0.0001649999999999999,0.5912206507712073,0
2021-02-19,145.86000061035156,148.83999633789062,145.86000061035156,148.02000427246094,128.4641571044922,11969800,0.0,22.049999237060547,0.04,0.07,1.34,0.016553473682633185,0.22901836937918038,0.0,0.0,0.0004,0.0007000000000000001,0.0134,-0.019564274723678277,-0.6710532741180223,0.0003800000000000001,0.00054,-0.00015999999999999993,0.616349907860817,0
2021-02-22,146.8699951171875,150.19000244140625,146.7899932861328,149.41000366210938,129.67050170898438,11488400,0.0,23.450000762939453,0.03,0.06,1.37,0.009346698287556297,0.2250715613283058,0.0,0.0,0.0003,0.0006,0.0137,0.0634921348897759,-0.6827472534226292,0.0003600000000000001,0.000515,-0.00015499999999999997,0.6069351465125803,0
2021-02-23,151.50999450683594,152.30999755859375,149.58999633789062,150.61000061035156,130.71194458007812,16234400,0.0,23.110000610351562,0.04,0.08,1.37,0.007999375068670316,0.22049840008670502,0.0,0.0,0.0004,0.0008,0.0137,-0.014498939937146127,-0.6938306073081111,0.0003600000000000001,0.00049,-0.0001299999999999999,0.6211605360221766,0
2021-02-24,150.11000061035156,153.75999450683594,150.11000061035156,153.25999450683594,133.0118408203125,15061400,0.0,21.34000015258789,0.03,0.08,1.38,0.017442147239612148,0.21368478622215795,0.0,0.0,0.0003,0.0008,0.0138,-0.07659023846891821,-0.7125832875967172,0.0003400000000000001,0.00047000000000000004,-0.00012999999999999996,0.6642924675013246,0
2021-02-25,154.27000427246094,154.89999389648438,150.58999633789062,151.17999267578125,131.20664978027344,18127700,0.0,28.889999389648438,0.04,0.09,1.54,-0.013664593456638756,0.22237792388126826,0.0,0.0,0.0004,0.0009,0.0154,0.3537956505658677,-0.7639952488567745,0.0003600000000000001,0.00045,-8.999999999999991e-05,0.5507933719764264,0
2021-02-26,150.3000030517578,150.8699951171875,146.50999450683594,147.1699981689453,127.72640991210938,19829200,0.0,27.950000762939453,0.04,0.08,1.44,-0.026883005716298206,0.21884559470324352,0.0,0.0,0.0004,0.0008,0.0144,-0.03253716325953937,-0.4803794206426172,0.0003600000000000001,0.00043500000000000006,-7.499999999999998e-05,0.5652842603124676,0
2021-03-01,149.52000427246094,151.3800048828125,148.47999572753906,150.5,130.6165008544922,14845500,0.0,23.350000381469727,0.05,0.08,1.45,0.022375001563324278,0.2225317981154514,0.0,0.0,0.0005,0.0008,0.014499999999999999,-0.1645796155959014,-0.49780748348868276,0.0004000000000000001,0.0004300000000000001,-3.0000000000000024e-05,0.6339005578877147,0
2021-03-02,150.0800018310547,151.77999877929688,149.83999633789062,150.00999450683594,130.1912384033203,14221700,0.0,24.100000381469727,0.04,0.08,1.42,-0.0032611212325808613,0.2160601367603782,0.0,0.0,0.0004,0.0008,0.014199999999999999,0.03211991382215107,-0.47179778570255687,0.0004000000000000001,0.000415,-1.4999999999999931e-05,0.6278751409982075,0
2021-03-03,151.22999572753906,154.97999572753906,150.82000732421875,152.91000366210938,132.7080841064453,14324100,0.0,26.670000076293945,0.05,0.08,1.47,0.019147425510853997,0.21992030049922412,0.0,0.0,0.0005,0.0008,0.0147,0.10663898979853403,-0.4141417850410072,0.0004400000000000001,0.000405,3.5000000000000146e-05,0.5981979971364603,0
2021-03-04,152.61000061035156,154.3800048828125,148.6199951171875,150.55999755859375,130.6685791015625,20093900,0.0,28.56999969482422,0.04,0.08,1.54,-0.015487672655153375,0.21824177490070246,0.0,0.0,0.0004,0.0008,0.0154,0.0712410803560184,-0.3571350318192214,0.0004400000000000001,0.000405,3.5000000000000146e-05,0.5438033608828179,0
2021-03-05,153.22000122070312,153.49000549316406,147.97000122070312,150.91000366210938,130.97230529785156,18465100,0.0,24.65999984741211,0.04,0.08,1.56,0.0023217039142621257,0.21751709541233535,0.0,0.0,0.0004,0.0008,0.015600000000000001,-0.1368568389631607,-0.3116145990388931,0.0004400000000000001,0.0004050000000000001,3.500000000000004e-05,0.594236929148366,0
2021-03-08,152.47000122070312,155.4600067138672,150.75,152.91000366210938,132.7080841064453,17133300,0.0,25.469999313354492,0.05,0.09,1.59,0.013165968740891222,0.21021354150847557,0.0,0.0,0.0005,0.0009,0.0159,0.03284669387487393,-0.2791447565507798,0.0004400000000000001,0.000415,2.500000000000012e-05,0.5769651405000857,0
2021-03-09,151.5,154.25,149.82000732421875,151.8300018310547,131.770751953125,16238800,0.0,24.030000686645508,0.05,0.1,1.55,-0.0070881745530404555,0.21302500967940516,0.0,0.0,0.0005,0.001,0.0155,-0.05653705007969756,-0.25804289611826636,0.00046000000000000007,0.000415,4.5000000000000064e-05,0.5944707441916464,0
2021-03-10,151.91000366210938,156.16000366210938,151.50999450683594,155.1300048828125,134.63478088378906,14342200,0.0,22.559999465942383,0.04,0.08,1.53,0.021502100543134443,0.21784992018838234,0.0,0.0,0.0004,0.0008,0.015300000000000001,-0.06117358213477153,-0.2938626126819546,0.0004400000000000001,0.000415,2.500000000000012e-05,0.6190133586949398,0
2021-03-11,154.11000061035156,156.14999389648438,153.36000061035156,154.32000732421875,133.93182373046875,11771500,0.0,21.90999984741211,0.04,0.08,1.54,-0.005234893293269824,0.21852026951463147,0.0,0.0,0.0004,0.0008,0.0154,-0.028812040510530323,-0.2763504103787249,0.0004400000000000001,0.00041000000000000005,3.000000000000008e-05,0.6275616466470681,0
2021-03-12,156.86000061035156,157.6300048828125,155.07000732421875,156.14999389648438,135.52005004882812,12849500,0.0,20.690000534057617,0.04,0.09,1.64,0.011788707864639501,0.21925198587876038,0.0,0.0,0.0004,0.0009,0.016399999999999998,-0.05568230588091916,-0.28506767771106906,0.0004400000000000001,0.000405,3.5000000000000146e-05,0.6516574627862046,0
2021-03-15,156.35000610351562,156.9199981689453,153.9600067138672,155.3699951171875,134.8430633544922,12101100,0.0,20.030000686645508,0.04,0.08,1.62,-0.005007991665094732,0.22041364612245137,0.0,0.0,0.0004,0.0008,0.016200000000000003,-0.0318994601438356,-0.28156980985027075,0.00042000000000000007,0.000405,1.5000000000000094e-05,0.6597648756303836,0
2021-03-16,154.08999633789062,154.60000610351562,152.19000244140625,153.50999450683594,133.22882080078125,12805600,0.0,19.790000915527344,0.02,0.07,1.62,-0.012043501468716562,0.22565969374385134,0.0,0.0,0.0002,0.0007000000000000001,0.016200000000000003,-0.011982015121855594,-0.24864121269855374,0.0003600000000000001,0.00039500000000000006,-3.499999999999998e-05,0.6476200936023555,0
2021-03-17,155.33999633789062,156.8800048828125,153.0500030517578,155.08999633789062,134.60009765625,13952400,0.0,19.229999542236328,0.02,0.07,1.63,0.010240035660311095,0.2153091052095779,0.0,0.0,0.0002,0.0007000000000000001,0.0163,-0.028297187841544558,-0.322223600197437,0.0003200000000000001,0.00038500000000000003,-6.499999999999995e-05,0.6475534557354587,0
2021-03-18,157.60000610351562,161.69000244140625,157.11000061035156,157.64999389648438,136.82186889648438,21898500,0.0,21.579999923706055,0.01,0.08,1.71,0.016371710026852778,0.2199970938353678,0.0,0.0,0.0001,0.0008,0.0171,0.12220491094179375,-0.25405695482684665,0.00026000000000000014,0.000375,-0.00011499999999999987,0.621894906129858,0
2021-03-19,155.50999450683594,155.94000244140625,151.19000244140625,155.13999938964844,134.64346313476562,32103200,0.0,20.950000762939453,0.01,0.07,1.74,-0.016049581774179107,0.23066879371850046,0.0,0.0,0.0001,0.0007000000000000001,0.0174,-0.029193659082201173,-0.22208166534043955,0.0002000000000000001,0.00036,-0.00015999999999999993,0.6193305691831155,0
2021-03-22,152.8000030517578,153.97000122070312,150.61000061035156,150.97000122070312,131.02438354492188,19944800,0.0,18.8799991607666,0.03,0.06,1.69,-0.027246831181301952,0.24758405441646694,0.0,0.0,0.0003,0.0006,0.0169,-0.09880675545533557,-0.11010311199572542,0.0001800000000000001,0.00036,-0.00017999999999999993,0.6228156278661638,0
2021-03-23,150.3300018310547,152.1199951171875,148.9600067138672,149.4600067138672,129.71392822265625,17076300,0.0,20.299999237060547,0.01,0.08,1.63,-0.010051966261637995,0.24840255102325232,0.0,0.0,0.0001,0.0008,0.0163,0.07521187179100952,-0.149886708950667,0.0001600000000000001,0.000345,-0.0001849999999999999,0.5909932291625943,0
2021-03-24,150.0,153.17999267578125,149.86000061035156,150.6199951171875,130.72059631347656,13079800,0.0,21.200000762939453,0.02,0.07,1.62,0.007730719313445387,0.24829547850374878,0.0,0.0,0.0002,0.0007000000000000001,0.016200000000000003,0.04433505220216083,-0.1360996074605084,0.0001600000000000001,0.00034,-0.00017999999999999993,0.5779825776507006,0
2021-03-25,150.0,152.97000122070312,149.3300018310547,152.5500030517578,132.39569091796875,15608300,0.0,19.809999465942383,0.02,0.07,1.63,0.012732904173595778,0.244636938507127,0.0,0.0,0.0002,0.0007000000000000001,0.0163,-0.06556609655538248,-0.12353794386712671,0.0001800000000000001,0.00033,-0.0001499999999999999,0.5950266915889645,0
2021-03-26,154.3000030517578,155.4499969482422,152.5500030517578,155.08999633789062,134.60009765625,16754400,0.0,18.860000610351562,0.02,0.06,1.67,0.016513045703224993,0.24607325739808608,0.0,0.0,0.0002,0.0006,0.0167,-0.04795552151447913,0.012964116820171382,0.0002000000000000001,0.00032,-0.00011999999999999994,0.6265541999288238,0
2021-03-29,152.1199951171875,153.72999572753906,151.0399932861328,152.67999267578125,132.50848388671875,17570300,0.0,20.739999771118164,0.03,0.06,1.73,-0.015661470029497464,0.2326311001531517,0.0,0.0,0.0003,0.0006,0.0173,0.09968181865989645,-0.09398279690025776,0.0002000000000000001,0.00031000000000000005,-0.00010999999999999996,0.6063899804409913,0
2021-03-30,154.4600067138672,155.8699951171875,153.8800048828125,154.47999572753906,134.0706787109375,13184300,0.0,19.610000610351562,0.02,0.06,1.73,0.01172044125292157,0.2234766983721414,0.0,0.0,0.0002,0.0006,0.0173,-0.054484048854243516,0.0306772933620697,0.0002200000000000001,0.00030000000000000003,-7.999999999999994e-05,0.6161827556181632,0
2021-03-31,153.27999877929688,154.49000549316406,152.1199951171875,152.22999572753906,132.117919921875,16736700,0.0,19.399999618530273,0.03,0.07,1.74,-0.01467225741949976,0.22978161648468787,0.0,0.0,0.0003,0.0007000000000000001,0.0174,-0.01070887227359063,0.04101902170264405,0.00024000000000000011,0.00029,-4.999999999999989e-05,0.6123889271146029,0
2021-04-01,151.89999389648438,153.7899932861328,151.5500030517578,153.7100067138672,133.40237426757812,16561500,0.0,17.329999923706055,0.02,0.06,1.69,0.009675074887286063,0.22242465547569681,0.0,0.0,0.0002,0.0006,0.0169,-0.10670101729522818,-0.11667407036406338,0.00024000000000000006,0.00028000000000000003,-3.999999999999997e-05,0.6363072646588914,0
2021-04-05,154.39999389648438,154.94000244140625,152.60000610351562,153.6199951171875,134.1095428466797,13508000,0.0,17.90999984741211,0.03,0.06,1.73,0.0052870184924387305,0.21543805502267216,0.0,0.0,0.0003,0.0006,0.0173,0.033467970355421706,-0.030362636659340598,0.0002600000000000001,0.000275,-1.4999999999999931e-05,0.6403915810705422,0
2021-04-06,152.7899932861328,154.27999877929688,151.86000061035156,152.5399932861328,133.1667022705078,13071600,0.0,18.1200008392334,0.02,0.06,1.67,-0.007055206022163342,0.21728446031297322,0.0,0.0,0.0002,0.0006,0.0167,0.011725348610297948,-0.036790105748504484,0.00024000000000000011,0.00026,-1.9999999999999863e-05,0.6318115725959212,0
2021-04-07,153.10000610351562,155.22999572753906,152.64999389648438,154.92999267578125,135.253173828125,16903500,0.0,17.15999984741211,0.02,0.06,1.68,0.015546639931763957,0.21914137995556232,0.0,0.0,0.0002,0.0006,0.0168,-0.05298018473281174,-0.10453591309567781,0.00024000000000000011,0.000245,-4.999999999999878e-06,0.6469360828995632,0
2021-04-08,154.0,155.50999450683594,152.30999755859375,155.1199951171875,135.41903686523438,12335500,0.0,16.950000762939453,0.01,0.05,1.64,0.001225563994509224,0.2172045769170381,0.0,0.0,0.0001,0.0005,0.016399999999999998,-0.012237708994171426,-0.12673183364219862,0.0002000000000000001,0.00023,-2.9999999999999916e-05,0.6548832240275415,0
2021-04-09,155.80999755859375,157.0399932861328,154.97000122070312,156.27999877929688,136.4316864013672,12122400,0.0,16.690000534057617,0.02,0.06,1.67,0.007450075598625599,0.20589737139046882,0.0,0.0,0.0002,0.0006,0.0167,-0.015339245851263672,-0.07345509970822812,0.0002000000000000001,0.00022,-1.9999999999999917e-05,0.6502313556800748,0
2021-04-12,155.5800018310547,157.25,155.57000732421875,155.9499969482422,136.14358520507812,12273400,0.0,16.90999984741211,0.02,0.06,1.69,-0.0021139210602390992,0.20505911913561653,0.0,0.0,0.0002,0.0006,0.0169,0.01318150427290643,-0.08473968769154838,0.0001800000000000001,0.00020999999999999998,-2.999999999999989e-05,0.6489478010199049,0
2021-04-13,154.75,155.1999969482422,152.42999267578125,154.08999633789062,134.5198211669922,16113600,0.0,16.649999618530273,0.03,0.06,1.64,-0.011998544910428992,0.20552414511427983,0.0,0.0,0.0003,0.0006,0.016399999999999998,-0.015375531119335095,-0.04624313619590989,0.0002000000000000001,0.00020499999999999997,-4.999999999999878e-06,0.638501154201867,0
2021-04-14,151.47000122070312,153.8300018310547,150.92999267578125,151.2100067138672,132.0056610107422,19939600,0.0,16.989999771118164,0.02,0.06,1.64,-0.018866749343636687,0.2148738028622368,0.0,0.0,0.0002,0.0006,0.016399999999999998,0.020420430052712657,-0.08249532112974547,0.0002000000000000001,0.00020499999999999997,-4.999999999999878e-06,0.6253971767238192,0
2021-04-15,151.25,152.1999969482422,149.32000732421875,152.1699981689453,132.84368896484375,17694100,0.0,16.56999969482422,0.02,0.06,1.56,0.006328357996450492,0.21240083895092385,0.0,0.0,0.0002,0.0006,0.015600000000000001,-0.024720428602236777,-0.09524028022635467,0.0002200000000000001,0.00020500000000000002,1.5000000000000066e-05,0.6423298090533185,0
2021-04-16,153.8699951171875,154.50999450683594,152.69000244140625,153.3000030517578,133.83018493652344,13773400,0.0,16.25,0.02,0.06,1.59,0.007398553575523771,0.21087411458579458,0.0,0.0,0.0002,0.0006,0.0159,-0.019311991594313294,-0.08784129754004956,0.00022000000000000006,0.00020999999999999998,1.000000000000008e-05,0.6452075896309772,0
2021-04-19,153.4199981689453,153.8800048828125,152.22000122070312,152.64999389648438,133.2627410888672,11900200,0.0,17.290000915527344,0.02,0.08,1.61,-0.004249043281204382,0.20228961003345347,0.0,0.0,0.0002,0.0008,0.0161,0.06400005634014416,-0.28109395031110695,0.00022000000000000006,0.000215,5.000000000000067e-06,0.618083602850551,0
2021-04-20,151.74000549316406,151.75,148.64999389648438,149.27000427246094,130.31201171875,13716700,0.0,18.68000030517578,0.03,0.07,1.58,-0.022391011418857538,0.20920771561108867,0.0,0.0,0.0003,0.0007000000000000001,0.0158,0.08039325136184017,-0.40023000136040826,0.0002200000000000001,0.000215,5.0000000000000944e-06,0.5944617347710899,0
2021-04-21,147.7899932861328,150.61000061035156,146.7899932861328,150.5399932861328,131.42066955566406,12236700,0.0,17.5,0.03,0.07,1.57,0.008471731250579111,0.18961568709937943,0.0,0.0,0.0003,0.0007000000000000001,0.015700000000000002,-0.06316918018726325,-0.6995258323124547,0.00024000000000000011,0.00022500000000000002,1.5000000000000094e-05,0.6325715041837345,0
2021-04-22,150.22999572753906,150.3000030517578,147.25999450683594,147.3699951171875,128.65328979492188,15256100,0.0,18.709999084472656,0.03,0.06,1.57,-0.02128228616677077,0.20088054955000348,0.0,0.0,0.0003,0.0006,0.015700000000000002,0.06914280482700885,-0.7196700316428235,0.0002600000000000001,0.00023,3.000000000000008e-05,0.6086097298521884,0
2021-04-23,147.17999267578125,151.1300048828125,146.69000244140625,150.19000244140625,131.1151580810547,14041900,0.0,17.329999923706055,0.03,0.07,1.58,0.01895489629952152,0.21014755459094323,0.0,0.0,0.0003,0.0007000000000000001,0.0158,-0.07375730776554967,-0.7915260233846442,0.0002800000000000001,0.00023500000000000002,4.5000000000000064e-05,0.6349952061618491,0
2021-04-26,150.77999877929688,152.4600067138672,150.3800048828125,150.55999755859375,131.4381866455078,10799100,0.0,17.639999389648438,0.03,0.06,1.58,0.002460671204030848,0.2053517159246234,0.0,0.0,0.0003,0.0006,0.0158,0.017888024657076285,-0.7711823444933021,0.0003,0.00023999999999999998,5.9999999999999995e-05,0.6244544318105654,0
2021-04-27,150.5,151.57000732421875,150.11000061035156,151.25,132.04052734375,12821200,0.0,17.559999465942383,0.01,0.06,1.63,0.004572223224114957,0.1969959410246381,0.0,0.0,0.0001,0.0006,0.0163,-0.004535143224154603,-0.760126759485779,0.0002600000000000001,0.00023,3.000000000000008e-05,0.6184890841228888,0
2021-04-28,152.42999267578125,152.88999938964844,151.39999389648438,152.22999572753906,132.89602661132812,8943700,0.0,17.280000686645508,0.01,0.05,1.63,0.006458166894898797,0.19094088396781658,0.0,0.0,0.0001,0.0005,0.0163,-0.015945261264952326,-0.7400979844378175,0.0002200000000000001,0.000225,-4.999999999999905e-06,0.6356535176472946,0
2021-04-29,153.5399932861328,155.27999877929688,153.1999969482422,155.19000244140625,135.48013305664062,12976900,0.0,17.610000610351562,0.01,0.05,1.65,0.019257942371800493,0.19834316931912543,0.0,0.0,0.0001,0.0005,0.0165,0.019097217048208215,-0.6382894386290524,0.00018000000000000007,0.000215,-3.499999999999993e-05,0.6354281974978677,0
2021-04-30,154.10000610351562,154.49000549316406,153.00999450683594,153.80999755859375,134.27536010742188,11705100,0.0,18.610000610351562,0.01,0.05,1.65,-0.008932392408958096,0.19375518146684784,0.0,0.0,0.0001,0.0005,0.0165,0.05678591512439679,-0.6876259498058344,0.0001400000000000001,0.00020999999999999998,-6.999999999999989e-05,0.6245662109419934,0
2021-05-03,154.85000610351562,155.47999572753906,153.1300048828125,153.36000061035156,133.88255310058594,11801100,0.0,18.309999465942383,0.04,0.06,1.63,-0.0029296714245056338,0.19136206865087566,0.0,0.0,0.0004,0.0006,0.0163,-0.016120426360561657,-0.6965679795630936,0.0001600000000000001,0.000215,-5.49999999999999e-05,0.6213469739584347,0
2021-05-04,152.8699951171875,155.63999938964844,152.13999938964844,155.47999572753906,135.73329162597656,12977700,0.0,19.479999542236328,0.02,0.06,1.61,0.013728923065502928,0.1963745686879509,0.0,0.0,0.0002,0.0006,0.0161,0.06389951449590203,-0.5934358323815359,0.0001800000000000001,0.00021499999999999997,-3.4999999999999875e-05,0.6096659858074612,0
2021-05-05,156.0,158.27999877929688,154.6300048828125,157.52000427246094,137.51422119140625,10506700,0.0,19.149999618530273,0.02,0.06,1.59,0.013035469311112694,0.19885799292843173,0.0,0.0,0.0002,0.0006,0.0159,-0.016940448226939298,-0.6006048567727177,0.0002000000000000001,0.000215,-1.4999999999999904e-05,0.6263366490831708,0
2021-05-06,158.07000732421875,160.82000732421875,157.16000366210938,160.69000244140625,140.28160095214844,13542400,0.0,18.389999389648438,0.02,0.05,1.58,0.01992449914921944,0.2032753226383334,0.0,0.0,0.0002,0.0005,0.0158,-0.03968669681572368,-0.5985739462027697,0.0002200000000000001,0.00021999999999999998,1.0842021724855044e-19,0.6397942363155671,0
2021-05-07,157.22000122070312,161.5,157.02000427246094,161.24000549316406,140.76173400878906,14257800,0.0,16.690000534057617,0.02,0.05,1.6,0.003416793526278395,0.20334739757224882,0.0,0.0,0.0002,0.0005,0.016,-0.09244148515566208,-0.551279520749831,0.00024000000000000011,0.00022,2.0000000000000107e-05,0.6653720971496009,0
2021-05-10,161.5,163.72999572753906,161.1199951171875,161.22000122070312,140.74429321289062,14014300,0.0,19.65999984741211,0.02,0.05,1.63,-0.0001239106394480252,0.20240622595252938,0.0,0.0,0.0002,0.0005,0.0163,0.1779508219483823,-0.4440446317940185,0.0002,0.00022,-1.9999999999999998e-05,0.6184564203833397,0
2021-05-11,161.0800018310547,162.38999938964844,158.0399932861328,158.5399932861328,138.4046630859375,15451700,0.0,21.84000015258789,0.01,0.05,1.64,-0.016762985207632655,0.21182741961381796,0.0,0.0,0.0001,0.0005,0.016399999999999998,0.11088506216152072,-0.5006613616920835,0.0001800000000000001,0.00020999999999999998,-2.999999999999989e-05,0.5786094461255027,0
2021-05-12,159.61000061035156,160.77999877929688,157.02999877929688,157.4499969482422,137.4530792236328,14381700,0.0,27.59000015258789,0.02,0.05,1.69,-0.006899118573067185,0.20866296004602214,0.0,0.0,0.0002,0.0005,0.0169,0.26327838643896095,-0.4989751319956703,0.0001800000000000001,0.00020999999999999998,-2.999999999999989e-05,0.49954302493324126,0
2021-05-13,158.17999267578125,162.4499969482422,157.67999267578125,161.5,140.98873901367188,15395000,0.0,23.1299991607666,0.02,0.05,1.66,0.0253974051771347,0.2118045889599285,0.0,0.0,0.0002,0.0005,0.0166,-0.1616528077982975,-0.6156048843124153,0.0001800000000000001,0.00021000000000000004,-2.9999999999999943e-05,0.589573185126964,0
2021-05-14,162.38999938964844,164.4499969482422,161.99000549316406,164.00999450683594,143.17996215820312,10584000,0.0,18.809999465942383,0.01,0.06,1.63,0.015422293635219152,0.21583648995361487,0.0,0.0,0.0001,0.0006,0.0163,-0.18677042159827906,-0.6286374849762716,0.0001600000000000001,0.00020499999999999997,-4.4999999999999874e-05,0.6566696725029553,0
2021-05-17,163.3699951171875,164.85000610351562,163.02999877929688,164.6699981689453,143.75613403320312,9886800,0.0,19.719999313354492,0.02,0.06,1.64,0.0040160346296486986,0.21539772025155537,0.0,0.0,0.0002,0.0006,0.016399999999999998,0.048378515324243754,-0.6244489739178738,0.0001600000000000001,0.00020500000000000002,-4.499999999999993e-05,0.6416627692340207,0
2021-05-18,164.67999267578125,165.5,162.24000549316406,162.35000610351562,141.73080444335938,11098100,0.0,21.34000015258789,0.02,0.06,1.64,-0.014188835253417418,0.222484772268202,0.0,0.0,0.0002,0.0006,0.016399999999999998,0.08215014683780053,-0.6291014547737992,0.0001800000000000001,0.0002,-1.9999999999999917e-05,0.6126149263582521,0
2021-05-19,161.0,161.17999267578125,158.63999938964844,161.11000061035156,140.6482391357422,13278900,0.0,22.18000030517578,0.01,0.05,1.68,-0.0076674996671721755,0.20665086449761394,0.0,0.0,0.0001,0.0005,0.0168,0.0393627060253805,-0.6303777182036194,0.0001600000000000001,0.00019,-2.9999999999999916e-05,0.6093849180575985,0
2021-05-20,160.8300018310547,161.86000061035156,159.52000427246094,160.8300018310547,140.40383911132812,10426000,0.0,20.670000076293945,0.01,0.05,1.63,-0.001739180066145866,0.20666666884450735,0.0,0.0,0.0001,0.0005,0.0163,-0.06807936014903804,-0.5994228949215933,0.0001400000000000001,0.00017999999999999998,-3.999999999999989e-05,0.624867642959118,0
2021-05-21,161.33999633789062,163.22000122070312,160.94000244140625,162.66000366210938,142.00144958496094,10249000,0.0,20.149999618530273,0.01,0.04,1.63,0.011314430578304958,0.18813098759129365,0.0,0.0,0.0001,0.0004,0.0163,-0.02515725475782904,-0.6124288477837515,0.0001400000000000001,0.00016999999999999999,-2.999999999999989e-05,0.6516953149749547,0
2021-05-24,163.36000061035156,164.22999572753906,162.1199951171875,163.5399932861328,142.76963806152344,9440300,0.0,18.399999618530273,0.02,0.04,1.61,0.005395142788207577,0.18091145286729154,0.0,0.0,0.0002,0.0004,0.0161,-0.08684863687990696,-0.5870153212972018,0.0001400000000000001,0.000165,-2.4999999999999903e-05,0.6686115356484098,0
2021-05-25,163.85000610351562,165.6999969482422,161.55999755859375,161.85000610351562,141.29428100585938,12609100,0.0,18.84000015258789,0.02,0.04,1.56,-0.010387593937744986,0.18768621753964207,0.0,0.0,0.0002,0.0004,0.015600000000000001,0.023913072998898333,-0.5742552514819814,0.0001400000000000001,0.00017,-2.9999999999999916e-05,0.6546811790891884,0
2021-05-26,163.57000732421875,163.74000549316406,161.30999755859375,161.8300018310547,141.27685546875,13058300,0.0,17.360000610351562,0.02,0.04,1.58,-0.00012333557736197658,0.18803485222714544,0.0,0.0,0.0002,0.0004,0.0158,-0.07855623833596592,-0.5516911760939044,0.0001600000000000001,0.000175,-1.4999999999999904e-05,0.6730184849259828,0
2021-05-27,163.9499969482422,164.75,162.57000732421875,164.35000610351562,143.47677612304688,15707500,0.0,16.739999771118164,0.02,0.04,1.61,0.015451704071517091,0.1925141011801006,0.0,0.0,0.0002,0.0004,0.0161,-0.035714332801561,-0.5537363056392569,0.0001800000000000001,0.00018,8.131516293641283e-20,0.6872245080279387,0
2021-05-28,164.67999267578125,164.94000244140625,163.25999450683594,164.24000549316406,143.38075256347656,10291300,0.0,16.760000228881836,0.01,0.05,1.58,-0.0006694860936477144,0.1843583453557587,0.0,0.0,0.0001,0.0005,0.0158,0.0011947704920629576,-0.5885882856110425,0.0001800000000000001,0.00018,8.131516293641283e-20,0.6750773654715264,0
2021-06-01,165.8699951171875,166.91000366210938,165.47999572753906,166.0500030517578,144.9608612060547,9445400,0.0,17.899999618530273,0.02,0.04,1.62,0.010960086123095663,0.18139963990630883,0.0,0.0,0.0002,0.0004,0.016200000000000003,0.06801905573270361,-0.5487522413529167,0.0001800000000000001,0.00017,1.000000000000008e-05,0.6706405621437528,0
2021-06-02,167.25999450683594,167.44000244140625,165.52999877929688,166.05999755859375,144.96958923339844,10498600,0.0,17.479999542236328,0.02,0.05,1.59,6.020773142763672e-05,0.1803264808265,0.0,0.0,0.0002,0.0005,0.0159,-0.023463691913108042,-0.5528870424003846,0.0001800000000000001,0.00017,1.000000000000008e-05,0.678417253812994,0
2021-06-03,165.41000366210938,167.25,164.66000366210938,166.1699981689453,145.0656280517578,13354400,0.0,18.040000915527344,0.02,0.04,1.63,0.0006622562788644738,0.1768992663161018,0.0,0.0,0.0002,0.0004,0.0163,0.03203669267484277,-0.5977271996200957,0.0001800000000000001,0.00017,1.000000000000008e-05,0.6626434555470316,0
2021-06-04,166.2100067138672,166.6699981689453,165.02999877929688,166.44000244140625,145.3013458251953,8510800,0.0,16.420000076293945,0.02,0.05,1.56,0.0016235856445390561,0.17325698104679987,0.0,0.0,0.0002,0.0005,0.015600000000000001,-0.089800485422317,-0.5878248298969081,0.0001800000000000001,0.00016999999999999999,1.0000000000000108e-05,0.6789819676854272,0
2021-06-07,167.0,167.10000610351562,165.13999938964844,165.66000366210938,144.62039184570312,7267200,0.0,16.420000076293945,0.02,0.05,1.57,-0.0046975106948345495,0.16296547293763608,0.0,0.0,0.0002,0.0005,0.015700000000000002,0.0,-0.5957748055796352,0.0002,0.00017,2.9999999999999997e-05,0.6643260094449188,0
2021-06-08,164.49000549316406,165.75999450683594,163.16000366210938,165.0,144.04417419433594,10370700,0.0,17.06999969482422,0.02,0.05,1.53,-0.003992304456404288,0.16385773341376436,0.0,0.0,0.0002,0.0005,0.015300000000000001,0.039585847473210256,-0.6023229369684655,0.0002,0.00017,2.9999999999999997e-05,0.6506347651545302,0
2021-06-09,164.13999938964844,164.22000122070312,162.27999877929688,162.94000244140625,142.24588012695312,12377400,0.0,17.889999389648438,0.03,0.05,1.5,-0.012562907385262726,0.17055505032596854,0.0,0.0,0.0003,0.0005,0.015,0.048037475658119,-0.6409564504262699,0.0002200000000000001,0.00017999999999999998,4.0000000000000105e-05,0.6315221750275813,0
2021-06-10,164.36000061035156,165.24000549316406,160.30999755859375,160.39999389648438,140.02845764160156,12119400,0.0,16.100000381469727,0.03,0.05,1.45,-0.015711439564777115,0.16924745600955346,0.0,0.0,0.0003,0.0005,0.014499999999999999,-0.10005584512285925,-0.48172319063932334,0.00024000000000000006,0.000185,5.500000000000006e-05,0.6577067263315928,0
2021-06-11,160.42999267578125,161.1999969482422,159.05999755859375,160.2899932861328,139.93240356445312,13683800,0.0,15.649999618530273,0.03,0.05,1.47,-0.0006861964954935882,0.16715496025816518,0.0,0.0,0.0003,0.0005,0.0147,-0.02795035728430051,-0.5012730696488719,0.0002600000000000001,0.00019,7.000000000000008e-05,0.6678302629208498,0
2021-06-14,160.14999389648438,160.3300018310547,156.66000366210938,157.57000732421875,137.557861328125,19917900,0.0,16.389999389648438,0.03,0.05,1.51,-0.017114836075912417,0.15274748908770316,0.0,0.0,0.0003,0.0005,0.0151,0.047284331575444316,-0.40159786529728103,0.0002800000000000001,0.0002,8.000000000000007e-05,0.6319592167561516,0
2021-06-15,156.6999969482422,156.9199981689453,154.1300048828125,155.17999267578125,135.47142028808594,24485500,0.0,17.020000457763672,0.03,0.08,1.51,-0.01528394056036984,0.14766445506776313,0.0,0.0,0.0003,0.0008,0.0151,0.0384381385952417,-0.26854900390125686,0.0003,0.00020500000000000002,9.499999999999995e-05,0.6046861802413191,0
2021-06-16,154.72999572753906,157.6199951171875,153.11000061035156,156.27000427246094,136.42295837402344,25321200,0.0,18.149999618530273,0.04,0.08,1.57,0.006999350081029501,0.14970517299685696,0.0,0.0,0.0004,0.0008,0.015700000000000002,0.06639242834163106,-0.2305384489501328,0.0003200000000000001,0.000215,0.00010500000000000009,0.5903271878861581,0
2021-06-17,157.10000610351562,157.4600067138672,151.25,151.75999450683594,132.48574829101562,29722400,0.0,17.75,0.04,0.08,1.52,-0.029284968197351824,0.17203377865046837,0.0,0.0,0.0004,0.0008,0.0152,-0.022038546938694892,-0.09004137348440981,0.00034000000000000013,0.00023,0.00011000000000000013,0.5870528181689756,0
2021-06-18,149.3000030517578,149.6999969482422,147.55999755859375,147.9199981689453,129.13348388671875,32103200,0.0,20.700000762939453,0.05,0.09,1.45,-0.02562845139389738,0.1883702426384464,0.0,0.0,0.0005,0.0009,0.014499999999999999,0.166197226081096,-0.29765019164345785,0.00038000000000000013,0.00025,0.00013000000000000012,0.5342399746093743,0
2021-06-21,149.0800018310547,151.1999969482422,149.02000427246094,150.42999267578125,131.32467651367188,18664800,0.0,17.889999389648438,0.05,0.09,1.5,0.016826075407250837,0.20176376607903254,0.0,0.0,0.0005,0.0009,0.015,-0.13574885360979994,-0.40327161293375435,0.00042000000000000007,0.00027,0.00015000000000000007,0.5854135312930046,0
2021-06-22,150.60000610351562,150.97000122070312,148.66000366210938,150.2100067138672,131.13262939453125,14251200,0.0,16.65999984741211,0.04,0.09,1.48,-0.0014634544292959452,0.1949348308293384,0.0,0.0,0.0004,0.0009,0.0148,-0.06875347032979973,-0.40078516978980483,0.0004400000000000001,0.00028,0.00016000000000000015,0.5953702854558546,0
2021-06-23,150.1999969482422,152.0399932861328,150.08999633789062,151.1199951171875,131.92703247070312,12733300,0.0,16.31999969482422,0.05,0.08,1.5,0.006039736274410255,0.19532998976844612,0.0,0.0,0.0005,0.0008,0.015,-0.020408172611160347,-0.3780884079407459,0.0004600000000000002,0.000295,0.00016500000000000016,0.600608689009891,0
2021-06-24,151.9199981689453,153.1199951171875,151.22000122070312,152.50999450683594,133.1405029296875,13733200,0.0,15.970000267028809,0.05,0.08,1.49,0.009155998183442484,0.19867988809422832,0.0,0.0,0.0005,0.0008,0.0149,-0.021446043770847023,-0.37328701859338465,0.00048000000000000007,0.00031000000000000005,0.00017,0.6172392718930374,0
2021-06-25,152.58999633789062,154.5,151.6699981689453,154.0500030517578,134.48492431640625,15484900,0.0,15.619999885559082,0.06,0.09,1.54,0.010047122277441789,0.20349148013510857,0.0,0.0,0.0006,0.0009,0.0154,-0.021916116193956947,-0.37712256422233625,0.0005000000000000001,0.00033,0.00017000000000000012,0.628290621806159,0
2021-06-28,153.6999969482422,154.47999572753906,152.1199951171875,154.3300018310547,134.72933959960938,14125800,0.0,15.760000228881836,0.05,0.08,1.49,0.001815768204858181,0.1937117595842042,0.0,0.0,0.0005,0.0008,0.0149,0.008962890163154658,-0.35788911454044375,0.0005000000000000001,0.00034999999999999994,0.00015000000000000018,0.6181749882099069,0
2021-06-29,155.0,156.30999755859375,153.61000061035156,154.13999938964844,134.5634765625,14528700,0.0,16.020000457763672,0.04,0.08,1.49,-0.001231841684060199,0.19363645853312617,0.0,0.0,0.0004,0.0008,0.0149,0.01649747621230091,-0.3558593208541641,0.0005000000000000001,0.00035999999999999997,0.00014000000000000015,0.6141278205246823,0
2021-06-30,153.75,156.0800018310547,153.7100067138672,155.5399932861328,135.78567504882812,12531000,0.0,15.829999923706055,0.05,0.07,1.45,0.009041691497694453,0.19199813614812264,0.0,0.0,0.0005,0.0007000000000000001,0.014499999999999999,-0.011860207779553322,-0.43859380673935744,0.0005000000000000001,0.000375,0.0001250000000000001,0.615698855433142,0
2021-07-01,156.25999450683594,157.13999938964844,155.4199981689453,157.0800018310547,137.130126953125,10479400,0.0,15.479999542236328,0.05,0.09,1.48,0.009852582886680405,0.1969699742066649,0.0,0.0,0.0005,0.0009,0.0148,-0.02210994208190664,-0.43849058231908017,0.0005000000000000001,0.00039,0.00011000000000000013,0.6265251561203403,0
2021-07-02,155.9499969482422,156.32000732421875,155.1199951171875,156.02999877929688,136.9984130859375,11424000,0.0,15.069999694824219,0.05,0.08,1.44,-0.0009609643512834149,0.19670640610934234,0.0,0.0,0.0005,0.0008,0.0144,-0.026485779039815083,-0.45151237849593523,0.00048000000000000007,0.000405,7.500000000000009e-05,0.6314131660629485,0
2021-07-06,155.77999877929688,155.77999877929688,152.35000610351562,153.41000366210938,134.69796752929688,15083400,0.0,16.440000534057617,0.05,0.07,1.37,-0.01693434801359535,0.20197201303560985,0.0,0.0,0.0005,0.0007000000000000001,0.0137,0.09090914843906228,-0.4890720905234894,0.00048000000000000007,0.00041999999999999996,6.00000000000001e-05,0.6008051201634784,0
2021-07-07,152.00999450683594,154.27999877929688,151.5500030517578,153.58999633789062,134.85598754882812,12271800,0.0,16.200000762939453,0.05,0.08,1.33,0.001172455715497305,0.20259579568640557,0.0,0.0,0.0005,0.0008,0.013300000000000001,-0.014598525749495717,-0.49148043081522674,0.0005,0.00043500000000000006,6.499999999999995e-05,0.6077260020097714,0
2021-07-08,151.61000061035156,152.52999877929688,150.0399932861328,150.94000244140625,132.52928161621094,17834600,0.0,19.0,0.06,0.07,1.3,-0.017403835807873178,0.20839321087959478,0.0,0.0,0.0006,0.0007000000000000001,0.013000000000000001,0.17283945093793274,-0.5332717561390671,0.0005200000000000001,0.00045000000000000004,7.000000000000002e-05,0.5597629544868994,0
2021-07-09,153.0500030517578,156.14999389648438,152.5800018310547,155.77000427246094,136.7701416015625,13694500,0.0,16.18000030517578,0.06,0.08,1.37,0.03149810387836831,0.23912411404058934,0.0,0.0,0.0006,0.0008,0.0137,-0.14842103656969574,-0.6209219563253177,0.00054,0.00046499999999999997,7.500000000000003e-05,0.6262553180463706,0
2021-07-12,154.35000610351562,159.16000366210938,153.94000244140625,158.0,138.72813415527344,19940400,0.0,16.170000076293945,0.05,0.08,1.38,0.014214430314856183,0.23976704982519184,0.0,0.0,0.0005,0.0008,0.0138,-0.000618061105884915,-0.7069482718139584,0.0005400000000000001,0.000475,6.500000000000012e-05,0.6442111248286893,0
2021-07-13,156.0500030517578,157.38999938964844,153.5,155.64999389648438,136.66476440429688,22671700,0.0,17.1200008392334,0.05,0.08,1.42,-0.01498519659354232,0.24500806537348443,0.0,0.0,0.0005,0.0008,0.014199999999999999,0.058750819941689736,-0.7179314855907364,0.0005400000000000001,0.000485,5.500000000000009e-05,0.6221351601247416,0
2021-07-14,155.9499969482422,157.27999877929688,152.9499969482422,155.1199951171875,136.19940185546875,14622800,0.0,16.329999923706055,0.06,0.08,1.37,-0.0034109498978803967,0.23824498118661236,0.0,0.0,0.0006,0.0008,0.0137,-0.04614491102809537,-0.701314745646686,0.0005600000000000001,0.0005,6.000000000000005e-05,0.6415723208717585,0
2021-07-15,153.89999389648438,156.52999877929688,153.6999969482422,155.4600067138672,136.4979248046875,11539300,0.0,17.010000228881836,0.05,0.07,1.31,0.0021894095708434327,0.23216940617037093,0.0,0.0,0.0005,0.0007000000000000001,0.0131,0.041641170137951544,-0.6919249071327379,0.00054,0.000505,3.499999999999998e-05,0.6422636906110779,0
2021-07-16,155.9600067138672,156.27999877929688,151.02000427246094,151.91000366210938,133.38096618652344,14002700,0.0,18.450000762939453,0.05,0.08,1.31,-0.0230999705718899,0.24441335602219058,0.0,0.0,0.0005,0.0008,0.0131,0.08465611491366087,-0.7440565861956788,0.0005200000000000001,0.00051,1.0000000000000026e-05,0.6037862757568838,0
2021-07-19,148.5500030517578,149.82000732421875,145.7100067138672,146.97000122070312,129.04344177246094,22172900,0.0,22.5,0.05,0.07,1.19,-0.03306033544399468,0.2501857614563242,0.0,0.0,0.0005,0.0007000000000000001,0.011899999999999999,0.21951214469301195,-0.8888081013541588,0.0005200000000000001,0.00051,1.0000000000000026e-05,0.5437108241115789,0
2021-07-20,146.52000427246094,151.1199951171875,146.3300018310547,149.7100067138672,131.44927978515625,15385200,0.0,19.729999542236328,0.05,0.08,1.23,0.018471966561143326,0.24257489732823403,0.0,0.0,0.0005,0.0008,0.0123,-0.12311113145616315,-0.8815017303819047,0.0005200000000000001,0.00051,1.0000000000000026e-05,0.6095127262850872,0
2021-07-21,152.0500030517578,153.64999389648438,151.36000061035156,152.86000061035156,134.21502685546875,12356700,0.0,17.90999984741211,0.05,0.07,1.3,0.020822119698056977,0.24625872453121236,0.0,0.0,0.0005,0.0007000000000000001,0.013000000000000001,-0.09224529838067741,-0.8849557620154552,0.0005,0.000515,-1.500000000000004e-05,0.637878322346204,0
2021-07-22,152.8800048828125,153.44000244140625,149.97000122070312,150.92999267578125,132.5204620361328,9913300,0.0,17.690000534057617,0.05,0.07,1.27,-0.01270612789220234,0.2507358395019015,0.0,0.0,0.0005,0.0007000000000000001,0.0127,-0.012283602190330645,-0.8815159656086021,0.0005,0.000515,-1.500000000000004e-05,0.6343275310362099,0
2021-07-23,151.47999572753906,152.83999633789062,150.25,150.63999938964844,132.26583862304688,9666100,0.0,17.200000762939453,0.05,0.07,1.3,-0.0019232376519207454,0.25003598240881303,0.0,0.0,0.0005,0.0007000000000000001,0.013000000000000001,-0.027699251346815612,-0.8743283155058941,0.0005,0.000515,-1.500000000000004e-05,0.6365841630428837,0
2021-07-26,150.19000244140625,151.9600067138672,150.1699981689453,151.64999389648438,133.15261840820312,8208000,0.0,17.579999923706055,0.05,0.08,1.29,0.006682150855043331,0.24905471673238996,0.0,0.0,0.0005,0.0008,0.0129,0.02209297348319761,-0.8662397604315953,0.0005,0.00051,-1.0000000000000026e-05,0.6296857891630371,0
2021-07-27,150.39999389648438,152.49000549316406,149.8000030517578,151.4499969482422,132.9770050048828,11218700,0.0,19.360000610351562,0.05,0.07,1.25,-0.0013197585940101799,0.24637778498054963,0.0,0.0,0.0005,0.0007000000000000001,0.0125,0.10125146156828113,-0.8466738603378859,0.0005,0.0005099999999999999,-9.999999999999918e-06,0.5975039191284198,0
2021-07-28,152.2899932861328,152.77000427246094,150.8800048828125,151.6999969482422,133.19656372070312,9217300,0.0,18.309999465942383,0.05,0.07,1.26,0.0016497413072853256,0.24635847912760644,0.0,0.0,0.0005,0.0007000000000000001,0.0126,-0.05423559459227267,-0.8399392899392611,0.0005,0.000515,-1.500000000000004e-05,0.6123976114499368,0
2021-07-29,153.13999938964844,153.8699951171875,151.91000366210938,153.0,134.3379669189453,9063500,0.0,17.700000762939453,0.06,0.08,1.28,0.008532805995939889,0.24832968747636186,0.0,0.0,0.0006,0.0008,0.0128,-0.0333150584814359,-0.8419053637134872,0.0005200000000000002,0.00052,2.168404344971009e-19,0.6269198126681045,0
2021-07-30,152.5800018310547,153.6699981689453,151.1999969482422,151.77999877929688,133.2667694091797,9805200,0.0,18.239999771118164,0.06,0.07,1.24,-0.008005861524620475,0.24746000662516462,0.0,0.0,0.0006,0.0007000000000000001,0.0124,0.03050841722613762,-0.8432778577215482,0.0005400000000000001,0.000525,1.5000000000000148e-05,0.6090620444897205,0
2021-08-02,152.02999877929688,154.4499969482422,151.07000732421875,151.1699981689453,132.73118591308594,10203200,0.0,19.459999084472656,0.05,0.07,1.2,-0.004026979976006583,0.2445203525123161,0.0,0.0,0.0005,0.0007000000000000001,0.012,0.0668859281065497,-0.8405458661662893,0.0005400000000000001,0.0005250000000000001,1.500000000000004e-05,0.5833805508294742,0
2021-08-03,151.9499969482422,153.32000732421875,149.52000427246094,152.88999938964844,134.24139404296875,10394800,0.0,18.040000915527344,0.05,0.07,1.19,0.011313702995027337,0.24855827241326964,0.0,0.0,0.0005,0.0007000000000000001,0.011899999999999999,-0.07297010461209863,-0.8497467679786442,0.0005400000000000001,0.0005250000000000001,1.500000000000004e-05,0.6109624477733011,0
2021-08-04,151.25,153.3699951171875,150.91000366210938,151.24000549316406,132.79269409179688,10155000,0.0,17.969999313354492,0.05,0.07,1.19,-0.010850406211250207,0.24449440384482127,0.0,0.0,0.0005,0.0007000000000000001,0.011899999999999999,-0.003880354690702914,-0.8286195342931661,0.0005400000000000001,0.000525,1.5000000000000148e-05,0.6155833646810275,0
2021-08-05,152.27999877929688,153.69000244140625,152.00999450683594,153.14999389648438,134.46966552734375,9151500,0.0,17.280000686645508,0.05,0.08,1.23,0.012549417332351685,0.2487194550219975,0.0,0.0,0.0005,0.0008,0.0123,-0.03839725392733928,-0.8301904751431929,0.0005200000000000001,0.00052,1.0842021724855044e-19,0.6322075613162593,0
2021-08-06,155.19000244140625,157.82000732421875,155.11000061035156,157.5,138.28909301757812,13328800,0.0,16.149999618530273,0.06,0.09,1.31,0.02800773240879779,0.25854936144526613,0.0,0.0,0.0006,0.0009,0.0131,-0.06539357773223542,-0.817610133353932,0.0005200000000000001,0.00052,1.0842021724855044e-19,0.6753730592794771,0
2021-08-09,157.52000427246094,158.5500030517578,155.89999389648438,157.3300018310547,138.13983154296875,9516900,0.0,16.719999313354492,0.06,0.08,1.33,-0.0010799267070398181,0.23534650256235468,0.0,0.0,0.0006,0.0008,0.013300000000000001,0.035294099584386895,-0.7808973222847813,0.00054,0.000525,1.500000000000004e-05,0.6478425922278314,0
2021-08-10,156.74000549316406,159.97999572753906,156.30999755859375,159.25999450683594,139.8344268798828,8667000,0.0,16.790000915527344,0.05,0.08,1.36,0.012192613371205027,0.23395936232382328,0.0,0.0,0.0005,0.0008,0.013600000000000001,0.004186698866484928,-0.7826809930327916,0.00054,0.000525,1.500000000000004e-05,0.6456396067836134,0
2021-08-11,160.0,161.5,159.0800018310547,161.16000366210938,141.50265502929688,9156500,0.0,16.170000076293945,0.05,0.08,1.35,0.011859422799886514,0.23019875152282565,0.0,0.0,0.0005,0.0008,0.013500000000000002,-0.03692679007897037,-0.7795022240358812,0.00054,0.00052,2.0000000000000052e-05,0.670471274062242,0
2021-08-12,161.8800048828125,162.3699951171875,160.5500030517578,161.7899932861328,142.05580139160156,8844200,0.0,15.59000015258789,0.06,0.09,1.36,0.0039014675910368974,0.2295633241165507,0.0,0.0,0.0006,0.0009,0.013600000000000001,-0.0358688881242718,-0.7988600365933166,0.0005600000000000001,0.0005250000000000001,3.499999999999998e-05,0.6831054746961327,0
2021-08-13,161.7899932861328,162.16000366210938,159.57000732421875,159.97999572753906,140.46661376953125,8980900,0.0,15.449999809265137,0.06,0.08,1.29,-0.011250111835728237,0.23410303717176167,0.0,0.0,0.0006,0.0008,0.0129,-0.0089801373927193,-0.7854220086636495,0.0005600000000000001,0.00053,3.000000000000008e-05,0.6771047646773665,0
2021-08-16,158.94000244140625,159.02999877929688,156.77999877929688,158.92999267578125,139.54466247558594,8755800,0.0,16.1200008392334,0.06,0.08,1.26,-0.006585124984399511,0.21885044405247703,0.0,0.0,0.0006,0.0008,0.0126,0.04336576299285588,-0.7733454510427141,0.0005600000000000001,0.000535,2.5000000000000066e-05,0.6773683713775178,0
2021-08-17,157.57000732421875,158.86000061035156,155.27000427246094,157.00999450683594,137.85890197753906,9347200,0.0,17.90999984741211,0.07,0.07,1.26,-0.012153998475007088,0.18598274042035043,0.0,0.0,0.0007000000000000001,0.0007000000000000001,0.0126,0.1110421163144204,-0.6709082193712729,0.0006000000000000001,0.000545,5.5000000000000036e-05,0.6642539882948416,0
2021-08-18,156.30999755859375,158.00999450683594,155.33999633789062,155.5800018310547,136.60330200195312,8065500,0.0,21.56999969482422,0.07,0.07,1.27,-0.009149593035056866,0.181872649978241,0.0,0.0,0.0007000000000000001,0.0007000000000000001,0.0127,0.20435510209906327,-0.61172242460606,0.0006400000000000002,0.000555,8.500000000000011e-05,0.5955530092417081,0
2021-08-19,153.16000366210938,155.55999755859375,153.00999450683594,154.27999877929688,135.46185302734375,9517700,0.0,21.670000076293945,0.06,0.06,1.24,-0.00839104641605507,0.17128385902221777,0.0,0.0,0.0006,0.0006,0.0124,0.004636086364605774,-0.5449935353672324,0.0006400000000000002,0.00056,8.000000000000021e-05,0.5767363571540594,0
2021-08-20,154.35000610351562,154.89999389648438,153.16000366210938,154.72000122070312,135.8481903076172,6974100,0.0,18.559999465942383,0.05,0.06,1.26,0.002847941319450662,0.16458551277753902,0.0,0.0,0.0005,0.0006,0.0126,-0.1435164097555205,-0.544500386320412,0.0006200000000000001,0.00056,6.000000000000016e-05,0.6304011020306575,0
2021-08-23,155.3300018310547,157.08999633789062,155.24000549316406,156.6999969482422,137.5867156982422,7934600,0.0,17.149999618530273,0.05,0.07,1.25,0.012716363418566752,0.16886384437546198,0.0,0.0,0.0005,0.0007000000000000001,0.0125,-0.07596982155088206,-0.5797782071193438,0.0006000000000000001,0.00056,4.0000000000000105e-05,0.6592479358572216,0
2021-08-24,157.0,158.5500030517578,156.8699951171875,157.6699981689453,138.43833923339844,7670900,0.0,17.219999313354492,0.05,0.06,1.29,0.006170644455645207,0.1686896969307884,0.0,0.0,0.0005,0.0006,0.0129,0.004081614949343004,-0.5867469335006914,0.0005600000000000001,0.00056,1.0842021724855044e-19,0.6579439720187993,0
2021-08-25,158.50999450683594,161.77999877929688,157.8000030517578,160.9199981689453,141.29190063476562,11335000,0.0,16.790000915527344,0.06,0.07,1.35,0.0204029452955274,0.1799486021102184,0.0,0.0,0.0006,0.0007000000000000001,0.013500000000000002,-0.024970871949668183,-0.5779461223498965,0.00054,0.000565,-2.4999999999999957e-05,0.6770139163635063,0
2021-08-26,162.25999450683594,163.8300018310547,161.14999389648438,161.75,142.0207061767578,11027500,0.0,18.84000015258789,0.05,0.07,1.34,0.005144897417840884,0.18005280837670407,0.0,0.0,0.0005,0.0007000000000000001,0.0134,0.12209643390577263,-0.5366788822631182,0.0005200000000000002,0.00056,-3.999999999999978e-05,0.6498233029360703,0
2021-08-27,161.75,163.16000366210938,161.25999450683594,163.0500030517578,143.1621551513672,8780200,0.0,16.389999389648438,0.05,0.07,1.31,0.00800507481228587,0.17985967389238008,0.0,0.0,0.0005,0.0007000000000000001,0.0131,-0.13004250228750225,-0.528934868370537,0.0005200000000000002,0.000555,-3.4999999999999875e-05,0.6844916916607997,0
2021-08-30,163.2100067138672,163.49000549316406,159.8800048828125,160.44000244140625,140.87046813964844,7937600,0.0,16.190000534057617,0.05,0.08,1.29,-0.016137137459305312,0.1881598959554169,0.0,0.0,0.0005,0.0008,0.0129,-0.012202493168921968,-0.4790124374259879,0.0005200000000000002,0.000555,-3.4999999999999875e-05,0.6825073446953871,0
2021-08-31,160.44000244140625,161.3699951171875,159.35000610351562,159.9499969482422,140.4402313232422,12340800,0.0,16.479999542236328,0.04,0.07,1.3,-0.0030588040389439,0.18775696517458465,0.0,0.0,0.0004,0.0007000000000000001,0.013000000000000001,0.01791222968576589,-0.4700223010622521,0.0005000000000000001,0.0005499999999999999,-4.9999999999999806e-05,0.6789428679250271,0
2021-09-01,160.22000122070312,160.75999450683594,158.97000122070312,159.72000122070312,140.23829650878906,8729900,0.0,16.110000610351562,0.05,0.07,1.31,-0.0014389048628276639,0.1855595440272059,0.0,0.0,0.0005,0.0007000000000000001,0.0131,-0.022451392121492608,-0.446645184261722,0.00048000000000000007,0.00055,-6.999999999999997e-05,0.6766350866257569,0
2021-09-02,160.02000427246094,161.61000061035156,159.42999267578125,160.4600067138672,140.88807678222656,8813300,0.0,16.40999984741211,0.05,0.07,1.29,0.004622699912112938,0.179619206727089,0.0,0.0,0.0005,0.0007000000000000001,0.0129,0.018621925865588196,-0.45961230936223835,0.00048000000000000007,0.0005499999999999999,-6.999999999999986e-05,0.6815617078742292,0
2021-09-03,160.38999938964844,160.88999938964844,159.14999389648438,159.49000549316406,140.036376953125,7959700,0.0,16.40999984741211,0.05,0.08,1.33,-0.006063569242929191,0.17848207785673612,0.0,0.0,0.0005,0.0008,0.013300000000000001,0.0,-0.44367376722612545,0.00048000000000000007,0.000545,-6.499999999999995e-05,0.6704825491984667,0
2021-09-07,159.99000549316406,161.3800048828125,158.9600067138672,159.2100067138672,139.79051208496094,9285600,0.0,18.139999389648438,0.05,0.08,1.38,-0.0017572645164873858,0.15142054314383158,0.0,0.0,0.0005,0.0008,0.0138,0.1054234953274027,-0.4098797182237387,0.00048000000000000007,0.00054,-5.999999999999994e-05,0.62806336459211,0
2021-09-08,158.88999938964844,159.5800018310547,158.0399932861328,158.5,139.1671142578125,7852700,0.0,17.959999084472656,0.05,0.08,1.35,-0.004469487879484463,0.1523227408975413,0.0,0.0,0.0005,0.0008,0.013500000000000002,-0.009922839648963677,-0.3999267856331215,0.0005,0.00054,-3.9999999999999996e-05,0.6286159161305068,0
2021-09-09,158.27000427246094,160.8300018310547,158.0800018310547,159.19000244140625,139.77294921875,7904300,0.0,18.799999237060547,0.04,0.07,1.3,0.004343842946114918,0.14696827169087523,0.0,0.0,0.0004,0.0007000000000000001,0.013000000000000001,0.04677061221646239,-0.3984688488810612,0.0004800000000000001,0.000535,-5.499999999999987e-05,0.6119500255817724,0
2021-09-10,160.55999755859375,160.72000122070312,157.22000122070312,157.36000061035156,138.16619873046875,8311600,0.0,20.950000762939453,0.05,0.08,1.35,-0.011562015637774885,0.14550054110569305,0.0,0.0,0.0005,0.0008,0.013500000000000002,0.11436178793244811,-0.42430496640931786,0.00048000000000000007,0.00053,-4.9999999999999914e-05,0.5673097397169324,0
2021-09-13,158.52999877929688,160.0500030517578,158.07000732421875,159.86000061035156,140.3612060546875,10052800,0.0,19.3700008392334,0.06,0.07,1.33,0.01576184410945804,0.15609006819155635,0.0,0.0,0.0006,0.0007000000000000001,0.013300000000000001,-0.07541765470963968,-0.46304936980384354,0.0005000000000000001,0.00053,-2.9999999999999862e-05,0.5969296316924387,0
2021-09-14,160.4499969482422,161.33999633789062,156.25999450683594,157.07000732421875,137.91156005859375,11685600,0.0,19.459999084472656,0.04,0.07,1.28,-0.017606532687057006,0.16297080427998545,0.0,0.0,0.0004,0.0007000000000000001,0.0128,0.004646269558077121,-0.4489680318635756,0.00048000000000000007,0.00052,-3.999999999999989e-05,0.5918610013493907,0
2021-09-15,156.72000122070312,158.69000244140625,156.47000122070312,158.16000366210938,138.86856079101562,11691500,0.0,18.18000030517578,0.04,0.07,1.31,0.00691526937126068,0.16371829952903097,0.0,0.0,0.0004,0.0007000000000000001,0.0131,-0.06577589103373593,-0.46117693417480776,0.00046000000000000007,0.000505,-4.4999999999999955e-05,0.6181735062164598,0
2021-09-16,159.41000366210938,160.85000610351562,157.22000122070312,158.08999633789062,138.80712890625,10880900,0.0,18.690000534057617,0.04,0.07,1.34,-0.000442472193621821,0.1578950337202826,0.0,0.0,0.0004,0.0007000000000000001,0.0134,0.0280528173993837,-0.419848965287854,0.00046000000000000007,0.00049,-2.9999999999999916e-05,0.6178625773798634,0
2021-09-17,157.3800048828125,159.00999450683594,157.0,157.67999267578125,138.44715881347656,25581600,0.0,20.809999465942383,0.04,0.07,1.37,-0.0025966797339694475,0.15453583511182142,0.0,0.0,0.0004,0.0007000000000000001,0.0137,0.11342958112931156,-0.3703491582262105,0.0004400000000000001,0.00048000000000000007,-3.999999999999994e-05,0.5914925617746775,0
2021-09-20,153.88999938964844,154.55999755859375,150.49000549316406,152.9600067138672,134.30287170410156,15819900,0.0,25.709999084472656,0.04,0.07,1.31,-0.030391241959474964,0.1862670906796973,0.0,0.0,0.0004,0.0007000000000000001,0.0131,0.2354637070774368,-0.5836937270463778,0.0004,0.000475,-7.499999999999998e-05,0.5084322056601922,0
2021-09-21,153.52999877929688,154.5500030517578,152.5800018310547,152.97999572753906,134.32041931152344,8999900,0.0,24.360000610351562,0.03,0.07,1.33,0.00013064844362885086,0.18590589001304247,0.0,0.0,0.0003,0.0007000000000000001,0.013300000000000001,-0.05250869397877245,-0.6008814806089318,0.0003800000000000001,0.00046499999999999997,-8.49999999999999e-05,0.5260908210139694,0
2021-09-22,155.1999969482422,157.25,155.10000610351562,155.91000366210938,136.89303588867188,11236200,0.0,20.8700008392334,0.03,0.08,1.32,0.01897172643964889,0.1926655066621821,0.0,0.0,0.0003,0.0008,0.0132,-0.14326763890289562,-0.6348452453381513,0.0003600000000000001,0.000455,-9.499999999999992e-05,0.5796464674376939,0
2021-09-23,158.0,161.7100067138672,157.6699981689453,161.17999267578125,141.52024841308594,12336100,0.0,18.6299991607666,0.03,0.08,1.41,0.03324294423175503,0.224251788040124,0.0,0.0,0.0003,0.0008,0.0141,-0.10733117337761822,-0.6689632348587061,0.00034000000000000013,0.00044,-9.999999999999988e-05,0.6277449587887982,0
2021-09-24,161.44000244140625,163.58999633789062,160.82000732421875,163.0399932861328,143.15333557128906,10102400,0.0,17.75,0.03,0.08,1.47,0.011473527332754117,0.21654216158140788,0.0,0.0,0.0003,0.0008,0.0147,-0.04723559851896364,-0.6869614580579801,0.0003200000000000001,0.00043,-0.00010999999999999991,0.6349949611930692,0
2021-09-27,165.0,167.39999389648438,164.61000061035156,166.97999572753906,146.61277770996094,13220900,0.0,18.760000228881836,0.04,0.09,1.48,0.023878613518236367,0.23073047808264666,0.0,0.0,0.0004,0.0009,0.0148,0.056901421345455505,-0.6392538210632536,0.0003200000000000001,0.00042500000000000003,-0.00010499999999999995,0.6317246208129041,0
2021-09-28,167.6999969482422,169.3000030517578,165.66000366210938,166.0800018310547,145.82252502441406,13387900,0.0,23.25,0.04,0.09,1.54,-0.0054046457577208605,0.23065419239256768,0.0,0.0,0.0004,0.0009,0.0154,0.23933900406917985,-0.6044663287246488,0.0003400000000000001,0.00041999999999999996,-7.999999999999988e-05,0.5596318553574324,0
2021-09-29,166.2100067138672,166.89999389648438,165.0399932861328,165.9499969482422,145.70840454101562,7777100,0.0,22.559999465942383,0.04,0.09,1.55,-0.0007829048492222166,0.22236737182620883,0.0,0.0,0.0004,0.0009,0.0155,-0.029677442325058756,-0.6416161537504557,0.0003600000000000001,0.00041999999999999996,-5.9999999999999886e-05,0.578623502437136,0
2021-09-30,166.9199981689453,166.99000549316406,162.7899932861328,163.69000244140625,143.7240753173828,13161200,0.0,23.139999389648438,0.04,0.09,1.52,-0.013712077620419781,0.22817098582799267,0.0,0.0,0.0004,0.0009,0.0152,0.02570921708494045,-0.6284065400349973,0.00038000000000000013,0.000415,-3.4999999999999875e-05,0.5640006969862462,0
2021-10-01,164.0,168.3000030517578,163.60000610351562,167.1300048828125,146.7444610595703,11285000,0.0,21.100000381469727,0.04,0.09,1.48,0.02079739614341175,0.23784951726981243,0.0,0.0,0.0004,0.0009,0.0148,-0.0881589914428128,-0.6601434522738931,0.0004,0.00041000000000000005,-1.0000000000000026e-05,0.6063648649387614,0
2021-10-04,166.97000122070312,170.44000244140625,165.72999572753906,166.9499969482422,146.5863800048828,14120000,0.0,22.959999084472656,0.04,0.09,1.49,-0.0010778346348973796,0.23792540764330608,0.0,0.0,0.0004,0.0009,0.0149,0.08815159570501252,-0.659356437134307,0.0004,0.000405,-4.999999999999959e-06,0.5764135625911155,0
2021-10-05,167.2100067138672,170.13999938964844,166.6699981689453,168.66000366210938,148.98019409179688,12292900,0.0,21.299999237060547,0.04,0.09,1.54,0.016198492248122837,0.24102863196395524,0.0,0.0,0.0004,0.0009,0.0154,-0.07229964780507026,-0.6836558357641935,0.0004,0.0004,0.0,0.6133672184573626,0
2021-10-06,167.99000549316406,169.10000610351562,166.0,169.02000427246094,149.29823303222656,8692600,0.0,21.0,0.04,0.1,1.53,0.002132497908219162,0.24044777032905015,0.0,0.0,0.0004,0.001,0.015300000000000001,-0.014084471727988102,-0.6824030829445092,0.0004,0.00039499999999999995,5.000000000000067e-06,0.6199661142017889,0
2021-10-07,171.1999969482422,171.50999450683594,169.5399932861328,170.08999633789062,150.2433624267578,10195400,0.0,19.540000915527344,0.05,0.1,1.58,0.006310526119426707,0.2390486733453206,0.0,0.0,0.0005,0.001,0.0158,-0.06952376592726939,-0.6894154002544224,0.00042000000000000007,0.0004,2.0000000000000052e-05,0.6472294925213594,0
2021-10-08,170.02000427246094,171.33999633789062,169.3000030517578,170.22000122070312,150.35816955566406,8190100,0.0,18.770000457763672,0.05,0.09,1.61,0.0007638492973158525,0.23923873454603983,0.0,0.0,0.0005,0.0009,0.0161,-0.039406367537669684,-0.6848754639586484,0.0004400000000000001,0.0004,4.0000000000000105e-05,0.6560930515682839,0
2021-10-11,170.8000030517578,171.2899932861328,166.4600067138672,166.63999938964844,147.1959686279297,12154700,0.0,20.0,0.05,0.09,1.61,-0.0212554259954027,0.24907061499025018,0.0,0.0,0.0005,0.0009,0.0161,0.06553007523916032,-0.6670852461071912,0.0004600000000000002,0.00039500000000000006,6.500000000000012e-05,0.6327605263547025,0
2021-10-12,165.75,166.69000244140625,164.77000427246094,165.36000061035156,146.06527709960938,13032600,0.0,19.850000381469727,0.06,0.1,1.59,-0.007711193671857246,0.24719980242153458,0.0,0.0,0.0006,0.001,0.0159,-0.007499980926513716,-0.6448357529658953,0.0005000000000000001,0.000405,9.500000000000014e-05,0.6209302605402083,0
2021-10-13,164.07000732421875,165.41000366210938,160.60000610351562,161.0,142.21401977539062,22753500,0.0,18.639999389648438,0.05,0.11,1.56,-0.02672052074938457,0.2580385963641292,0.0,0.0,0.0005,0.0011,0.015600000000000001,-0.060957227635665134,-0.5553165804568501,0.0005200000000000002,0.00041000000000000005,0.00011000000000000013,0.6327823549824825,0
2021-10-14,161.75,164.00999450683594,160.05999755859375,163.47000122070312,144.3958282470703,15176800,0.0,16.860000610351562,0.05,0.1,1.52,0.0152252313256674,0.2618289006638257,0.0,0.0,0.0005,0.001,0.0152,-0.09549349987025113,-0.5693118079636649,0.0005200000000000001,0.000415,0.00010500000000000006,0.6631446031894039,0
2021-10-15,165.35000610351562,167.1699981689453,164.13999938964844,166.61000061035156,147.16940307617188,14267400,0.0,16.299999237060547,0.05,0.12,1.59,0.019025989366463898,0.2682791652011759,0.0,0.0,0.0005,0.0012,0.0159,-0.033214789621489715,-0.5687896693832123,0.0005200000000000001,0.00041999999999999996,0.0001000000000000001,0.6827289935824181,0
2021-10-18,166.47999572753906,168.61000061035156,165.91000366210938,166.5500030517578,147.11643981933594,12672900,0.0,16.309999465942383,0.06,0.11,1.59,-0.0003599443105155841,0.2678252539037947,0.0,0.0,0.0006,0.0011,0.0159,0.0006135110030618396,-0.5707021989111576,0.00054,0.00043,0.00011000000000000002,0.6839175947186038,0
2021-10-19,167.39999389648438,168.64999389648438,166.5800018310547,168.57000732421875,148.90072631835938,8053900,0.0,15.699999809265137,0.05,0.11,1.65,0.012055436730085219,0.24031062690627245,0.0,0.0,0.0005,0.0011,0.0165,-0.037400348047283094,-0.4326648660743912,0.0005200000000000001,0.00044,8.000000000000005e-05,0.7178933994405226,0
2021-10-20,168.3000030517578,170.8699951171875,167.4600067138672,170.83999633789062,150.90585327148438,8185600,0.0,15.489999771118164,0.05,0.1,1.65,0.013376336525287521,0.24136719035867255,0.0,0.0,0.0005,0.001,0.0165,-0.013375798770586256,-0.4373621290481532,0.0005200000000000001,0.00045000000000000004,7.000000000000002e-05,0.7287762384321026,0
2021-10-21,170.75999450683594,171.3300018310547,168.67999267578125,169.5,149.7222137451172,8415200,0.0,15.010000228881836,0.06,0.12,1.68,-0.007874485268921727,0.24046349553634058,0.0,0.0,0.0006,0.0012,0.0168,-0.03098770492762115,-0.3825820232282612,0.00054,0.000465,7.499999999999998e-05,0.7196500589525254,0
2021-10-22,170.02999877929688,172.08999633789062,169.6999969482422,171.77999877929688,151.7361602783203,8817900,0.0,15.430000305175781,0.06,0.13,1.66,0.013361556150670684,0.21919867827910197,0.0,0.0,0.0006,0.0013,0.0166,0.02798135042568428,-0.2782520251603887,0.0005600000000000001,0.00048000000000000007,7.999999999999999e-05,0.7018188976849802,0
2021-10-25,172.7100067138672,172.9600067138672,170.47999572753906,170.94000244140625,150.9941864013672,10159200,0.0,15.239999771118164,0.06,0.14,1.64,-0.004901889558160795,0.21886271593618872,0.0,0.0,0.0006,0.0014000000000000002,0.016399999999999998,-0.012313709027853004,-0.26089319046078163,0.0005600000000000001,0.00049,7.000000000000008e-05,0.6947845621973008,0
2021-10-26,171.0,172.49000549316406,170.5399932861328,171.39999389648438,151.4005126953125,8015100,0.0,15.979999542236328,0.06,0.14,1.63,0.0026873919397550705,0.20468048535335986,0.0,0.0,0.0006,0.0014000000000000002,0.0163,0.04855641615694517,-0.3491151318798455,0.00058,0.0005,7.999999999999999e-05,0.671604599172225,0
2021-10-27,170.32000732421875,170.6999969482422,167.33999633789062,167.8300018310547,148.24708557128906,9847000,0.0,16.979999542236328,0.06,0.12,1.54,-0.02104834855403628,0.21809324256800455,0.0,0.0,0.0006,0.0012,0.0154,0.0625782245710913,-0.46878192954446557,0.0006,0.00051,8.999999999999991e-05,0.6480142984456023,0
2021-10-28,168.3000030517578,170.50999450683594,167.9600067138672,170.36000061035156,150.48187255859375,7212900,0.0,16.530000686645508,0.06,0.15,1.57,0.014962250012540958,0.22342196696150687,0.0,0.0,0.0006,0.0015,0.015700000000000002,-0.026501700101433157,-0.4725499764883753,0.0006,0.00052,7.999999999999999e-05,0.6638117558864702,0
2021-10-29,171.17999267578125,172.24000549316406,169.38999938964844,169.88999938964844,150.06671142578125,8140100,0.0,16.260000228881836,0.05,0.15,1.55,-0.0027626907528032446,0.21713820048661114,0.0,0.0,0.0005,0.0015,0.0155,-0.01633396530841069,-0.4482458151396876,0.0005800000000000001,0.0005250000000000001,5.5000000000000036e-05,0.6741844692811388,0
2021-11-01,172.0399932861328,172.3300018310547,169.00999450683594,169.8000030517578,149.98719787597656,7435500,0.0,16.40999984741211,0.05,0.15,1.58,-0.0005299951055526179,0.20624001046763735,0.0,0.0,0.0005,0.0015,0.0158,0.009225068660444258,-0.3855243831493792,0.0005600000000000001,0.0005299999999999999,3.0000000000000187e-05,0.6593478130538001,0
2021-11-02,169.8000030517578,171.69000244140625,168.9199981689453,170.47000122070312,150.5790252685547,7173800,0.0,16.030000686645508,0.05,0.15,1.56,0.003938088260557393,0.20632269638694062,0.0,0.0,0.0005,0.0015,0.015600000000000001,-0.023156560895795986,-0.4185290739325279,0.00054,0.000535,5.000000000000013e-06,0.6677593271521323,0
2021-11-03,170.1300048828125,171.1300048828125,169.14999389648438,170.52999877929688,150.6320343017578,8402700,0.0,15.100000381469727,0.05,0.17,1.6,0.00035197269201194296,0.1990598786601286,0.0,0.0,0.0005,0.0017000000000000001,0.016,-0.05801623614093532,-0.3574012864655778,0.0005200000000000002,0.00054,-1.9999999999999836e-05,0.67160595216353,0
2021-11-04,170.0,170.1999969482422,166.49000549316406,168.2899932861328,148.65338134765625,9574200,0.0,15.4399995803833,0.04,0.14,1.53,-0.013222707686556312,0.2045292894006885,0.0,0.0,0.0004,0.0014000000000000002,0.015300000000000001,0.022516502670477445,-0.386614009750233,0.0004800000000000001,0.000535,-5.499999999999987e-05,0.6576112454953086,0
2021-11-05,168.89999389648438,170.08999633789062,167.41000366210938,168.0500030517578,148.44140625,7975600,0.0,16.479999542236328,0.05,0.14,1.45,-0.001426986554294991,0.20317482283029364,0.0,0.0,0.0005,0.0014000000000000002,0.014499999999999999,0.06735751231330078,-0.34797679730653414,0.00048000000000000007,0.000535,-5.499999999999993e-05,0.6381558679476663,0
2021-11-08,169.0500030517578,170.9199981689453,168.74000549316406,169.05999755859375,149.33352661132812,6413700,0.0,17.219999313354492,0.06,0.16,1.51,0.005991928346144644,0.20441217332958742,0.0,0.0,0.0006,0.0016,0.0151,0.044902899980162614,-0.3083726476917551,0.0005000000000000001,0.0005399999999999999,-3.999999999999978e-05,0.6307016791055133,0
2021-11-09,167.35000610351562,168.47000122070312,166.60000610351562,167.77999877929688,148.2029266357422,7990300,0.0,17.780000686645508,0.04,0.14,1.46,-0.00759977747182281,0.1918844531373072,0.0,0.0,0.0004,0.0014000000000000002,0.0146,0.03252040624976815,-0.22756871950117757,0.00048000000000000007,0.0005299999999999999,-4.9999999999999806e-05,0.6308340209051573,0
2021-11-10,167.4499969482422,168.9499969482422,167.08999633789062,167.6199951171875,148.06155395507812,6999200,0.0,18.729999542236328,0.05,0.17,1.56,-0.0009543681450610852,0.1897346054829317,0.0,0.0,0.0005,0.0017000000000000001,0.015600000000000001,0.05343075471894454,-0.23159717387340237,0.00048000000000000007,0.00053,-4.9999999999999914e-05,0.6212913129740241,0
2021-11-11,167.52000427246094,168.67999267578125,166.89999389648438,167.61000061035156,148.052734375,5815300,0.0,17.65999984741211,0.05,0.17,1.56,-5.9568757255603834e-05,0.16168569838655963,0.0,0.0,0.0005,0.0017000000000000001,0.015600000000000001,-0.057127587879079234,-0.44919390398991754,0.0005000000000000001,0.00053,-2.9999999999999862e-05,0.6524389958702687,0
2021-11-12,167.64999389648438,167.74000549316406,165.72000122070312,166.86000061035156,147.39022827148438,8113400,0.0,16.290000915527344,0.05,0.17,1.58,-0.004484840038427674,0.15554253959215578,0.0,0.0,0.0005,0.0017000000000000001,0.0158,-0.07757638412921752,-0.27572779202540304,0.0005000000000000001,0.00053,-2.9999999999999862e-05,0.6602684401175285,0
2021-11-15,167.2100067138672,167.7899932861328,166.0,166.55999755859375,147.125244140625,6492500,0.0,16.489999771118164,0.05,0.18,1.63,-0.0017994586171776257,0.14115930276062308,0.0,0.0,0.0005,0.0018,0.0163,0.012277399898743102,-0.22823339328674563,0.00048000000000000007,0.000525,-4.49999999999999e-05,0.645016641893461,0
2021-11-16,167.05999755859375,167.07000732421875,165.1199951171875,165.36000061035156,146.06527709960938,9706100,0.0,16.3700008392334,0.05,0.17,1.63,-0.007230599779213989,0.14336061633939115,0.0,0.0,0.0005,0.0017000000000000001,0.0163,-0.007277072986680122,-0.21661601223863192,0.0005,0.000525,-2.4999999999999957e-05,0.6426403795126754,0
2021-11-17,165.2100067138672,165.55999755859375,163.38999938964844,164.47000122070312,145.27911376953125,9909600,0.0,17.110000610351562,0.05,0.18,1.6,-0.005396810529646757,0.13694934140522014,0.0,0.0,0.0005,0.0018,0.016,0.04520462633970257,-0.1819148739014634,0.0005,0.000525,-2.4999999999999957e-05,0.6216859964392362,0
2021-11-18,164.38999938964844,164.85000610351562,162.55999755859375,163.0500030517578,144.0248260498047,8122500,0.0,17.59000015258789,0.05,0.18,1.59,-0.008671126839785213,0.12847147543673587,0.0,0.0,0.0005,0.0018,0.0159,0.028053741970408108,-0.1735131794672599,0.0005,0.00052,-1.9999999999999944e-05,0.6017087978987875,0
2021-11-19,161.3000030517578,162.11000061035156,159.4499969482422,160.9199981689453,142.143310546875,12193600,0.0,17.90999984741211,0.05,0.18,1.54,-0.01314990996473145,0.13262832667047159,0.0,0.0,0.0005,0.0018,0.0154,0.01819213712611245,-0.21875941290601367,0.0005,0.000515,-1.500000000000004e-05,0.5939995251898209,0
2021-11-22,164.16000366210938,165.97999572753906,162.99000549316406,164.35000610351562,145.1731414794922,14549900,0.0,19.170000076293945,0.05,0.2,1.63,0.02109133136876131,0.14625937307569312,0.0,0.0,0.0005,0.002,0.0163,0.07035177217290145,-0.04766640038998737,0.0005,0.0005099999999999999,-9.999999999999918e-06,0.5806095767808419,0
2021-11-23,165.5,168.55999755859375,165.3699951171875,168.27999877929688,148.64454650878906,12354400,0.0,19.3799991607666,0.06,0.21,1.67,0.023630752737991107,0.17073516966446878,0.0,0.0,0.0006,0.0021,0.0167,0.010954568786483598,-0.05265406033019149,0.0005200000000000001,0.0005099999999999999,1.0000000000000135e-05,0.5945948052026859,0
2021-11-24,168.4600067138672,169.44000244140625,166.44000244140625,166.9600067138672,147.47857666015625,9629800,0.0,18.579999923706055,0.06,0.24,1.64,-0.007874939732854854,0.17197430725770305,0.0,0.0,0.0006,0.0024,0.016399999999999998,-0.04127963218285824,-0.02884562583560551,0.00054,0.0005099999999999999,3.000000000000008e-05,0.5997305504202604,0
2021-11-26,162.13999938964844,162.64999389648438,158.82000732421875,161.92999267578125,143.0355224609375,13619300,0.0,28.6200008392334,0.06,0.2,1.48,-0.03058991401980946,0.18822372450097116,0.0,0.0,0.0006,0.002,0.0148,0.540366036423789,-0.496412628963402,0.0005600000000000001,0.0005099999999999999,5.000000000000013e-05,0.45069416246280325,0
2021-11-29,163.30999755859375,164.77999877929688,159.82000732421875,161.22999572753906,142.41720581054688,12104400,0.0,22.959999084472656,0.06,0.21,1.52,-0.004332189229191566,0.1783029308698196,0.0,0.0,0.0006,0.0021,0.0152,-0.19776385705068866,-0.44087657167344657,0.00058,0.000515,6.499999999999995e-05,0.5200261247090154,0
2021-11-30,159.16000366210938,160.6300048828125,158.2899932861328,158.8300018310547,140.2972412109375,18922600,0.0,27.190000534057617,0.05,0.24,1.43,-0.014997495585101724,0.18338840494262118,0.0,0.0,0.0005,0.0024,0.0143,0.1842335199588756,-0.4750484000235971,0.0005800000000000001,0.000515,6.500000000000006e-05,0.452345118839847,0
2021-12-01,161.0,163.27000427246094,157.8000030517578,157.88999938964844,139.4668731689453,12253400,0.0,31.1200008392334,0.06,0.25,1.43,-0.0059362186766160775,0.18335082372215605,0.0,0.0,0.0006,0.0025,0.0143,0.14453844163236207,-0.4747736428770374,0.00058,0.00052,6.000000000000005e-05,0.39301233287582643,0
2021-12-02,159.8300018310547,163.25,158.8000030517578,161.2100067138672,142.39952087402344,12969900,0.0,27.950000762939453,0.05,0.27,1.44,0.020809529585122218,0.20044928719282867,0.0,0.0,0.0005,0.0027,0.0144,-0.10186375291794603,-0.506294257904312,0.0005600000000000001,0.00052,4.0000000000000105e-05,0.4483179345663537,0
2021-12-03,161.5,161.8300018310547,157.19000244140625,158.2899932861328,139.82022094726562,12681800,0.0,30.670000076293945,0.06,0.26,1.35,-0.0182791730144384,0.20719895827509405,0.0,0.0,0.0006,0.0026,0.013500000000000002,0.09731660962818656,-0.5085125792995625,0.0005600000000000001,0.00053,3.000000000000008e-05,0.39839025847731024,0
2021-12-06,161.00999450683594,162.61000061035156,159.4600067138672,160.16000366210938,141.4720001220703,11186500,0.0,27.18000030517578,0.05,0.28,1.43,0.011744357197626313,0.2105323285558604,0.0,0.0,0.0005,0.0028000000000000004,0.0143,-0.11379197138690988,-0.5493279126358762,0.0005400000000000001,0.00053,1.0000000000000135e-05,0.4630838226766898,0
2021-12-07,161.8800048828125,163.38999938964844,161.16000366210938,162.57000732421875,143.60086059570312,9851600,0.0,21.889999389648438,0.06,0.31,1.48,0.014935831095763746,0.21890776674275886,0.0,0.0,0.0006,0.0031,0.0148,-0.1946284347362568,-0.5902207266504476,0.0005600000000000001,0.00053,3.000000000000008e-05,0.548357258651013,0
2021-12-08,162.66000366210938,163.27000427246094,160.1699981689453,160.7100067138672,141.95785522460938,11705700,0.0,19.899999618530273,0.07,0.29,1.52,-0.011507430246198975,0.219674343198119,0.0,0.0,0.0007000000000000001,0.0029,0.0152,-0.0909090829878787,-0.5609876170080355,0.00058,0.000545,3.499999999999998e-05,0.5663553305211413,0
2021-12-09,159.64999389648438,160.92999267578125,158.64999389648438,160.4600067138672,141.73704528808594,11189600,0.0,21.579999923706055,0.06,0.28,1.49,-0.0015566721905384882,0.21887215322901468,0.0,0.0,0.0006,0.0028000000000000004,0.0149,0.08442212750654599,-0.5577380072197945,0.0006000000000000001,0.0005499999999999999,5.000000000000013e-05,0.5459644102162109,0
2021-12-10,161.32000732421875,161.6999969482422,159.1300048828125,159.82000732421875,141.17172241210938,10405400,0.0,18.690000534057617,0.06,0.27,1.48,-0.003996508365721114,0.2189209690467898,0.0,0.0,0.0006,0.0027,0.0148,-0.13392026876115581,-0.5411175925092641,0.0006000000000000001,0.000555,4.500000000000001e-05,0.5854186793500038,0
2021-12-13,159.5,159.7899932861328,157.27999877929688,157.9199981689453,139.49339294433594,12069000,0.0,20.309999465942383,0.05,0.27,1.42,-0.011959801066404306,0.2212762312925163,0.0,0.0,0.0005,0.0027,0.014199999999999999,0.08667730795045947,-0.5466582405493126,0.0006000000000000001,0.0005549999999999999,4.500000000000012e-05,0.5552039349364662,0
2021-12-14,157.4499969482422,160.88999938964844,157.3000030517578,159.1300048828125,140.56219482421875,12563600,0.0,21.889999389648438,0.05,0.26,1.44,0.007632820879761592,0.2241018882803635,0.0,0.0,0.0005,0.0026,0.0144,0.07779418834331042,-0.5345923906715089,0.0005800000000000001,0.0005549999999999999,2.5000000000000174e-05,0.5398566842922756,0
2021-12-15,159.85000610351562,159.85000610351562,157.35000610351562,157.94000244140625,139.51104736328125,14014200,0.0,19.290000915527344,0.05,0.29,1.47,-0.007506267919174874,0.22482530513656082,0.0,0.0,0.0005,0.0029,0.0147,-0.11877563027025972,-0.5069090135622742,0.0005400000000000001,0.000555,-1.4999999999999931e-05,0.5735840416724444,0
2021-12-16,160.38999938964844,161.82000732421875,158.6999969482422,160.41000366210938,141.69287109375,19542800,0.0,20.56999969482422,0.05,0.26,1.44,0.015518044883308948,0.23251240691633596,0.0,0.0,0.0005,0.0026,0.0144,0.0663555582450257,-0.475483775094931,0.0005200000000000001,0.000555,-3.499999999999998e-05,0.56884834574477,0
2021-12-17,159.32000732421875,159.3800048828125,155.17999267578125,156.75999450683594,138.46873474121094,28082000,0.0,21.56999969482422,0.05,0.27,1.41,-0.023017277374356913,0.2440113633734786,0.0,0.0,0.0005,0.0027,0.0141,0.04861448783840361,-0.4626671818760036,0.0005,0.0005549999999999999,-5.499999999999993e-05,0.5440813997512456,0
2021-12-20,154.50999450683594,154.6999969482422,151.83999633789062,153.94000244140625,135.977783203125,15148000,0.0,22.8700008392334,0.07,0.27,1.43,-0.01815304461213244,0.24929108544843723,0.0,0.0,0.0007000000000000001,0.0027,0.0143,0.06026894588789067,-0.4631536782818571,0.0005400000000000001,0.000565,-2.499999999999985e-05,0.5198752400035247,0
2021-12-21,155.41000366210938,157.17999267578125,155.08999633789062,156.08999633789062,137.8769073486328,11291300,0.0,21.010000228881836,0.07,0.29,1.48,0.013869797784589527,0.2526207870696704,0.0,0.0,0.0007000000000000001,0.0029,0.0148,-0.08132927599900819,-0.4846926720427622,0.0005800000000000001,0.000575,5.0000000000001215e-06,0.5625165536343816,0
2021-12-22,155.75,157.05999755859375,155.24000549316406,156.6999969482422,138.41578674316406,7273000,0.0,18.6299991607666,0.08,0.28,1.46,0.0039007913662666934,0.23999581733645792,0.0,0.0,0.0008,0.0028000000000000004,0.0146,-0.11327944037066295,-0.5443150496230974,0.0006400000000000002,0.000585,5.5000000000000144e-05,0.5862671080329253,0
2021-12-23,157.61000061035156,159.1199951171875,157.2100067138672,157.25999450683594,138.91041564941406,8055200,0.0,17.959999084472656,0.07,0.31,1.5,0.003567130883930366,0.22211077040187144,0.0,0.0,0.0007000000000000001,0.0031,0.015,-0.035963505446898525,-0.5942631131191529,0.0006800000000000002,0.00059,9.000000000000013e-05,0.5838911208903262,0
2021-12-27,157.60000610351562,158.1999969482422,156.33999633789062,158.16000366210938,139.7053680419922,6188100,0.0,17.68000030517578,0.06,0.33,1.48,0.005706457396329481,0.22350672953842107,0.0,0.0,0.0006,0.0033,0.0148,-0.015590133272275541,-0.6013632740661803,0.0007000000000000001,0.00059,0.00011000000000000007,0.595973268822344,0
2021-12-28,158.1999969482422,160.14999389648438,158.0800018310547,158.63999938964844,140.12940979003906,6342300,0.0,17.540000915527344,0.06,0.39,1.49,0.0030306602767329726,0.19946672788390993,0.0,0.0,0.0006,0.0039000000000000003,0.0149,-0.007918517377369816,-0.43862424892221563,0.00068,0.00059,9.000000000000002e-05,0.6179845069145137,0
2021-12-29,158.85000610351562,159.6300048828125,158.14999389648438,158.55999755859375,140.0587158203125,6398900,0.0,16.950000762939453,0.05,0.38,1.55,-0.0005046178960845716,0.1990959553018342,0.0,0.0,0.0005,0.0038,0.0155,-0.03363740717171748,-0.4969339372614451,0.0006400000000000002,0.00059,5.000000000000013e-05,0.6286871833572446,0
2021-12-30,159.11000061035156,160.24000549316406,158.3699951171875,158.47999572753906,139.98805236816406,6948200,0.0,17.329999923706055,0.05,0.38,1.52,-0.0005046546625424066,0.1922829948165583,0.0,0.0,0.0005,0.0038,0.0152,0.02241882853465449,-0.44101935056499086,0.0005800000000000001,0.000585,-4.999999999999905e-06,0.6318880286743971,0
2021-12-31,158.4499969482422,159.2899932861328,157.9600067138672,158.35000610351562,139.8732452392578,5805900,0.0,17.219999313354492,0.06,0.39,1.52,-0.0008204573932012715,0.19114148059908379,0.0,0.0,0.0006,0.0039000000000000003,0.0152,-0.006347409742402221,-0.43518927137791996,0.0005600000000000001,0.00059,-2.999999999999997e-05,0.636503776407263,0
2022-01-03,159.86000061035156,162.63999938964844,159.50999450683594,161.6999969482422,142.83233642578125,13120900,0.0,16.600000381469727,0.08,0.4,1.63,0.020934848482231597,0.19131265972357994,0.0,0.0,0.0008,0.004,0.0163,-0.03600458516882421,-0.3779054082820342,0.0006000000000000001,0.0006000000000000001,0.0,0.6454310709181517,0
2022-01-04,164.30999755859375,168.5800018310547,164.22999572753906,167.8300018310547,148.24708557128906,20195800,0.0,16.90999984741211,0.08,0.38,1.66,0.03720890897702599,0.21859968554811426,0.0,0.0,0.0008,0.0038,0.0166,0.018674666193889244,-0.17516174976863752,0.00064,0.000615,2.5000000000000066e-05,0.6740333411865282,0
2022-01-05,167.82000732421875,168.36000061035156,163.72999572753906,163.77999877929688,145.53683471679688,17539400,0.0,19.729999542236328,0.09,0.41,1.71,-0.018451164668590696,0.2278398841070504,0.0,0.0,0.0009,0.0040999999999999995,0.0171,0.16676521113368237,-0.2662099097816131,0.00072,0.00063,9.000000000000002e-05,0.6157942451255178,0
2022-01-06,166.91000366210938,167.3699951171875,163.8699951171875,165.52000427246094,147.08299255371094,14047500,0.0,19.610000610351562,0.1,0.45,1.73,0.010567788523747096,0.22504309796980354,0.0,0.0,0.001,0.0045000000000000005,0.0173,-0.0060820544687738565,-0.189884905960721,0.0008200000000000001,0.0006450000000000001,0.00017500000000000003,0.6149076332784713,0
2022-01-07,165.6699981689453,167.52999877929688,165.05999755859375,167.16000366210938,148.54031372070312,13913300,0.0,18.760000228881836,0.1,0.43,1.76,0.00985939160591783,0.22206409173659722,0.0,0.0,0.001,0.0043,0.0176,-0.04334525012819401,-0.2688339870296224,0.0009000000000000001,0.000665,0.00023500000000000007,0.6397627720067823,0
2022-01-10,169.07000732421875,169.30999755859375,165.52999877929688,167.32000732421875,148.68252563476562,12922500,0.0,19.399999618530273,0.13,0.46,1.78,0.000956938068576485,0.22170466079484658,0.0,0.0,0.0013,0.0046,0.0178,0.03411510564179698,-0.26315825235397206,0.0010000000000000002,0.0006999999999999999,0.00030000000000000035,0.6321206906666674,0
2022-01-11,168.25999450683594,168.52000427246094,166.30999755859375,167.49000549316406,148.83355712890625,11854100,0.0,18.40999984741211,0.11,0.46,1.75,0.0010152829770497505,0.22059444697999728,0.0,0.0,0.0011,0.0046,0.0175,-0.05103091704045948,-0.32547151906300004,0.00106,0.00073,0.00033,0.6492396836741193,0
2022-01-12,168.4600067138672,169.58999633789062,167.17999267578125,168.44000244140625,149.677734375,12568000,0.0,17.6200008392334,0.12,0.48,1.74,0.005655930080523276,0.21438120887219544,0.0,0.0,0.0012,0.0048,0.0174,-0.04291140764402346,-0.27964945921384426,0.0011200000000000001,0.0007650000000000001,0.00035500000000000006,0.671005296335072,0
2022-01-13,168.33999633789062,169.80999755859375,167.88999938964844,168.22999572753906,149.49111938476562,13623400,0.0,20.309999465942383,0.12,0.47,1.7,-0.00124755643572541,0.21435590210786512,0.0,0.0,0.0012,0.004699999999999999,0.017,0.15266733817170586,-0.30842484100288453,0.00116,0.0008,0.00035999999999999997,0.6273100160406415,0
2022-01-14,160.75999450683594,161.02999877929688,156.89999389648438,157.88999938964844,140.30287170410156,32103200,0.0,19.190000534057617,0.13,0.51,1.78,-0.06343353374734606,0.31336099775680415,0.0,0.0,0.0013,0.0051,0.0178,-0.05514519750543956,-0.13050887861920288,0.0012200000000000002,0.0008399999999999999,0.00038000000000000024,0.6100119632223188,0
2022-01-18,155.77999877929688,155.77999877929688,150.5399932861328,151.27000427246094,134.4202880859375,32103200,0.0,22.790000915527344,0.16,0.58,1.87,-0.04283208549327207,0.34151158625719713,0.0,0.0,0.0016,0.0058,0.0187,0.18759772179685963,-0.3579228569478109,0.00128,0.000895,0.00038500000000000014,0.5238768749752021,0
2022-01-19,151.57000732421875,152.22999572753906,148.5500030517578,148.92999267578125,132.3408966064453,22380000,0.0,23.850000381469727,0.17,0.57,1.83,-0.015590226133938017,0.33682895632008863,0.0,0.0,0.0017000000000000001,0.005699999999999999,0.0183,0.04651160260463971,-0.35328158511917107,0.0014,0.000945,0.000455,0.513162459190392,0
2022-01-20,148.99000549316406,150.61000061035156,147.36000061035156,147.66000366210938,131.21238708496094,14860800,0.0,25.59000015258789,0.17,0.6,1.83,-0.008563857772604077,0.33270314857954686,0.0,0.0,0.0017000000000000001,0.006,0.0183,0.07295596407914773,-0.34307845806957904,0.0015,0.000995,0.000505,0.49402559497103005,0
2022-01-21,147.5,147.50999450683594,144.27000427246094,145.0800018310547,128.91976928710938,20705400,0.0,28.850000381469727,0.17,0.58,1.75,-0.017627018446817317,0.33202243306335727,0.0,0.0,0.0017000000000000001,0.0058,0.0175,0.12739352127562054,-0.34398911364559975,0.0016,0.00104,0.0005600000000000002,0.42872933924162326,0
2022-01-24,142.27999877929688,145.47999572753906,139.57000732421875,144.9499969482422,128.80426025390625,28471400,0.0,29.899999618530273,0.19,0.58,1.75,-0.0008963777350762739,0.33114469882403297,0.0,0.0,0.0019,0.0058,0.0175,0.03639512038741466,-0.33916059757128947,0.0017200000000000004,0.0010999999999999998,0.0006200000000000005,0.4108813908216348,0
2022-01-25,143.64999389648438,146.85000610351562,140.7899932861328,146.52999877929688,130.20826721191406,18915900,0.0,31.15999984741211,0.19,0.65,1.78,0.010841334381206267,0.3340267717062355,0.0,0.0,0.0019,0.006500000000000001,0.0178,0.04214047641997154,-0.3213600912427828,0.00178,0.001165,0.0006149999999999999,0.3972202687693136,0
2022-01-26,148.72000122070312,150.57000732421875,145.9600067138672,147.9199981689453,131.4434356689453,20709100,0.0,31.959999084472656,0.19,0.7,1.85,0.009441388063913066,0.335512037165709,0.0,0.0,0.0019,0.006999999999999999,0.018500000000000003,0.025673916591080648,-0.31193195129896906,0.00182,0.00123,0.00059,0.3880205943820806,0
2022-01-27,149.4199981689453,150.3800048828125,144.1300048828125,145.30999755859375,129.12416076660156,17536800,0.0,30.489999771118164,0.2,0.75,1.81,-0.017802184042562036,0.3386169154256522,0.0,0.0,0.002,0.0075,0.0181,-0.04599497357522364,-0.2610153517157796,0.0018800000000000002,0.001305,0.0005750000000000002,0.39660958412811304,0
2022-01-28,144.19000244140625,146.75999450683594,142.1699981689453,146.61000061035156,130.27932739257812,14117000,0.0,27.65999984741211,0.19,0.75,1.78,0.008906389580023103,0.3413623288709826,0.0,0.0,0.0019,0.0075,0.0178,-0.09281731534766324,-0.2865445623391119,0.0019200000000000003,0.001375,0.0005450000000000003,0.44261973442992875,0
2022-01-31,145.63999938964844,148.7899932861328,144.6699981689453,148.60000610351562,132.04771423339844,13985700,0.0,24.829999923706055,0.22,0.78,1.79,0.013482511125138137,0.3462844711330325,0.0,0.0,0.0022,0.0078000000000000005,0.0179,-0.10231380836290327,-0.3232662624019276,0.00198,0.0014550000000000001,0.0005249999999999999,0.49135378848863304,0
2022-02-01,148.69000244140625,151.47000122070312,148.3000030517578,151.14999389648438,134.31361389160156,14584900,0.0,21.959999084472656,0.19,0.78,1.81,0.01701413891511363,0.35300252681584154,0.0,0.0,0.0019,0.0078000000000000005,0.0181,-0.11558601885025821,-0.3639801426819936,0.00198,0.00151,0.00046999999999999993,0.5429491357492915,0
2022-02-02,150.5,150.94000244140625,148.07000732421875,149.94000244140625,133.2384490966797,12441100,0.0,22.09000015258789,0.19,0.76,1.78,-0.008037094316667074,0.3434949593968737,0.0,0.0,0.0019,0.0076,0.0178,0.0059199031664420865,-0.3432767750586792,0.00198,0.001565,0.000415,0.5238477019778492,0
2022-02-03,150.0,151.64999389648438,148.2899932861328,148.6999969482422,132.13656616210938,12474900,0.0,24.350000381469727,0.2,0.78,1.82,-0.008304393432918479,0.310439365205972,0.0,0.0,0.002,0.0078000000000000005,0.0182,0.10230874663969036,-0.380192866474202,0.00198,0.00162,0.0003600000000000001,0.46448687258527166,0
2022-02-04,149.10000610351562,153.5,148.77000427246094,152.55999755859375,135.56655883789062,16654400,0.0,23.219999313354492,0.23,0.89,1.93,0.025626748949797395,0.32446443681935927,0.0,0.0,0.0023,0.0089,0.019299999999999998,-0.04640661397998014,-0.38041789979390545,0.00206,0.001685,0.0003750000000000001,0.5068585285257019,0
2022-02-07,153.27000427246094,153.6199951171875,150.85000610351562,153.07000732421875,136.01976013183594,12572300,0.0,22.860000610351562,0.27,0.88,1.92,0.0033374414170070235,0.3215015859537366,0.0,0.0,0.0027,0.0088,0.0192,-0.015503820570566651,-0.3816886093256466,0.00216,0.00177,0.00038999999999999994,0.5076950182005108,0
2022-02-08,155.0,158.47999572753906,154.8000030517578,155.9499969482422,138.57899475097656,20411400,0.0,21.440000534057617,0.25,0.91,1.96,0.01864035197845376,0.32755792320664984,0.0,0.0,0.0025,0.0091,0.0196,-0.062117237024522876,-0.39684248396827776,0.00228,0.00183,0.0004499999999999999,0.5331973548941646,0
2022-02-09,156.58999633789062,157.42999267578125,155.82000732421875,156.60000610351562,139.15658569335938,9131100,0.0,19.959999084472656,0.26,0.91,1.94,0.004159292620257154,0.3282700584846295,0.0,0.0,0.0026,0.0091,0.0194,-0.06902991663801339,-0.4080872493887871,0.00242,0.001905,0.0005149999999999998,0.5562358268658645,0
2022-02-10,156.66000366210938,159.02999877929688,155.22000122070312,155.9499969482422,138.57899475097656,16455600,0.0,23.90999984741211,0.4,1.14,2.03,-0.004159292620257051,0.32793139781388053,0.0,0.0,0.004,0.011399999999999999,0.0203,0.19789583888369267,-0.3689130600586661,0.0028200000000000005,0.002045,0.0007750000000000005,0.4967553486068633,0
2022-02-11,155.61000061035156,158.19000244140625,152.97000122070312,153.9199981689453,136.7751007080078,16830000,0.0,27.360000610351562,0.36,1.07,1.92,-0.013102545993401032,0.32784290980829933,0.0,0.0,0.0036,0.010700000000000001,0.0192,0.14429112442310887,-0.37134039764807314,0.0030800000000000003,0.002165,0.0009150000000000004,0.4363285017380928,0
2022-02-14,152.72999572753906,153.67999267578125,150.32000732421875,152.49000549316406,135.50439453125,17026500,0.0,28.329999923706055,0.43,1.13,1.98,-0.009333904495029355,0.32809315139712025,0.0,0.0,0.0043,0.0113,0.019799999999999998,0.03545319048668061,-0.4008846641670496,0.0034000000000000002,0.002315,0.0010850000000000005,0.41766499344063557,0
2022-02-15,154.50999450683594,155.94000244140625,153.85000610351562,154.72000122070312,137.48602294921875,9500000,0.0,25.700000762939453,0.4,1.11,2.05,0.01451818890258008,0.2552330259240945,0.0,0.0,0.004,0.0111,0.020499999999999997,-0.09283442173841527,-0.7154093841561036,0.0037000000000000006,0.002435,0.0012650000000000005,0.5016174630207506,0
2022-02-16,153.74000549316406,156.10000610351562,153.74000549316406,155.0,137.73480224609375,9076500,0.0,24.290000915527344,0.38,1.09,2.03,0.001807852763003809,0.204841554558731,0.0,0.0,0.0038,0.0109,0.0203,-0.05486380566359328,-0.6380499989955829,0.003940000000000001,0.0025399999999999997,0.001400000000000001,0.548321640410284,0
2022-02-17,153.0,153.72999572753906,150.6699981689453,151.42999267578125,134.5624542236328,11367500,0.0,28.110000610351562,0.36,1.05,1.97,-0.02330167848651361,0.21430981498655963,0.0,0.0,0.0036,0.0105,0.0197,0.15726634626770597,-0.690713193261225,0.0038599999999999997,0.0026349999999999998,0.001225,0.4891873461881014,0
2022-02-18,152.1300048828125,154.13999938964844,151.1300048828125,152.13999938964844,135.19337463378906,11733300,0.0,27.75,0.35,1.03,1.92,0.004677723282302768,0.21192119160636877,0.0,0.0,0.0034999999999999996,0.0103,0.0192,-0.012806851744392778,-0.6841393119600677,0.0038399999999999997,0.002725,0.0011149999999999997,0.5022095346219165,0
2022-02-22,150.60000610351562,153.24000549316406,150.41000366210938,151.8699951171875,134.95343017578125,11333500,0.0,28.809999465942383,0.37,1.17,1.94,-0.0017764009555793388,0.20078876923614555,0.0,0.0,0.0037,0.011699999999999999,0.0194,0.03819817895287869,-0.6529639171223364,0.00372,0.0028150000000000002,0.000905,0.4965091463673559,0
2022-02-23,153.1199951171875,153.3000030517578,147.97000122070312,148.69000244140625,132.12767028808594,11799000,0.0,31.020000457763672,0.34,1.16,1.99,-0.021161102961774116,0.21636559553118404,0.0,0.0,0.0034000000000000002,0.0116,0.0199,0.07670951172469942,-0.6617836094421027,0.0036000000000000003,0.00289,0.0007100000000000001,0.45289114971470307,0
2022-02-24,142.94000244140625,144.99000549316406,139.77999877929688,144.5500030517578,128.44879150390625,25655100,0.0,30.31999969482422,0.32,1.08,1.96,-0.028238339090859634,0.23592105820391202,0.0,0.0,0.0032,0.0108,0.0196,-0.02256611065794678,-0.5951300355149104,0.0034799999999999996,0.002955,0.0005249999999999994,0.43962445121852145,0
2022-02-25,145.25,150.1300048828125,144.91000366210938,147.97000122070312,131.48782348632812,18367700,0.0,27.59000015258789,0.33,1.13,1.97,0.023383935056347737,0.248065229160003,0.0,0.0,0.0033,0.0113,0.0197,-0.09003956364492816,-0.6362472113648605,0.0034200000000000003,0.00302,0.0004000000000000002,0.4869040837365213,0
2022-02-28,143.5500030517578,145.05999755859375,140.8800048828125,141.8000030517578,126.005126953125,31315300,0.0,30.149999618530273,0.35,1.01,1.83,-0.04259165404047827,0.2829161442190282,0.0,0.0,0.0034999999999999996,0.0101,0.0183,0.09278722188416721,-0.6877025952445456,0.0034200000000000003,0.0031,0.0003200000000000004,0.43559530790709744,0
2022-03-01,140.0399932861328,140.47999572753906,133.5800018310547,136.4499969482422,121.25102233886719,32103200,0.0,33.31999969482422,0.32,0.91,1.72,-0.03845963478501818,0.3081287488322422,0.0,0.0,0.0032,0.0091,0.0172,0.10514096571814391,-0.6982223703077493,0.00332,0.00315,0.00017,0.36213816869247706,0
2022-03-02,137.2899932861328,140.0399932861328,136.61000061035156,139.27999877929688,123.76581573486328,19405600,0.0,30.739999771118164,0.34,1.06,1.86,0.02052823575785518,0.3139109644801134,0.0,0.0,0.0034000000000000002,0.0106,0.018600000000000002,-0.07743097080840666,-0.7018107789997232,0.00332,0.003225,9.500000000000003e-05,0.4031707693219753,0
2022-03-03,139.83999633789062,140.97999572753906,137.05999755859375,138.2899932861328,122.8861083984375,16640800,0.0,30.479999542236328,0.38,1.08,1.86,-0.007133218763071801,0.30546196076227355,0.0,0.0,0.0038,0.0108,0.018600000000000002,-0.008458042642086161,-0.6761030680871588,0.00344,0.00332,0.00011999999999999988,0.39250977434732015,0
2022-03-04,134.94000244140625,135.4199981689453,132.39999389648438,134.39999389648438,119.4294204711914,21016000,0.0,31.979999542236328,0.34,1.05,1.74,-0.028532405224931515,0.31672037640574846,0.0,0.0,0.0034000000000000002,0.0105,0.0174,0.04921259916429599,-0.6717821939193069,0.0034600000000000004,0.00339,7.000000000000062e-05,0.3588923252134628,0
2022-03-07,132.1699981689453,132.69000244140625,128.9499969482422,129.2100067138672,114.8175277709961,27560100,0.0,36.45000076293945,0.38,1.07,1.78,-0.03938142004971797,0.338118830307955,0.0,0.0,0.0038,0.010700000000000001,0.0178,0.1397748994586303,-0.7124865259823354,0.00352,0.003465,5.499999999999993e-05,0.2765688569181387,0
2022-03-08,129.63999938964844,131.7899932861328,127.2699966430664,128.3000030517578,114.00885772705078,19207800,0.0,35.130001068115234,0.36,1.12,1.86,-0.007068008426789459,0.31705774450717017,0.0,0.0,0.0036,0.011200000000000002,0.018600000000000002,-0.036213982639098585,-0.6990010418758816,0.0036000000000000003,0.00351,9.000000000000024e-05,0.2759554036461612,0
2022-03-09,132.89999389648438,135.24000549316406,132.44000244140625,133.44000244140625,118.57633209228516,17536200,0.0,32.45000076293945,0.38,1.15,1.94,0.03928076113926103,0.35569863775904553,0.0,0.0,0.0038,0.0115,0.0194,-0.07628807923971881,-0.7094929761113039,0.00368,0.0035749999999999996,0.00010500000000000049,0.3356168164677278,0
2022-03-10,131.86000061035156,133.4499969482422,130.32000732421875,131.86000061035156,117.17232513427734,15604200,0.0,30.229999542236328,0.39,1.19,1.98,-0.011911190283019343,0.34400509271873697,0.0,0.0,0.0039000000000000003,0.011899999999999999,0.019799999999999998,-0.0684129789987108,-0.6672130656104773,0.0036999999999999997,0.00364,5.9999999999999724e-05,0.3491298238504349,0
2022-03-11,132.49000549316406,134.0800018310547,128.4199981689453,128.88999938964844,114.53314971923828,20061800,0.0,30.75,0.4,1.22,2.0,-0.022781417301527645,0.3446748385308876,0.0,0.0,0.004,0.012199999999999999,0.02,0.01720147091094537,-0.6510192170470407,0.0038199999999999996,0.00364,0.0001799999999999996,0.32566882256274776,0
2022-03-14,129.4600067138672,132.9199981689453,129.22999572753906,130.1699981689453,115.67057037353516,15786900,0.0,31.770000457763672,0.45,1.28,2.14,0.009881942045483668,0.3506794713936137,0.0,0.0,0.0045000000000000005,0.0128,0.021400000000000002,0.03317074659394059,-0.7300710027636479,0.00396,0.003685,0.00027500000000000007,0.319462549474656,0
2022-03-15,131.8000030517578,133.5500030517578,131.1300048828125,132.47999572753906,117.7232666015625,15096600,0.0,29.829999923706055,0.46,1.28,2.15,0.017590431552887167,0.36166520121563533,0.0,0.0,0.0046,0.0128,0.0215,-0.06106391268822087,-0.7772242646223695,0.0041600000000000005,0.0036999999999999997,0.00046000000000000077,0.3654326179631204,0
2022-03-16,134.8699951171875,138.49000549316406,134.42999267578125,138.39999389648438,122.98384094238281,20354900,0.0,26.670000076293945,0.44,1.35,2.19,0.043716300400630244,0.4020504406212727,0.0,0.0,0.0044,0.013500000000000002,0.0219,-0.10593361902427767,-0.799683651348763,0.004280000000000001,0.00372,0.0005600000000000006,0.44213040897295286,0
2022-03-17,136.86000061035156,140.19000244140625,135.9199981689453,140.14999389648438,124.53890991210938,17050500,0.0,25.670000076293945,0.4,1.3,2.2,0.01256522420228486,0.40093466637875536,0.0,0.0,0.004,0.013000000000000001,0.022000000000000002,-0.03749531297860276,-0.7970260621471994,0.0043,0.00373,0.0005700000000000002,0.45524650285635493,0
2022-03-18,140.19000244140625,140.85000610351562,138.4600067138672,140.10000610351562,124.49449920654297,23656500,0.0,23.8700008392334,0.42,1.29,2.14,-0.0003566646434658197,0.4005612587410567,0.0,0.0,0.0042,0.0129,0.021400000000000002,-0.07012073360774285,-0.789885288108047,0.00434,0.0037600000000000003,0.0005799999999999998,0.47965951991354294,0
2022-03-21,140.35000610351562,140.75999450683594,138.72999572753906,139.64999389648438,124.09461212158203,12676100,0.0,23.530000686645508,0.54,1.4,2.32,-0.0032172562004152824,0.3948825093570151,0.0,0.0,0.0054,0.013999999999999999,0.0232,-0.014243826587096553,-0.812265473413363,0.004520000000000001,0.003855,0.0006650000000000007,0.49646925013418386,0
2022-03-22,142.27000427246094,143.92999267578125,141.72000122070312,142.6199951171875,126.73379516601562,13548600,0.0,22.940000534057617,0.51,1.59,2.38,0.0210445098608382,0.4033193418349563,0.0,0.0,0.0051,0.0159,0.023799999999999998,-0.025074378893781613,-0.8054152246179279,0.004620000000000001,0.0039250000000000005,0.0006950000000000003,0.514635745175384,0
2022-03-23,140.97999572753906,141.58999633789062,139.1999969482422,139.77999877929688,124.21014404296875,12093200,0.0,23.56999969482422,0.5,1.52,2.32,-0.02011394428079561,0.4075544804043947,0.0,0.0,0.005,0.0152,0.0232,0.02746290959458708,-0.818711282229622,0.00474,0.004005,0.0007350000000000004,0.4947250518890375,0
2022-03-24,140.3000030517578,140.7100067138672,139.11000061035156,140.69000244140625,125.01876831054688,10017600,0.0,21.670000076293945,0.52,1.55,2.34,0.006489031287508317,0.40408262292795477,0.0,0.0,0.0052,0.0155,0.023399999999999997,-0.08061093097712246,-0.8127492066366997,0.00498,0.004104999999999999,0.0008750000000000008,0.5383127481419934,0
2022-03-25,141.08999633789062,143.17999267578125,140.8000030517578,141.9199981689453,126.11174011230469,8383500,0.0,20.809999465942383,0.55,1.67,2.48,0.008704467725687063,0.3947442541116246,0.0,0.0,0.0055000000000000005,0.0167,0.0248,-0.03968623014876527,-0.8428172919000048,0.005240000000000001,0.004215,0.0010250000000000007,0.5725820954888116,0
2022-03-28,140.0,140.97000122070312,137.89999389648438,140.8699951171875,125.17870330810547,10818100,0.0,19.6299991607666,0.59,1.69,2.46,-0.007425997417348734,0.38520078397952984,0.0,0.0,0.0059,0.0169,0.0246,-0.056703524048953846,-0.8171060964995296,0.00534,0.004335,0.0010049999999999998,0.571091570314803,0
2022-03-29,143.35000610351562,143.60000610351562,140.24000549316406,141.17999267578125,125.45417022705078,11316500,0.0,18.899999618530273,0.55,1.67,2.41,0.002198171580449646,0.356402460196551,0.0,0.0,0.0055000000000000005,0.0167,0.0241,-0.03718795585561396,-0.7877964029939394,0.00542,0.004450000000000001,0.0009699999999999995,0.6081755324635598,0
2022-03-30,141.89999389648438,142.1199951171875,139.91000366210938,140.5399932861328,124.88549041748047,8771000,0.0,19.329999923706055,0.55,1.64,2.35,-0.004543273617119854,0.328836956027977,0.0,0.0,0.0055000000000000005,0.016399999999999998,0.0235,0.02275133935739304,-0.7417415786742183,0.005520000000000001,0.004555,0.0009650000000000006,0.6222240519902529,0
2022-03-31,139.8300018310547,140.35000610351562,136.25999450683594,136.32000732421875,121.13552856445312,17353900,0.0,20.559999465942383,0.52,1.63,2.32,-0.030487251221415324,0.3387947006277448,0.0,0.0,0.0052,0.0163,0.0232,0.06363163720077791,-0.756512019713903,0.005520000000000001,0.004625000000000001,0.000895,0.5742950525971222,0
2022-04-01,137.39999389648438,137.41000366210938,133.8000030517578,135.30999755859375,120.23802185058594,15721300,0.0,19.6299991607666,0.53,1.72,2.39,-0.00743669593178517,0.33886528837654023,0.0,0.0,0.0053,0.0172,0.0239,-0.04523347905316466,-0.7436690598666242,0.0054800000000000005,0.00472,0.0007600000000000003,0.5873934885533996,0
2022-04-04,134.1199951171875,136.94000244140625,132.88999938964844,135.91000366210938,120.77118682861328,17416400,0.0,18.56999969482422,0.66,1.72,2.42,0.004424443785410263,0.32408109170620064,0.0,0.0,0.0066,0.0172,0.0242,-0.05399895625369899,-0.7216242985162167,0.00562,0.004860000000000001,0.0007599999999999994,0.6221459402017577,0
2022-04-05,134.07000732421875,135.39999389648438,133.00999450683594,133.33999633789062,119.36573791503906,12110300,0.0,21.030000686645508,0.65,1.77,2.54,-0.01170552977518988,0.293910009435984,0.0,0.0,0.006500000000000001,0.0177,0.0254,0.13247178418139316,-0.5880178325762954,0.0058200000000000005,0.005005000000000001,0.0008149999999999998,0.6034943809866782,0
2022-04-06,131.5800018310547,132.55999755859375,130.9600067138672,131.49000549316406,117.70962524414062,12914700,0.0,22.100000381469727,0.67,1.79,2.61,-0.01397141894670123,0.29750023901818046,0.0,0.0,0.0067,0.0179,0.026099999999999998,0.05087967950013872,-0.6163968089178475,0.006060000000000001,0.00515,0.0009100000000000011,0.5841071394429438,0
2022-04-07,130.9499969482422,131.9199981689453,128.72999572753906,131.08999633789062,117.35154724121094,12994200,0.0,21.549999237060547,0.68,1.78,2.66,-0.0030466816456752037,0.26406328446075406,0.0,0.0,0.0068000000000000005,0.0178,0.026600000000000002,-0.02488692918169999,-0.5935333555630891,0.006380000000000001,0.005295,0.001085000000000001,0.5667654644432889,0
2022-04-08,131.6699981689453,133.89999389648438,131.49000549316406,133.49000549316406,119.50003051757812,13126900,0.0,21.15999984741211,0.7,1.81,2.72,0.018142519696623175,0.26818201357214516,0.0,0.0,0.006999999999999999,0.0181,0.027200000000000002,-0.018097420113952323,-0.6315574483632626,0.006720000000000001,0.005445,0.001275000000000001,0.5902232122314127,0
2022-04-11,133.0,134.89999389648438,132.57000732421875,133.0,119.06138610839844,10466400,0.0,24.3700008392334,0.77,1.85,2.79,-0.003677416991511711,0.25472091846949496,0.0,0.0,0.0077,0.018500000000000003,0.0279,0.15170137121782057,-0.5645730231581495,0.00694,0.005605,0.0013350000000000002,0.5557604079075117,0
2022-04-12,132.13999938964844,134.5800018310547,130.6999969482422,131.5399932861328,117.75438690185547,12989900,0.0,24.260000228881836,0.74,1.77,2.72,-0.011038221487993593,0.2567067504772304,0.0,0.0,0.0074,0.0177,0.027200000000000002,-0.0045137712992801005,-0.5864134602294188,0.007120000000000001,0.005745,0.0013750000000000012,0.5448785813446085,0
2022-04-13,126.94000244140625,129.25,126.01000213623047,127.30000305175781,113.95874786376953,30838000,0.0,21.81999969482422,0.75,1.78,2.7,-0.032764466206315616,0.27401345013072803,0.0,0.0,0.0075,0.0178,0.027000000000000003,-0.10057710268084685,-0.3721716552817763,0.00728,0.005900000000000001,0.0013799999999999993,0.5497451533489743,0
2022-04-14,126.5,128.3000030517578,125.0199966430664,126.12000274658203,112.90241241455078,18835200,0.0,22.700000762939453,0.79,1.84,2.83,-0.009312683424791642,0.21986515773808704,0.0,0.0,0.0079,0.0184,0.028300000000000002,0.04033002201755176,-0.25115130384849454,0.0075000000000000015,0.006095000000000001,0.0014050000000000009,0.505615122646085,0
2022-04-18,125.66999816894531,129.24000549316406,125.54000091552734,128.4600067138672,114.99718475341797,11834400,0.0,22.170000076293945,0.81,1.84,2.85,0.01838380902039596,0.2262444847835023,0.0,0.0,0.008100000000000001,0.0184,0.0285,-0.023348047085126056,-0.23815184540625825,0.00772,0.00629,0.0014300000000000007,0.5166462194165033,0
2022-04-19,128.4499969482422,131.32000732421875,128.22999572753906,131.1199951171875,117.37841033935547,15015400,0.0,21.3700008392334,0.81,1.94,2.93,0.020495344522178483,0.24127033727436534,0.0,0.0,0.008100000000000001,0.0194,0.029300000000000003,-0.03608476474097866,-0.25700441795118567,0.007800000000000001,0.006425,0.0013750000000000012,0.5404809770378006,0
2022-04-20,132.52000427246094,133.50999450683594,131.33999633789062,131.5800018310547,117.79020690917969,13430200,0.0,20.31999969482422,0.82,1.93,2.85,0.0035021423821988158,0.24224573880190137,0.0,0.0,0.008199999999999999,0.019299999999999998,0.0285,-0.04913435204370564,-0.2673202627088553,0.00796,0.006580000000000001,0.0013799999999999993,0.5594731369070479,0
2022-04-21,132.22000122070312,132.80999755859375,129.9600067138672,130.55999755859375,116.8770980834961,12174200,0.0,22.68000030517578,0.83,2.01,2.9,-0.007782195598647607,0.2270764624173552,0.0,0.0,0.0083,0.020099999999999996,0.028999999999999998,0.1161417640647251,-0.26358977025241476,0.00812,0.006745000000000001,0.0013749999999999995,0.5086169429652565,0
2022-04-22,130.27999877929688,130.52000427246094,126.69000244140625,126.80999755859375,113.52008819580078,14318800,0.0,28.209999084472656,0.83,2.06,2.9,-0.029143129194171745,0.23715269930342361,0.0,0.0,0.0083,0.0206,0.028999999999999998,0.2438271033900683,-0.41618837782173235,0.0082,0.006900000000000001,0.0013,0.42428193758541277,0
2022-04-25,126.01000213623047,127.12000274658203,123.11000061035156,126.7699966430664,113.48429107666016,17149000,0.0,27.020000457763672,0.91,2.03,2.81,-0.0003153870383653519,0.23441306401406564,0.0,0.0,0.0091,0.0203,0.0281,-0.042183575516809735,-0.3977265089832727,0.0084,0.00708,0.0013199999999999991,0.4372231706905716,0
2022-04-26,124.63999938964844,126.41000366210938,122.87000274658203,123.0199966430664,110.12728881835938,17209500,0.0,33.52000045776367,0.83,1.99,2.77,-0.030027554869717116,0.244860090576206,0.0,0.0,0.0083,0.0199,0.0277,0.2405625421864992,-0.48347014023117846,0.00844,0.007200000000000001,0.001239999999999999,0.32135767167028995,0
2022-04-27,122.33000183105469,123.55999755859375,121.22000122070312,121.41999816894531,108.69497680664062,17215200,0.0,31.600000381469727,0.82,1.97,2.82,-0.013091286333081441,0.24592762066656446,0.0,0.0,0.008199999999999999,0.0197,0.0282,-0.05727923777069188,-0.46545590593560227,0.00844,0.0073349999999999995,0.001105,0.34540033689009647,0
2022-04-28,122.80999755859375,123.6500015258789,121.13999938964844,123.33999633789062,110.41374206542969,13015600,0.0,29.989999771118164,0.82,2.04,2.85,0.01568901979800453,0.2563153884247476,0.0,0.0,0.008199999999999999,0.0204,0.0285,-0.050949385788478296,-0.481094434553794,0.00842,0.00747,0.0009500000000000003,0.3764191147246029,0
2022-04-29,123.05000305175781,123.61000061035156,118.9000015258789,119.36000061035156,106.85086822509766,14874800,0.0,33.400001525878906,0.85,2.1,2.89,-0.032800493950454604,0.2723675284501596,0.0,0.0,0.0085,0.021,0.028900000000000002,0.11370462756871169,-0.5086310025051622,0.008459999999999999,0.007635,0.0008249999999999985,0.3109093821687815,0
2022-05-02,119.87999725341797,120.70999908447266,118.22000122070312,120.44999694824219,107.82664489746094,18545000,0.0,32.34000015258789,0.9,2.1,2.99,0.009090690292266376,0.26453994227996613,0.0,0.0,0.009000000000000001,0.021,0.029900000000000003,-0.031736566612720285,-0.5234457129876308,0.00844,0.00782,0.000619999999999999,0.34960298754143937,0
2022-05-03,121.52999877929688,124.16999816894531,120.77999877929688,123.02999877929688,110.13624572753906,15720900,0.0,29.25,0.91,2.16,2.97,0.02119339921763671,0.28009051522095324,0.0,0.0,0.0091,0.0216,0.0297,-0.09554731410044925,-0.5744373595691749,0.0086,0.007944999999999999,0.0006550000000000011,0.4107655031968735,0
2022-05-04,122.80000305175781,127.4000015258789,122.73999786376953,127.0999984741211,113.77969360351562,17128500,0.0,25.420000076293945,0.89,2.07,2.93,0.03254586954723393,0.30665494599807563,0.0,0.0,0.0089,0.0207,0.029300000000000003,-0.13094016833183098,-0.6227072641851918,0.008740000000000001,0.008065,0.000675000000000002,0.4821913801118598,0
2022-05-05,125.25,126.0999984741211,122.16000366210938,123.91999816894531,110.93297576904297,15055400,0.0,31.200000762939453,0.85,2.08,3.05,-0.025337869395661326,0.31513975795727484,0.0,0.0,0.0085,0.0208,0.0305,0.2273800420652159,-0.6496634501501265,0.0088,0.008154999999999999,0.0006450000000000015,0.39154673123994377,0
2022-05-06,123.80000305175781,124.29000091552734,121.18000030517578,123.72000122070312,110.75393676757812,14417900,0.0,30.190000534057617,0.85,2.08,3.12,-0.0016152423103591128,0.3128596393067787,0.0,0.0,0.0085,0.0208,0.031200000000000002,-0.032371801416157364,-0.6468028201358607,0.0088,0.00824,0.0005599999999999997,0.4133229601538812,0
2022-05-09,122.11000061035156,123.33000183105469,120.5,121.86000061035156,109.08885955810547,14312300,0.0,34.75,0.92,1.99,3.05,-0.015148179310396689,0.3157263019647415,0.0,0.0,0.0092,0.0199,0.0305,0.15104337148978209,-0.6572798780308794,0.00884,0.00835,0.0004900000000000009,0.3410094030651559,0
2022-05-10,123.11000061035156,123.77999877929688,117.55999755859375,118.88999938964844,106.43012237548828,16382400,0.0,32.9900016784668,0.89,2.01,2.99,-0.024674133543542184,0.31361689444568364,0.0,0.0,0.0089,0.020099999999999996,0.029900000000000003,-0.0506474337131857,-0.6002402405448125,0.008799999999999999,0.00841,0.000389999999999998,0.34065356423404386,0
2022-05-11,119.30000305175781,122.88999938964844,117.94000244140625,118.13999938964844,105.75872039794922,14630300,0.0,32.560001373291016,0.91,1.99,2.91,-0.006328364955154688,0.31355555773356375,0.0,0.0,0.0091,0.0199,0.0291,-0.01303426139127628,-0.6219271999267663,0.00884,0.008494999999999999,0.00034500000000000156,0.34521540970988374,0
2022-05-12,117.0,118.31999969482422,115.37000274658203,118.04000091552734,105.66919708251953,16318800,0.0,31.770000457763672,0.96,1.96,2.84,-0.0008468448428818471,0.31333296673685357,0.0,0.0,0.0096,0.0196,0.028399999999999998,-0.02426292635771765,-0.6281104580371908,0.00906,0.0086,0.00046000000000000034,0.3625617909730196,0
2022-05-13,119.41000366210938,120.25,117.95999908447266,119.08999633789062,106.6091537475586,10443200,0.0,28.8700008392334,1.03,2.04,2.93,0.008855946021642648,0.30001420136313683,0.0,0.0,0.0103,0.0204,0.029300000000000003,-0.09128106946002879,-0.7704835857517508,0.009420000000000001,0.00872,0.000700000000000001,0.42874370175162213,0
2022-05-16,118.54000091552734,119.45999908447266,117.2300033569336,118.26000213623047,105.86614227294922,10269000,0.0,27.469999313354492,1.07,2.07,2.88,-0.006993890745823322,0.2995235783135284,0.0,0.0,0.010700000000000001,0.0207,0.0288,-0.04849329702742333,-0.7571823327655065,0.009720000000000001,0.00885,0.000870000000000001,0.45011395929681863,0
2022-05-17,121.04000091552734,122.97000122070312,120.80999755859375,122.18000030517578,109.37533569335938,11160200,0.0,26.100000381469727,1.06,2.16,2.98,0.03260992651805377,0.31596208216612104,0.0,0.0,0.0106,0.0216,0.0298,-0.04987255064177387,-0.7460317810022283,0.010060000000000001,0.008975,0.001085000000000001,0.4781435159617886,0
2022-05-18,121.30000305175781,121.97000122070312,119.52999877929688,120.08999633789062,107.50436401367188,12664900,0.0,30.959999084472656,1.03,2.16,2.89,-0.017253971649736185,0.3084879312142984,0.0,0.0,0.0103,0.0216,0.028900000000000002,0.18620684413680677,-0.7528649891402291,0.0103,0.00908,0.0012200000000000006,0.38627983927001397,0
2022-05-19,118.19000244140625,119.6500015258789,117.62999725341797,118.30999755859375,105.9109115600586,12765800,0.0,29.350000381469727,1.05,2.11,2.84,-0.014933158470256617,0.30930925065774223,0.0,0.0,0.0105,0.021099999999999997,0.028399999999999998,-0.05200254362444057,-0.7211430370702391,0.01048,0.00919,0.0012899999999999995,0.3982949297095835,0
2022-05-20,119.45999908447266,119.66999816894531,115.0199966430664,117.33999633789062,105.04256439208984,13150100,0.0,29.43000030517578,1.03,2.07,2.78,-0.008232640571533589,0.30936309128435346,0.0,0.0,0.0103,0.0207,0.0278,0.002725721385562929,-0.7249779247346807,0.01048,0.00929,0.00119,0.3968845229615481,0
2022-05-23,120.45999908447266,126.56999969482422,120.44999694824219,124.5999984741211,111.54170227050781,24376700,0.0,28.479999542236328,1.07,2.09,2.86,0.060032889192064495,0.37022509198012976,0.0,0.0,0.010700000000000001,0.0209,0.0286,-0.03228001199756625,-0.6045296705527912,0.01048,0.00937,0.0011099999999999999,0.4635301414084646,0
2022-05-24,124.36000061035156,127.48999786376953,123.11000061035156,126.36000061035156,113.11726379394531,19324900,0.0,29.450000762939453,1.06,2.02,2.76,0.014026480959737037,0.37379604233562835,0.0,0.0,0.0106,0.0202,0.0276,0.03405903217324835,-0.5932425034680121,0.01048,0.009484999999999999,0.000995000000000001,0.4582167344823899,0
2022-05-25,126.27999877929688,127.86000061035156,125.16999816894531,127.23999786376953,113.905029296875,12780400,0.0,28.3700008392334,1.06,2.01,2.75,0.006940011520581163,0.3581804666811679,0.0,0.0,0.0106,0.020099999999999996,0.0275,-0.03667232243556173,-0.5422853582855562,0.01054,0.009604999999999999,0.0009350000000000018,0.4956420958981771,0
2022-05-26,128.3699951171875,130.19000244140625,128.2100067138672,129.44000244140625,115.87447357177734,15990900,0.0,27.5,1.07,1.99,2.75,0.017142455955463213,0.3578608647948738,0.0,0.0,0.010700000000000001,0.0199,0.0275,-0.030666225361201227,-0.5753144043448878,0.01058,0.009729999999999999,0.0008500000000000018,0.5260607414513405,0
2022-05-27,130.16000366210938,131.27000427246094,129.13999938964844,131.27000427246094,117.51270294189453,11177800,0.0,25.719999313354492,1.08,2.01,2.74,0.014038957078699715,0.3571713120757287,0.0,0.0,0.0108,0.020099999999999996,0.0274,-0.06472729769620034,-0.575689013747447,0.01068,0.009845000000000001,0.0008349999999999989,0.550494430777174,0
2022-05-31,130.17999267578125,133.14999389648438,129.7100067138672,132.22999572753906,118.3720703125,17015000,0.0,26.190000534057617,1.16,2.08,2.85,0.007286364107433921,0.3327501542612542,0.0,0.0,0.0116,0.0208,0.0285,0.018273764900883505,-0.5257515498638968,0.01086,0.009975000000000001,0.0008849999999999986,0.5676447091320467,0
2022-06-01,132.8699951171875,132.8699951171875,128.6699981689453,129.91000366210938,116.29521179199219,10768000,0.0,25.690000534057617,1.15,2.16,2.94,-0.01770091449294285,0.3413073266980887,0.0,0.0,0.0115,0.0216,0.0294,-0.019091255815355868,-0.503757807352169,0.01104,0.010095000000000002,0.0009449999999999979,0.5588366117671634,0
2022-06-02,129.89999389648438,132.00999450683594,128.6699981689453,132.0,118.16618347167969,8374800,0.0,24.719999313354492,1.17,2.15,2.92,0.015960080699494686,0.33837726923346834,0.0,0.0,0.011699999999999999,0.0215,0.0292,-0.03775792917626375,-0.48783708506407314,0.011260000000000001,0.010235,0.0010250000000000016,0.5695717743360715,0
2022-06-03,131.2100067138672,131.77000427246094,129.99000549316406,130.16000366210938,116.51899719238281,8596000,0.0,24.790000915527344,1.21,2.18,2.96,-0.014037642457529665,0.3259871554635748,0.0,0.0,0.0121,0.0218,0.0296,0.0028317801018318267,-0.42355567659001814,0.01154,0.010415,0.0011249999999999993,0.5408439704030963,0
2022-06-06,131.08999633789062,132.38999938964844,129.4600067138672,129.72999572753906,116.13407897949219,11323500,0.0,25.06999969482422,1.26,2.23,3.04,-0.003308948847223128,0.3120837005646173,0.0,0.0,0.0126,0.0223,0.0304,0.011294827307630095,-0.3239239197207802,0.011899999999999999,0.010620000000000001,0.0012799999999999982,0.54995844013633,0
2022-06-07,128.8300018310547,130.32000732421875,128.6199951171875,130.07000732421875,116.4384536743164,6722200,0.0,24.020000457763672,1.26,2.26,2.98,0.0026174618741633794,0.3117791049649933,0.0,0.0,0.0126,0.0226,0.0298,-0.041882698438058696,-0.3272207068994933,0.0121,0.01079,0.0013100000000000004,0.5674703975344015,0
2022-06-08,129.0,129.4499969482422,126.9000015258789,128.0,114.58538818359375,8422100,0.0,23.959999084472656,1.28,2.29,3.03,-0.016042545377403693,0.31242749026140276,0.0,0.0,0.0128,0.0229,0.030299999999999997,-0.0024979755265417403,-0.26817231590230695,0.01236,0.010985,0.0013749999999999995,0.567794770761167,0
2022-06-09,127.37000274658203,128.10000610351562,125.2699966430664,125.30999755859375,112.17728424072266,13560100,0.0,26.09000015258789,1.3,2.35,3.04,-0.021239778546819497,0.30889228489652454,0.0,0.0,0.013000000000000001,0.0235,0.0304,0.08889821158196898,-0.4024092595186089,0.012620000000000001,0.011179999999999999,0.001440000000000002,0.5394256542199629,0
2022-06-10,122.58999633789062,123.4000015258789,119.31999969482422,119.55000305175781,107.02095794677734,12945200,0.0,27.75,1.39,2.58,3.15,-0.04705583090007481,0.35268184851670886,0.0,0.0,0.0139,0.0258,0.0315,0.06362590408982616,-0.46922900914073307,0.01298,0.011394999999999999,0.0015850000000000013,0.4914806861787944,0
2022-06-13,116.86000061035156,117.94999694824219,115.05999755859375,115.98999786376953,103.83403778076172,16805600,0.0,34.02000045776367,1.73,2.89,3.43,-0.030230850001820814,0.36849822388914927,0.0,0.0,0.0173,0.028900000000000002,0.034300000000000004,0.2259459624419342,-0.5326528242864639,0.013919999999999998,0.011745,0.002174999999999998,0.3844635484759197,0
2022-06-14,115.55000305175781,117.31999969482422,113.22000122070312,114.05999755859375,102.10631561279297,13357900,0.0,32.689998626708984,1.83,3.15,3.49,-0.01677925355601065,0.3706979323423421,0.0,0.0,0.0183,0.0315,0.0349,-0.03909470350260291,-0.49807364490853084,0.01506,0.012125,0.002935,0.38819502917244175,0
2022-06-15,115.62000274658203,116.94999694824219,113.16999816894531,115.41000366210938,103.31483459472656,14083500,0.0,29.6200008392334,1.74,2.93,3.33,0.011766392348263682,0.3732364203000164,0.0,0.0,0.0174,0.029300000000000003,0.0333,-0.09391244773461938,-0.5249031448266327,0.01598,0.012465,0.0035150000000000008,0.4431970514718385,0
2022-06-16,113.86000061035156,114.26000213623047,111.87000274658203,113.43000030517578,101.54234313964844,16724900,0.0,32.95000076293945,1.59,2.88,3.28,-0.017305087455357356,0.35598269255580384,0.0,0.0,0.0159,0.0288,0.032799999999999996,0.11242403205118334,-0.5201845268276135,0.01656,0.012745000000000001,0.003814999999999997,0.36593808705722,0
2022-06-17,113.54000091552734,114.62999725341797,112.16000366210938,113.02999877929688,101.18424224853516,30919900,0.0,31.1299991607666,1.63,2.86,3.25,-0.0035328495557999475,0.35247765145370463,0.0,0.0,0.0163,0.0286,0.0325,-0.05523525220126546,-0.5122651389364578,0.01704,0.013035,0.004005,0.4000924471401306,0
2022-06-21,115.87000274658203,117.02999877929688,115.04000091552734,115.83000183105469,103.6908187866211,11680500,0.0,30.190000534057617,1.7,2.92,3.31,0.024470539302002055,0.3618134524174931,0.0,0.0,0.017,0.0292,0.0331,-0.030195909156774836,-0.5526371585162461,0.01698,0.013370000000000002,0.003609999999999997,0.43696886803816415,0
2022-06-22,114.87999725341797,116.19999694824219,114.38999938964844,115.18000030517578,103.10894012451172,9842700,0.0,28.950000762939453,1.61,2.79,3.16,-0.0056274746235001095,0.361270217832654,0.0,0.0,0.0161,0.0279,0.0316,-0.041073194739407515,-0.5421392421276093,0.01654,0.01364,0.0029,0.45622498914761933,0
2022-06-23,115.01000213623047,115.18000030517578,111.4800033569336,113.91999816894531,101.98099517822266,11851500,0.0,29.049999237060547,1.65,2.78,3.09,-0.010999626259310866,0.28639108167652105,0.0,0.0,0.0165,0.0278,0.030899999999999997,0.003454178635086791,-0.604415884749769,0.01636,0.013935,0.002425,0.4125158944505779,0
2022-06-24,113.2300033569336,117.81999969482422,112.83000183105469,117.31999969482422,105.02466583251953,14841100,0.0,27.229999542236328,1.73,2.83,3.13,0.029408761118439236,0.3032333834965518,0.0,0.0,0.0173,0.028300000000000002,0.0313,-0.06265059354983915,-0.6603482255184205,0.01664,0.01427,0.002369999999999999,0.44765901186163276,0
2022-06-27,118.05999755859375,118.5,115.63999938964844,116.37999725341797,104.18318176269531,11280500,0.0,26.950000762939453,1.79,2.89,3.2,-0.008044522397216215,0.3011470439450433,0.0,0.0,0.0179,0.028900000000000002,0.032,-0.01028273169313021,-0.6531060545277919,0.01696,0.014629999999999999,0.0023300000000000005,0.44273762940854233,0
2022-06-28,117.66999816894531,119.29000091552734,115.5999984741211,115.81999969482422,103.68185424804688,11590900,0.0,28.360000610351562,1.79,2.88,3.2,-0.004823596082390081,0.2909276465267039,0.0,0.0,0.0179,0.0288,0.032,0.05231910231895376,-0.644725495469486,0.01714,0.014985000000000002,0.002154999999999997,0.4095298128633081,0
2022-06-29,116.0,116.81999969482422,114.7300033569336,115.30000305175781,103.21636199951172,9338400,0.0,28.15999984741211,1.78,2.88,3.1,-0.0044997297937238515,0.2823669180351934,0.0,0.0,0.0178,0.0288,0.031,-0.007052212927895818,-0.6256437065933078,0.017480000000000002,0.015295,0.002185000000000003,0.40135060566917236,0
2022-06-30,113.16999816894531,114.08000183105469,110.93000030517578,112.61000061035156,100.80826568603516,15172600,0.0,28.709999084472656,1.72,2.8,2.98,-0.023607033858284297,0.28408170018115225,0.0,0.0,0.0172,0.027999999999999997,0.0298,0.019531223012811516,-0.6367110502075252,0.01762,0.01558,0.00204,0.3751084741228923,0
2022-07-01,112.6500015258789,114.41999816894531,111.16000366210938,114.05000305175781,102.09737396240234,10573600,0.0,26.700000762939453,1.73,2.79,2.88,0.012706651460231437,0.2899909689548139,0.0,0.0,0.0173,0.0279,0.0288,-0.07001039309054802,-0.6740805493963207,0.01762,0.015860000000000003,0.0017599999999999977,0.4219081232676387,0
2022-07-05,110.7699966430664,112.70999908447266,109.30000305175781,112.62000274658203,101.70903778076172,12514200,0.0,27.540000915527344,1.9,2.77,2.82,-0.003810838415596428,0.2788271203267707,0.0,0.0,0.019,0.0277,0.0282,0.031460678973232126,-0.6636306906199886,0.01784,0.016205,0.001635000000000001,0.3981457156415228,0
2022-07-06,111.7300033569336,112.98999786376953,110.79000091552734,111.88999938964844,101.04973602294922,10656200,0.0,26.729999542236328,1.9,2.82,2.93,-0.006503334668250769,0.27769850273922697,0.0,0.0,0.019,0.0282,0.029300000000000003,-0.029411813593453018,-0.6640160535181966,0.01806,0.016525,0.0015349999999999982,0.4141960862936417,0
2022-07-07,113.5,114.9000015258789,113.4000015258789,114.72000122070312,103.60557556152344,10347400,0.0,26.079999923706055,1.95,2.87,3.01,0.024978315033370654,0.29865511582382137,0.0,0.0,0.0195,0.0287,0.0301,-0.024317232684692103,-0.6488422764833508,0.0184,0.016870000000000003,0.0015299999999999966,0.44031481028516783,0
2022-07-08,115.16000366210938,115.6500015258789,113.61000061035156,114.36000061035156,103.28045654296875,8807800,0.0,24.639999389648438,1.98,2.96,3.09,-0.0031429795707644597,0.29736176112634355,0.0,0.0,0.019799999999999998,0.0296,0.030899999999999997,-0.05521474456557396,-0.6390839046558788,0.01892,0.01722,0.0017000000000000001,0.4574471286525481,0
2022-07-11,113.55000305175781,114.2300033569336,112.22000122070312,112.86000061035156,101.92578887939453,7939500,0.0,26.170000076293945,2.18,2.97,2.99,-0.013203178489788546,0.2962793651139059,0.0,0.0,0.0218,0.0297,0.029900000000000003,0.062094185249382816,-0.6505148722053046,0.019819999999999997,0.01766,0.0021599999999999987,0.43729100169243673,0
2022-07-12,112.58000183105469,115.18000030517578,112.26000213623047,112.97000122070312,102.02511596679688,11250900,0.0,27.290000915527344,2.22,3.07,2.96,0.0009740294639060897,0.2914343065948017,0.0,0.0,0.0222,0.030699999999999998,0.0296,0.04279712785511025,-0.6196844239728346,0.02046,0.018075,0.0023849999999999982,0.43452149286139674,0
2022-07-13,111.75,112.4800033569336,110.37999725341797,111.91000366210938,101.06781005859375,12979900,0.0,26.81999969482422,2.39,3.21,2.91,-0.009427339661239856,0.24816942458382288,0.0,0.0,0.0239,0.0321,0.0291,-0.01722246994999932,-0.6162710973056964,0.021439999999999997,0.018404999999999998,0.0030349999999999995,0.463630350992669,0
2022-07-14,107.98999786376953,108.2300033569336,106.05999755859375,108.0,97.53662872314453,26204800,0.0,26.399999618530273,2.4,3.16,2.96,-0.03556369161499965,0.25617518979887705,0.0,0.0,0.024,0.0316,0.0296,-0.01565995828012623,-0.4445302008394821,0.022340000000000002,0.01869,0.003650000000000004,0.4664530422041054,0
2022-07-15,109.16000366210938,113.87999725341797,107.66999816894531,112.94999694824219,102.0070571899414,18863900,0.0,24.229999542236328,2.37,3.12,2.93,0.04481401236178883,0.2995512162022361,0.0,0.0,0.023700000000000002,0.031200000000000002,0.029300000000000003,-0.08219697377460611,-0.5521369642937286,0.02312,0.019005,0.004115000000000001,0.5341002047094088,0
2022-07-18,114.7699966430664,115.83999633789062,111.29000091552734,111.79000091552734,100.95943450927734,13977900,0.0,25.299999237060547,2.5,3.13,2.96,-0.010323201386664116,0.2983466081580676,0.0,0.0,0.025,0.0313,0.0296,0.04416012030702099,-0.5498223184492972,0.02376,0.019459999999999998,0.004300000000000002,0.5056735683948316,0
2022-07-19,113.12999725341797,114.94000244140625,112.66999816894531,114.55999755859375,103.46107482910156,11862300,0.0,24.5,2.52,3.18,3.01,0.02447665571775355,0.3047868689222138,0.0,0.0,0.0252,0.0318,0.0301,-0.031620524157513485,-0.5416698155383637,0.02436,0.019905,0.004455000000000001,0.5419665010205732,0
2022-07-20,114.0999984741211,114.73999786376953,113.4800033569336,114.54000091552734,103.44298553466797,11667500,0.0,23.8799991607666,2.51,3.18,3.04,-0.0001748568341083205,0.3043944183239828,0.0,0.0,0.025099999999999997,0.0318,0.0304,-0.02530615670340397,-0.566810129963732,0.024600000000000004,0.02031,0.004290000000000002,0.5528180333755488,0
2022-07-21,114.44000244140625,115.52999877929688,113.37000274658203,115.31999969482422,104.14743041992188,11595900,0.0,23.110000610351562,2.48,3.11,2.91,0.00678689896182377,0.2932102291306899,0.0,0.0,0.0248,0.0311,0.0291,-0.03224449654420847,-0.5671807315508522,0.024759999999999997,0.020745,0.004014999999999998,0.5532865373957692,0
2022-07-22,115.23999786376953,116.25,113.66999816894531,114.76000213623047,103.64169311523438,7645500,0.0,23.030000686645508,2.49,3.01,2.77,-0.00486780342228537,0.29303144435848466,0.0,0.0,0.024900000000000002,0.0301,0.0277,-0.003461701496893066,-0.5890641142657762,0.025,0.021164999999999996,0.003835000000000005,0.5548810073749528,0
2022-07-25,115.83999633789062,116.45999908447266,114.7699966430664,115.22000122070312,104.05712890625,9394000,0.0,23.360000610351562,2.62,3.07,2.81,0.004000372664512268,0.2903735592722065,0.0,0.0,0.0262,0.030699999999999998,0.0281,0.014329132169649261,-0.5751227917633521,0.025240000000000002,0.021609999999999997,0.0036300000000000048,0.5590976502046593,0
2022-07-26,114.58000183105469,115.58000183105469,113.02999877929688,113.41999816894531,102.43153381347656,10675100,0.0,24.690000534057617,2.55,3.06,2.81,-0.015745452132022726,0.2764269168869284,0.0,0.0,0.0255,0.030600000000000002,0.0281,0.056934926753241966,-0.5505173422761616,0.0253,0.021990000000000003,0.003309999999999997,0.513229641487523,0
2022-07-27,114.01000213623047,115.73999786376953,113.30000305175781,115.23999786376953,104.07518768310547,9337400,0.0,23.239999771118164,2.44,3.0,2.78,0.015918983827597127,0.281360675970913,0.0,0.0,0.024399999999999998,0.03,0.0278,-0.058728259683077266,-0.5803489967132583,0.02516,0.022314999999999998,0.0028450000000000003,0.5481975748456196,0
2022-07-28,115.25,115.9800033569336,113.52999877929688,114.80999755859375,103.68685150146484,10384800,0.0,22.329999923706055,2.42,2.93,2.68,-0.0037382828490393014,0.2811536781138955,0.0,0.0,0.0242,0.029300000000000003,0.0268,-0.0391566203259186,-0.5756872540959241,0.02504,0.022635,0.002405000000000001,0.5618370937618612,0
2022-07-29,115.58999633789062,116.5,114.79000091552734,115.36000061035156,104.1835708618164,12944500,0.0,21.329999923706055,2.41,2.98,2.67,0.004779134040635152,0.2811189460969648,0.0,0.0,0.0241,0.0298,0.026699999999999998,-0.04478280355650055,-0.5756432520813254,0.02488,0.02298,0.001899999999999999,0.5816387998682717,0
2022-08-01,114.5,115.11000061035156,113.06999969482422,114.20999908447266,103.14496612548828,14740400,0.0,22.84000015258789,2.56,2.98,2.6,-0.010019010787268127,0.27019976522315153,0.0,0.0,0.0256,0.0298,0.026000000000000002,0.07079232228236565,-0.5645371659411937,0.024759999999999997,0.023395,0.0013649999999999982,0.5681662605347824,0
2022-08-02,113.91999816894531,114.4000015258789,112.2699966430664,112.43000030517578,101.53743743896484,14942900,0.0,23.93000030517578,2.56,3.09,2.75,-0.01570786458885566,0.2727257423566907,0.0,0.0,0.0256,0.030899999999999997,0.0275,0.04772329883125637,-0.5729920482092564,0.024780000000000003,0.023725000000000003,0.0010550000000000004,0.5356892115157506,0
2022-08-03,113.44999694824219,114.0999984741211,111.70999908447266,113.61000061035156,102.60311889648438,14394500,0.0,21.950000762939453,2.52,3.14,2.73,0.010440758636212294,0.27484914435748636,0.0,0.0,0.0252,0.031400000000000004,0.0273,-0.08274130869142016,-0.5796037602354389,0.02494,0.024035,0.0009049999999999996,0.5724438727486707,0
2022-08-04,112.8499984741211,113.31999969482422,111.0199966430664,112.36000061035156,101.47420501708984,18033900,0.0,21.440000534057617,2.5,3.11,2.68,-0.011063702455146417,0.2767433518298683,0.0,0.0,0.025,0.0311,0.0268,-0.02323463376561352,-0.5757348539382414,0.0251,0.02431,0.0007900000000000025,0.577011443546273,0
2022-08-05,112.52999877929688,116.19000244140625,112.05000305175781,115.76000213623047,104.5447998046875,14174600,0.0,21.149999618530273,2.58,3.29,2.83,0.029811057380835507,0.2826390363851995,0.0,0.0,0.0258,0.0329,0.028300000000000002,-0.013526161767891565,-0.5504588691606146,0.02544,0.02461,0.0008300000000000009,0.5840288751011635,0
2022-08-08,116.25,116.69999694824219,114.18000030517578,114.3499984741211,103.27141571044922,10332500,0.0,21.290000915527344,2.65,3.3,2.77,-0.012255059386309228,0.2858348622751151,0.0,0.0,0.0265,0.033,0.0277,0.006619446785919081,-0.5778706046603862,0.025619999999999997,0.024845,0.0007749999999999979,0.5766059993467997,0
2022-08-09,114.75,115.98999786376953,114.37000274658203,115.37999725341797,104.20162200927734,10233800,0.0,21.770000457763672,2.67,3.33,2.8,0.00896706909072359,0.28324132649328954,0.0,0.0,0.026699999999999998,0.0333,0.027999999999999997,0.02254577367755073,-0.5355525563413991,0.025839999999999995,0.025070000000000002,0.0007699999999999929,0.5829488668453897,0
2022-08-10,117.95999908447266,119.37000274658203,117.5,118.38999938964844,106.92001342773438,12847300,0.0,19.739999771118164,2.65,3.26,2.78,0.025753321351494704,0.2958807145814986,0.0,0.0,0.0265,0.0326,0.0278,-0.09324761800459969,-0.6023349396362763,0.0261,0.0252,0.0009000000000000015,0.6266839580837208,0
2022-08-11,119.9000015258789,121.19999694824219,119.30999755859375,120.13999938964844,108.5004653930664,11684900,0.0,20.200000762939453,2.62,3.25,2.87,0.014673445450880942,0.2956935572129184,0.0,0.0,0.0262,0.0325,0.0287,0.023302988710988792,-0.57119496494653,0.026340000000000002,0.02531,0.0010300000000000031,0.6344615058248402,0
2022-08-12,120.66999816894531,122.25,119.44000244140625,122.12999725341797,110.29768371582031,9906700,0.0,19.530000686645508,2.63,3.26,2.84,0.01642846387405384,0.2623925487557725,0.0,0.0,0.0263,0.0326,0.028399999999999998,-0.033168319355867615,-0.6637264801410664,0.026439999999999998,0.02544,0.0009999999999999974,0.6749758623388566,0
2022-08-15,121.13999938964844,122.72000122070312,120.5999984741211,122.45999908447266,110.59569549560547,8456200,0.0,19.950000762939453,2.72,3.23,2.79,0.002698242578890889,0.22087739972569376,0.0,0.0,0.027200000000000002,0.0323,0.0279,0.021505379494489052,-0.6034239196523091,0.026580000000000003,0.02555,0.0010300000000000031,0.6439099500583272,0
2022-08-16,122.29000091552734,124.23999786376953,121.87000274658203,123.62999725341797,111.65234375,9555000,0.0,19.690000534057617,2.7,3.26,2.82,0.009508801243657094,0.21546111625912945,0.0,0.0,0.027000000000000003,0.0326,0.0282,-0.013032592428007916,-0.5762801333297393,0.026640000000000004,0.025640000000000003,0.0010000000000000009,0.6594271457434975,0
2022-08-17,122.30000305175781,123.16000366210938,121.69000244140625,122.58999633789062,110.71309661865234,8149300,0.0,19.899999618530273,2.68,3.27,2.89,-0.008447829983201477,0.20760780530558054,0.0,0.0,0.0268,0.0327,0.028900000000000002,0.010665265554941072,-0.5818735455608598,0.0267,0.025724999999999998,0.0009750000000000036,0.6368307503575396,0
2022-08-18,122.23999786376953,122.47000122070312,120.55000305175781,121.63999938964844,109.85513305664062,9531800,0.0,19.559999465942383,2.71,3.24,2.88,-0.007779614411724231,0.21082394308214675,0.0,0.0,0.0271,0.032400000000000005,0.0288,-0.017085435130927973,-0.5713564678640636,0.026880000000000005,0.025840000000000002,0.0010400000000000027,0.6371588258973981,0
2022-08-19,120.62000274658203,120.98999786376953,118.11000061035156,118.62999725341797,107.13674926757812,13464500,0.0,20.600000381469727,2.74,3.26,2.98,-0.025056476595855033,0.2312287187046925,0.0,0.0,0.0274,0.0326,0.0298,0.05316978240915504,-0.6172643187026323,0.027100000000000003,0.025965,0.001135000000000004,0.6033547068255303,0
2022-08-22,116.75,117.16000366210938,115.5,116.66999816894531,105.36666107177734,8967600,0.0,23.799999237060547,2.82,3.32,3.03,-0.01665977155992728,0.23870958514969914,0.0,0.0,0.0282,0.0332,0.030299999999999997,0.1553397473948257,-0.6341849583622927,0.0273,0.026064999999999998,0.0012350000000000035,0.5506442613233483,0
2022-08-23,116.69000244140625,117.29000091552734,115.37999725341797,115.5199966430664,104.32806396484375,7607000,0.0,24.110000610351562,2.8,3.29,3.05,-0.009905881986903226,0.24119793891077945,0.0,0.0,0.027999999999999997,0.0329,0.0305,0.013025268202878415,-0.6361385445887697,0.027500000000000004,0.02619,0.0013100000000000021,0.5379403515938894,0
2022-08-24,115.29000091552734,116.41000366210938,114.44999694824219,115.80000305175781,104.58094787597656,9771300,0.0,22.81999969482422,2.82,3.35,3.11,0.0024209968964188453,0.23424733940236306,0.0,0.0,0.0282,0.0335,0.0311,-0.05350480642350064,-0.6071920060747593,0.02778,0.026380000000000004,0.001399999999999995,0.5671730861877009,0
2022-08-25,116.16000366210938,118.73999786376953,115.68000030517578,118.55000305175781,107.06450653076172,10758900,0.0,21.780000686645508,2.88,3.33,3.03,0.02347012522167355,0.24165488020685924,0.0,0.0,0.0288,0.0333,0.030299999999999997,-0.04557401499065716,-0.6027471311258361,0.02812,0.02661,0.0015099999999999975,0.5865175148327318,0
2022-08-26,119.45999908447266,119.98999786376953,114.5999984741211,114.66999816894531,103.5604019165039,11276200,0.0,25.559999465942383,2.89,3.36,3.04,-0.033276481708220416,0.26954319482576505,0.0,0.0,0.028900000000000002,0.0336,0.0304,0.17355365748976292,-0.7133729353183661,0.02842,0.026850000000000002,0.0015699999999999985,0.5149622655820034,0
2022-08-29,114.0,114.86000061035156,113.45999908447266,114.38999938964844,103.30754852294922,8117300,0.0,26.209999084472656,2.97,3.43,3.12,-0.002444588627081282,0.26907091791853927,0.0,0.0,0.0297,0.034300000000000004,0.031200000000000002,0.02543034554427015,-0.7152009399126141,0.028720000000000002,0.027055000000000003,0.0016649999999999998,0.5013813637409995,0
2022-08-30,115.0,115.58000183105469,113.36000061035156,114.41000366210938,103.32561492919922,10745400,0.0,26.209999084472656,2.97,3.48,3.11,0.00017486453765907487,0.2667877289589811,0.0,0.0,0.0297,0.0348,0.0311,0.0,-0.7092316941987192,0.029059999999999996,0.02726,0.001799999999999996,0.5074491466725037,0
2022-08-31,114.4800033569336,115.02999877929688,113.33999633789062,113.7300033569336,102.71147918701172,10738300,0.0,25.8700008392334,2.96,3.5,3.15,-0.005961427126655426,0.26160491326491037,0.0,0.0,0.0296,0.035,0.0315,-0.01297208153817453,-0.6919316708411699,0.029339999999999998,0.027479999999999997,0.0018600000000000005,0.5181052872637508,0
2022-09-01,113.29000091552734,114.62999725341797,111.91000366210938,114.51000213623047,103.41592407226562,9979800,0.0,25.559999465942383,2.97,3.51,3.26,0.006835070123090928,0.2601810960742279,0.0,0.0,0.0297,0.0351,0.0326,-0.011983044578061208,-0.6922355160047085,0.02952,0.027715,0.001805000000000001,0.520385421300033,0
2022-09-02,115.87000274658203,117.44999694824219,113.19000244140625,113.70999908447266,102.69342041015625,10666600,0.0,25.469999313354492,2.94,3.47,3.2,-0.007010906015393417,0.25830793370779365,0.0,0.0,0.0294,0.0347,0.032,-0.003521132803927185,-0.7157324241103952,0.02962,0.027895000000000003,0.0017249999999999974,0.5240828738704072,0
2022-09-06,114.33000183105469,114.75,112.06999969482422,113.73999786376953,102.72051239013672,9751900,0.0,26.90999984741211,3.04,3.61,3.33,0.00026377938213075934,0.23542707112580413,0.0,0.0,0.0304,0.0361,0.0333,0.056537124965786445,-0.7354778073678352,0.029759999999999998,0.028089999999999997,0.0016700000000000013,0.485934055834198,0
2022-09-07,113.12999725341797,116.11000061035156,112.76000213623047,115.9000015258789,104.67124938964844,10647900,0.0,24.639999389648438,3.07,3.6,3.27,0.0188126521082403,0.24097731949264412,0.0,0.0,0.030699999999999998,0.036000000000000004,0.0327,-0.08435527575753499,-0.7730410360225288,0.029959999999999997,0.02829,0.0016699999999999979,0.5368391082025299,0
2022-09-08,115.27999877929688,118.79000091552734,114.62999725341797,118.5999984741211,107.10967254638672,11435000,0.0,23.610000610351562,3.06,3.6,3.29,0.02302880634142244,0.2517800637545546,0.0,0.0,0.030600000000000002,0.036000000000000004,0.0329,-0.041801899545889976,-0.7883887074511662,0.03016,0.028495000000000003,0.0016649999999999963,0.5599161025272992,0
2022-09-09,119.13999938964844,120.05000305175781,118.66999816894531,119.16999816894531,107.62444305419922,9299700,0.0,22.790000915527344,3.08,3.67,3.33,0.004794501260021601,0.23612458216771082,0.0,0.0,0.0308,0.036699999999999997,0.0333,-0.03473103234333241,-0.7584289366337092,0.030379999999999997,0.028725,0.0016549999999999968,0.55914903977491,0
2022-09-12,120.62000274658203,121.55000305175781,119.79000091552734,120.58000183105469,108.89784240722656,8614600,0.0,23.8700008392334,3.17,3.7,3.37,0.011762429276195467,0.2341004844170086,0.0,0.0,0.0317,0.037000000000000005,0.0337,0.047389200540585596,-0.746079309189647,0.03084,0.028995000000000003,0.001844999999999996,0.5419954344398448,0
2022-09-13,118.06999969482422,118.91999816894531,115.77999877929688,116.38999938964844,105.11376190185547,12904600,0.0,27.270000457763672,3.28,3.92,3.42,-0.0353670067997307,0.2564767505421464,0.0,0.0,0.032799999999999996,0.0392,0.0342,0.14243818596528657,-0.7891377652741753,0.03132,0.029275000000000002,0.002044999999999998,0.4626176548171758,0
2022-09-14,116.69999694824219,117.83999633789062,114.87999725341797,116.12000274658203,104.86994171142578,9345700,0.0,26.15999984741211,3.24,3.95,3.41,-0.00232227830836908,0.25583469954722926,0.0,0.0,0.032400000000000005,0.0395,0.0341,-0.04070409210556314,-0.7789450474247123,0.03166,0.029545,0.0021150000000000023,0.4754784741296464,0
2022-09-15,116.12000274658203,119.37999725341797,115.76000213623047,117.87000274658203,106.45039367675781,10821400,0.0,26.270000457763672,3.22,4.0,3.45,0.014958157535561532,0.25973284486431936,0.0,0.0,0.0322,0.04,0.0345,0.004204916322369412,-0.7636759088034483,0.03198,0.029814999999999998,0.0021650000000000037,0.47715148685828,0
2022-09-16,117.38999938964844,117.4000015258789,115.37000274658203,117.08000183105469,105.7369384765625,14844100,0.0,26.299999237060547,3.2,3.96,3.45,-0.006724792490281854,0.25928481787850466,0.0,0.0,0.032,0.039599999999999996,0.0345,0.001141940570009048,-0.7627419542645298,0.03222,0.030059999999999996,0.002160000000000002,0.4777487646573376,0
2022-09-19,116.0,118.7300033569336,115.51000213623047,118.16000366210938,106.71229553222656,8201300,0.0,25.760000228881836,3.37,4.05,3.49,0.009182089198515334,0.2613269391004723,0.0,0.0,0.0337,0.0405,0.0349,-0.02053228227542203,-0.7816818272465902,0.03262,0.030375000000000003,0.0022450000000000005,0.4955554319952006,0
2022-09-20,117.41000366210938,117.69000244140625,114.63999938964844,115.83000183105469,104.6080322265625,9619000,0.0,27.15999984741211,3.35,4.03,3.57,-0.019916047660998443,0.2560119513677492,0.0,0.0,0.0335,0.0403,0.035699999999999996,0.054347810795459806,-0.7898351364803324,0.03276,0.03064,0.002119999999999997,0.47862521454959256,0
2022-09-21,116.54000091552734,116.5999984741211,112.41999816894531,112.48999786376953,101.59161376953125,12606300,0.0,27.989999771118164,3.31,4.08,3.51,-0.029259348512361616,0.2690271446515883,0.0,0.0,0.0331,0.0408,0.0351,0.030559643901659994,-0.7651015478516897,0.0329,0.030895,0.002005,0.45927425196949984,0
2022-09-22,113.37999725341797,113.5999984741211,111.06999969482422,111.20999908447266,100.43562316894531,11684500,0.0,27.350000381469727,3.29,4.08,3.7,-0.011444033332886162,0.2696676057546488,0.0,0.0,0.0329,0.0408,0.037000000000000005,-0.02286528741986016,-0.7423226744173183,0.03304,0.031129999999999998,0.001910000000000002,0.46749696361505044,0
2022-09-23,110.05000305175781,110.33999633789062,107.16000366210938,109.13999938964844,98.56617736816406,18138600,0.0,29.920000076293945,3.24,4.15,3.69,-0.01878878272594033,0.2754217167880532,0.0,0.0,0.032400000000000005,0.0415,0.0369,0.09396708076704297,-0.7628451797112791,0.03312,0.03131,0.0018099999999999991,0.4181761668694927,0
2022-09-26,108.0,109.61000061035156,106.05999755859375,106.79000091552734,96.44385528564453,15753600,0.0,32.2599983215332,3.39,4.17,3.88,-0.021767145524262486,0.2654112582059541,0.0,0.0,0.0339,0.0417,0.0388,0.07820849730188573,-0.7624133178972388,0.03316,0.03156,0.0016000000000000042,0.357837384532676,0
2022-09-27,107.75,108.16999816894531,104.6500015258789,105.8499984741211,95.59490966796875,12793600,0.0,32.599998474121094,3.35,4.16,3.97,-0.008841456027297561,0.24531786355250437,0.0,0.0,0.0335,0.0416,0.0397,0.010539372916239298,-0.7108828982288028,0.03316,0.03175,0.0014100000000000015,0.36752732572097646,0
2022-09-28,105.94999694824219,108.7300033569336,105.63999938964844,107.98999786376953,97.527587890625,12762600,0.0,30.18000030517578,3.4,3.99,3.72,0.020015718215813577,0.25885893368793256,0.0,0.0,0.034,0.039900000000000005,0.037200000000000004,-0.07423307614159502,-0.7442008619837966,0.03334,0.031965,0.0013750000000000012,0.4154506761892051,0
2022-09-29,106.94999694824219,107.27999877929688,104.4000015258789,106.16000366210938,95.87489318847656,12713900,0.0,31.84000015258789,3.36,3.98,3.76,-0.017091145088437,0.26327995100285884,0.0,0.0,0.0336,0.0398,0.037599999999999995,0.05500330784050478,-0.7524320039648106,0.03348,0.032165,0.0013150000000000037,0.38147086071876524,0
2022-09-30,106.05999755859375,107.62000274658203,104.4000015258789,104.5,94.375732421875,15973400,0.0,31.6200008392334,3.33,4.05,3.83,-0.015760177315487376,0.2665718384984611,0.0,0.0,0.0333,0.0405,0.0383,-0.0069095261400811125,-0.7360739572415652,0.03366,0.032345,0.0013150000000000037,0.3787795475481011,0
2022-10-03,105.62000274658203,108.36000061035156,104.45999908447266,107.7300033569336,97.29278564453125,12248100,0.0,30.100000381469727,3.46,4.01,3.67,0.030440872659662693,0.290191137318733,0.0,0.0,0.0346,0.0401,0.036699999999999997,-0.048070854440891986,-0.7441655574822237,0.033800000000000004,0.032605,0.0011950000000000016,0.4145340577876916,0
2022-10-04,110.61000061035156,112.98999786376953,109.86000061035156,112.7699966430664,101.84449768066406,16013600,0.0,29.06999969482422,3.45,4.15,3.62,0.04572227649924099,0.33485214673435404,0.0,0.0,0.0345,0.0415,0.0362,-0.03421929148145797,-0.7219641510726159,0.034,0.03281,0.0011900000000000036,0.4606297967656865,0
2022-10-05,109.75,110.94999694824219,108.83000183105469,110.38999938964844,100.5870361328125,10943500,0.0,28.549999237060547,3.46,4.14,3.76,-0.012423733576798683,0.3374120881596269,0.0,0.0,0.0346,0.0414,0.037599999999999995,-0.01788787283187543,-0.7175080249274682,0.034120000000000004,0.033005,0.0011150000000000049,0.4605025701481865,0
2022-10-06,109.45999908447266,110.19000244140625,107.94000244140625,108.13999938964844,98.53684997558594,11521400,0.0,30.520000457763672,3.46,4.19,3.83,-0.02059279423968849,0.33586698083891764,0.0,0.0,0.0346,0.04190000000000001,0.0383,0.06900179591409161,-0.7153101578813728,0.03432,0.033205,0.0011150000000000049,0.4089181413349441,0
2022-10-07,107.5199966430664,107.70999908447266,105.2699966430664,105.9800033569336,96.56866455078125,11681100,0.0,31.360000610351562,3.45,4.24,3.89,-0.020176284580611506,0.32711246540760464,0.0,0.0,0.0345,0.0424,0.038900000000000004,0.027522940366608406,-0.6958237788145173,0.03456,0.03339,0.0011699999999999974,0.37120682191898136,0
2022-10-10,106.7300033569336,107.30999755859375,104.5199966430664,104.98999786376953,95.6666030883789,8931700,0.0,32.45000076293945,3.45,4.24,3.89,-0.009385042552583222,0.32548318272318444,0.0,0.0,0.0345,0.0424,0.038900000000000004,0.03475765725043045,-0.693175600041427,0.03454,0.03353,0.001010000000000004,0.3472029706597604,0
2022-10-11,104.37000274658203,104.54000091552734,101.8499984741211,101.95999908447266,92.90567016601562,12739700,0.0,33.630001068115234,3.67,4.28,3.93,-0.029284583396411927,0.32892151674049586,0.0,0.0,0.036699999999999997,0.042800000000000005,0.0393,0.036363644913174786,-0.7328779963610069,0.03498,0.033725000000000005,0.0012549999999999922,0.3059215046752549,0
2022-10-12,101.80000305175781,104.7300033569336,101.27999877929688,103.61000061035156,94.40912628173828,13181000,0.0,33.56999969482422,3.7,4.28,3.91,0.01605306607841854,0.3223193591904716,0.0,0.0,0.037000000000000005,0.042800000000000005,0.0391,-0.0017841620988797713,-0.7016322603733016,0.03546,0.033955,0.0015049999999999994,0.3373854248931848,0
2022-10-13,101.9800033569336,109.9000015258789,101.76000213623047,109.37000274658203,99.6576156616211,22398700,0.0,31.940000534057617,3.79,4.46,3.97,0.054102722647301954,0.38218515338236325,0.0,0.0,0.0379,0.0446,0.0397,-0.04855523311243615,-0.7403502624406785,0.03612,0.03424000000000001,0.0018799999999999928,0.39424579678361776,0
2022-10-14,111.95999908447266,115.23999786376953,110.72000122070312,111.19000244140625,101.3160171508789,32103200,0.0,32.02000045776367,3.81,4.5,4.0,0.01650404691720553,0.383107631218093,0.0,0.0,0.0381,0.045,0.04,0.0025046938750283854,-0.7402732315579433,0.03684,0.034545000000000006,0.0022949999999999915,0.3940236842942312,0
2022-10-17,115.41000366210938,117.01000213623047,114.31999969482422,115.86000061035156,105.57130432128906,22276300,0.0,31.3700008392334,3.97,4.5,4.02,0.041142080206193685,0.4110889109537179,0.0,0.0,0.0397,0.045,0.04019999999999999,-0.02029980041342172,-0.739319726620538,0.037880000000000004,0.034845,0.003035000000000003,0.43179693734282976,0
2022-10-18,119.66000366210938,120.13999938964844,116.95999908447266,118.83999633789062,108.28665924072266,21539700,0.0,30.5,4.04,4.5,4.01,0.025395368083828567,0.41944082710584785,0.0,0.0,0.0404,0.045,0.0401,-0.02773352935793738,-0.7478887432539538,0.03862,0.03519,0.0034300000000000025,0.4538700689654984,0
2022-10-19,117.98999786376953,118.83000183105469,115.66999816894531,116.51000213623047,106.16356658935547,17072000,0.0,30.760000228881836,4.07,4.6,4.14,-0.0198009772289068,0.4193697556517196,0.0,0.0,0.0407,0.046,0.0414,0.008524597668256861,-0.7278759132435894,0.03936,0.035570000000000004,0.0037899999999999948,0.4502261310555739,0
2022-10-20,117.16000366210938,118.70999908447266,115.6500015258789,116.12999725341797,105.81731414794922,12207400,0.0,29.979999542236328,4.09,4.66,4.24,-0.003266829990901544,0.40540438542819646,0.0,0.0,0.0409,0.0466,0.0424,-0.02535762941617703,-0.7100927632836259,0.039959999999999996,0.03597,0.0039899999999999936,0.4768351649149516,0
2022-10-21,116.45999908447266,122.38999938964844,116.33000183105469,122.2300033569336,111.37561798095703,20593300,0.0,29.690000534057617,4.09,4.58,4.21,0.05119427859953479,0.436242961604146,0.0,0.0,0.0409,0.0458,0.0421,-0.009673082475206707,-0.7090110549259675,0.04052,0.036395000000000004,0.004124999999999997,0.5182606463695281,0
2022-10-24,122.06999969482422,123.0999984741211,121.33000183105469,122.37999725341797,111.51229858398438,12624200,0.0,29.850000381469727,4.16,4.61,4.25,0.0012264515929490151,0.427966344034768,0.0,0.0,0.0416,0.0461,0.0425,0.005389014635704514,-0.7104328541298304,0.0409,0.03678,0.004119999999999999,0.5278899068405176,0
2022-10-25,121.8499984741211,123.2699966430664,120.88999938964844,122.69999694824219,111.80387878417969,11289100,0.0,28.459999084472656,4.14,4.6,4.1,0.0026113680551763637,0.4162984165533267,0.0,0.0,0.0414,0.046,0.040999999999999995,-0.04656620700949654,-0.662362139113012,0.0411,0.037175,0.003924999999999998,0.5622481616391715,0
2022-10-26,123.0,125.19999694824219,122.87999725341797,124.11000061035156,113.08866882324219,11667000,0.0,27.280000686645508,4.11,4.54,4.04,0.011425936789487024,0.41246047385087026,0.0,0.0,0.041100000000000005,0.0454,0.0404,-0.041461645670640146,-0.6496945130091178,0.04118,0.03753,0.0036500000000000005,0.5911607790467088,0
2022-10-27,125.19999694824219,126.19999694824219,124.20999908447266,124.5999984741211,113.53514099121094,10727600,0.0,27.389999389648438,4.13,4.5,3.96,0.003940210395078156,0.4103146596113225,0.0,0.0,0.041299999999999996,0.045,0.039599999999999996,0.004032210419143256,-0.6689893498564664,0.04126,0.037915000000000004,0.003344999999999994,0.5800213998948924,0
2022-10-28,125.29000091552734,126.27999877929688,124.05000305175781,126.08000183105469,114.88373565673828,11859500,0.0,25.75,4.18,4.55,4.02,0.011808221415742663,0.4008277479690464,0.0,0.0,0.0418,0.0455,0.04019999999999999,-0.05987584615530317,-0.6201002817708372,0.04144,0.03834,0.0030999999999999986,0.6206402545610223,0
2022-10-31,125.69999694824219,127.43000030517578,125.58999633789062,125.87999725341797,114.70149230957031,13295200,0.0,25.8799991607666,4.22,4.66,4.1,-0.001587588078379666,0.39289732738585625,0.0,0.0,0.042199999999999994,0.0466,0.040999999999999995,0.005048511097732078,-0.6354009182526172,0.04156,0.03872,0.0028400000000000022,0.627220117092848,0
2022-11-01,126.87000274658203,128.27999877929688,126.33000183105469,128.14999389648438,116.76990509033203,13386900,0.0,25.809999465942383,4.23,4.75,4.07,0.017872340699553103,0.3867353822495015,0.0,0.0,0.042300000000000004,0.0475,0.0407,-0.0027047796404234825,-0.6118404774107192,0.04174,0.03911,0.0026300000000000004,0.6207383438125157,0
2022-11-02,127.6500015258789,130.36000061035156,126.63999938964844,126.97000122070312,115.69469451904297,16546100,0.0,25.860000610351562,4.22,4.76,4.1,-0.009250597644122678,0.36677842513019526,0.0,0.0,0.042199999999999994,0.047599999999999996,0.040999999999999995,0.0019372780102207,-0.5914291451208578,0.04196,0.039490000000000004,0.002469999999999993,0.5873024499335429,0
2022-11-03,126.30999755859375,128.17999267578125,125.91000366210938,127.19999694824219,115.90426635742188,12474400,0.0,25.299999237060547,4.25,4.78,4.14,0.001809782693211652,0.3610034184132132,0.0,0.0,0.0425,0.0478,0.0414,-0.02165511833231948,-0.6106415379098847,0.0422,0.039885,0.0023150000000000046,0.6037708014634169,0
2022-11-04,129.49000549316406,130.8300018310547,128.4600067138672,130.67999267578125,119.07522583007812,14953200,0.0,24.549999237060547,4.21,4.76,4.17,0.026990882876734797,0.35313944330272073,0.0,0.0,0.0421,0.047599999999999996,0.0417,-0.029644269668647527,-0.5841064973304028,0.04226,0.040265,0.0019949999999999968,0.6428033484483759,0
2022-11-07,131.0,132.2899932861328,130.47999572753906,131.3699951171875,119.7039566040039,12011200,0.0,24.350000381469727,4.29,4.8,4.22,0.005266223131938562,0.33728177090860484,0.0,0.0,0.0429,0.048,0.042199999999999994,-0.00814659314892785,-0.5406862431303846,0.0424,0.040685,0.0017150000000000012,0.6608033965110797,0
2022-11-08,131.24000549316406,132.05999755859375,130.13999938964844,131.4499969482422,119.77685546875,9884100,0.0,25.540000915527344,4.28,4.77,4.14,0.0006088075814239675,0.3316900930466639,0.0,0.0,0.042800000000000005,0.04769999999999999,0.0414,0.04887065771724597,-0.4920213856338864,0.042499999999999996,0.04099,0.0015099999999999975,0.6497606074860696,0
2022-11-09,131.32000732421875,131.42999267578125,129.22000122070312,129.74000549316406,118.21871185302734,9494000,0.0,26.09000015258789,4.29,4.75,4.12,-0.013094074782929033,0.31120568231767176,0.0,0.0,0.0429,0.0475,0.0412,0.021534816654065425,-0.4356138527669407,0.04264,0.041285,0.001354999999999995,0.6515446108083616,0
2022-11-10,132.6300048828125,135.25,132.52999877929688,135.0800018310547,123.08448791503906,16351600,0.0,23.530000686645508,4.28,4.59,3.82,0.04033461403516269,0.32668956774150204,0.0,0.0,0.042800000000000005,0.045899999999999996,0.0382,-0.09812186473630413,-0.5219801527461224,0.0427,0.04153,0.0011700000000000044,0.7025510520894687,0
2022-11-11,135.19000244140625,136.1699981689453,133.77999877929688,135.3000030517578,123.28497314453125,10704700,0.0,22.520000457763672,4.28,4.59,3.82,0.0016275172489636372,0.29142331191115306,0.0,0.0,0.042800000000000005,0.045899999999999996,0.0382,-0.04292393537646866,-0.44794456687689554,0.04284,0.041765,0.0010750000000000065,0.6857371726494296,0
2022-11-14,134.8000030517578,135.72999572753906,133.91000366210938,133.91000366210938,122.01842498779297,11085600,0.0,23.729999542236328,4.34,4.63,3.88,-0.010326472615826015,0.29875959069309144,0.0,0.0,0.0434,0.0463,0.0388,0.05372997601585361,-0.5082069874909958,0.042940000000000006,0.04195,0.0009900000000000048,0.652489565206039,0
2022-11-15,134.67999267578125,135.7100067138672,131.60000610351562,132.94000244140625,121.13455200195312,14038300,0.0,24.540000915527344,4.31,4.6,3.8,-0.0072701300214842255,0.2792682625578423,0.0,0.0,0.0431,0.046,0.038,0.03413406611531178,-0.555089053800009,0.043000000000000003,0.042085,0.0009150000000000061,0.6121071097691588,0
2022-11-16,133.0,133.55999755859375,132.02999877929688,133.1199951171875,121.29853820800781,7893400,0.0,24.110000610351562,4.32,4.62,3.67,0.0013528370316349652,0.2711243351823752,0.0,0.0,0.0432,0.0462,0.036699999999999997,-0.017522424170070217,-0.5451533524619488,0.04306,0.04221,0.0008500000000000035,0.6039358700732423,0
2022-11-17,132.0,132.88999938964844,131.27999877929688,132.5399932861328,120.77005004882812,8820200,0.0,23.93000030517578,4.32,4.68,3.77,-0.004366440128856895,0.2579996655545669,0.0,0.0,0.0432,0.046799999999999994,0.0377,-0.007465794301908857,-0.5373732396778672,0.04314,0.042325,0.0008149999999999963,0.6156932420119334,0
2022-11-18,134.57000732421875,134.6699981689453,132.27999877929688,133.83999633789062,121.9546127319336,9468500,0.0,23.1200008392334,4.34,4.74,3.82,0.00976062402508709,0.25595454122902295,0.0,0.0,0.0434,0.047400000000000005,0.0382,-0.03384870270006601,-0.5564175301569911,0.04326,0.04245,0.0008099999999999982,0.635013315326687,0
2022-11-21,133.74000549316406,134.55999755859375,132.75,133.0500030517578,121.23477172851562,7800500,0.0,22.360000610351562,4.41,4.75,3.83,-0.005920020788310585,0.20174769905475662,0.0,0.0,0.0441,0.0475,0.0383,-0.03287198102485167,-0.6876196268634321,0.0434,0.042575,0.0008249999999999993,0.6118684271987851,0
2022-11-22,134.0,135.27000427246094,133.69000244140625,135.0399932861328,123.04803466796875,9185700,0.0,21.290000915527344,4.4,4.79,3.76,0.014845876954542299,0.2048479466454352,0.0,0.0,0.044000000000000004,0.0479,0.037599999999999995,-0.0478532945266944,-0.6984331097066306,0.04358,0.042705,0.0008750000000000008,0.6352532966244726,0
2022-11-23,134.94000244140625,136.5,134.86000061035156,136.47999572753906,124.36016845703125,7316200,0.0,20.350000381469727,4.4,4.75,3.71,0.010607134888470133,0.20569763915986072,0.0,0.0,0.044000000000000004,0.0475,0.0371,-0.04415220731024261,-0.7221975645517569,0.04374,0.04285,0.0008900000000000019,0.6534345477692436,0
2022-11-25,136.47999572753906,137.13999938964844,136.05999755859375,136.74000549316406,124.5970687866211,3220500,0.0,20.5,4.41,4.76,3.68,0.0019031413082508334,0.20463154162787703,0.0,0.0,0.0441,0.047599999999999996,0.0368,0.007370988487393815,-0.7174670457766573,0.04392,0.04299,0.0009300000000000003,0.645624436641743,0
2022-11-28,136.07000732421875,136.7100067138672,134.19000244140625,134.35000610351562,122.41932678222656,9906900,0.0,22.209999084472656,4.41,4.76,3.69,-0.017632824928481523,0.21869066372470672,0.0,0.0,0.0441,0.047599999999999996,0.0369,0.08341458948647107,-0.7600027236424357,0.04406,0.043105000000000004,0.0009549999999999975,0.6083669976491064,0
2022-11-29,134.66000366210938,136.63999938964844,134.41000366210938,136.55999755859375,124.43307495117188,7925300,0.0,21.889999389648438,4.38,4.78,3.75,0.01631576461848262,0.22136666751370984,0.0,0.0,0.0438,0.0478,0.0375,-0.014407911211844038,-0.7504225061617085,0.044,0.043185,0.0008149999999999963,0.6156191980407694,0
2022-11-30,136.08999633789062,138.17999267578125,133.19000244140625,138.17999267578125,125.90917205810547,14761200,0.0,20.579999923706055,4.37,4.74,3.68,0.011792769548021977,0.22211311112241072,0.0,0.0,0.0437,0.047400000000000005,0.0368,-0.05984465520642579,-0.7483769269699574,0.04394,0.043255,0.0006849999999999981,0.6422886194642242,0
2022-12-01,138.17999267578125,138.66000366210938,135.42999267578125,136.24000549316406,124.14151000976562,8858500,0.0,19.84000015258789,4.33,4.66,3.53,-0.014138665651313744,0.2253766913132141,0.0,0.0,0.0433,0.0466,0.0353,-0.03595722905060661,-0.7039804887430755,0.043800000000000006,0.04331,0.0004900000000000043,0.6338005896742117,0
2022-12-02,134.49000549316406,135.35000610351562,133.33999633789062,135.16000366210938,123.15737915039062,8931900,0.0,19.059999465942383,4.34,4.69,3.51,-0.007959081885529141,0.22454113763976227,0.0,0.0,0.0434,0.046900000000000004,0.0351,-0.039314550435815665,-0.6628581743937823,0.04366,0.043355,0.0003049999999999997,0.6457066456985496,0
2022-12-05,134.24000549316406,134.57000732421875,130.60000610351562,131.3699951171875,119.7039566040039,10154500,0.0,20.75,4.36,4.77,3.6,-0.028441376437309377,0.24957924752937533,0.0,0.0,0.0436,0.04769999999999999,0.036000000000000004,0.08866739671621793,-0.7319316720202736,0.04356,0.04343,0.00012999999999999817,0.6035692075802459,0
2022-12-06,133.38999938964844,135.11000061035156,129.8699951171875,131.58999633789062,119.90442657470703,13966700,0.0,22.170000076293945,4.37,4.73,3.51,0.0016733138867648083,0.23182170090191473,0.0,0.0,0.0437,0.0473,0.0351,0.06843373861657565,-0.703231990364089,0.04354,0.04347,7.000000000000062e-05,0.5682236514714527,0
2022-12-07,131.30999755859375,133.0800018310547,130.3300018310547,131.5,119.82239532470703,11739400,0.0,22.68000030517578,4.29,4.67,3.42,-0.0006843727585572083,0.23114080727277475,0.0,0.0,0.0429,0.0467,0.0342,0.02300406978469849,-0.7006396681928525,0.043379999999999995,0.043475,-9.50000000000048e-05,0.5573995546754034,0
2022-12-08,132.3300018310547,132.97999572753906,131.42999267578125,132.8800048828125,121.07987976074219,8907300,0.0,22.290000915527344,4.28,4.71,3.48,0.010439883614991572,0.23393382508570415,0.0,0.0,0.042800000000000005,0.0471,0.0348,-0.017195740052941555,-0.720749701016431,0.04328,0.04347,-0.00019000000000000267,0.5688200203527681,0
2022-12-09,132.1999969482422,133.75999450683594,132.0,132.16000366210938,120.42381286621094,7957800,0.0,22.829999923706055,4.31,4.72,3.57,-0.0054331964973131355,0.2297867901753259,0.0,0.0,0.0431,0.0472,0.035699999999999996,0.024226064872098885,-0.7195262561377825,0.04322,0.043485,-0.00026500000000000135,0.5656696517624382,0
2022-12-12,132.39999389648438,134.64999389648438,131.60000610351562,134.2100067138672,122.29175567626953,8841600,0.0,25.0,4.38,4.75,3.61,0.015392335161420715,0.18833052273919237,0.0,0.0,0.0438,0.0475,0.0361,0.09505037597659727,-0.42567002238511653,0.04326,0.043535000000000004,-0.0002750000000000044,0.5198385529738356,0
2022-12-13,136.88999938964844,137.08999633789062,133.0800018310547,134.0800018310547,122.17330169677734,10025400,0.0,22.549999237060547,4.35,4.64,3.51,-0.000969087280083025,0.18820909966574986,0.0,0.0,0.0435,0.0464,0.0351,-0.09800003051757811,-0.3827559440159915,0.04322,0.04354,-0.00032000000000000084,0.5532754694691646,0
2022-12-14,133.77999877929688,135.7100067138672,132.75999450683594,133.41000366210938,121.56279754638672,9966100,0.0,21.139999389648438,4.33,4.64,3.49,-0.00500956098861254,0.1855696307786996,0.0,0.0,0.0433,0.0464,0.0349,-0.06252771153512049,-0.3189838390754788,0.043300000000000005,0.04355,-0.0002499999999999933,0.576573083389018,0
2022-12-15,131.14999389648438,132.0800018310547,129.0500030517578,130.10000610351562,118.54673767089844,12087800,0.0,22.829999923706055,4.34,4.65,3.44,-0.02512368795152573,0.2035972350840772,0.0,0.0,0.0434,0.04650000000000001,0.0344,0.07994326314338274,-0.401648226207857,0.04342,0.04356,-0.00014000000000000123,0.5418151697948093,0
2022-12-16,129.14999389648438,129.89999389648438,128.42999267578125,129.2899932861328,117.80865478515625,21133700,0.0,22.6200008392334,4.31,4.61,3.48,-0.006245554859299875,0.20417815487401614,0.0,0.0,0.0431,0.0461,0.0348,-0.009198383056260973,-0.3957238685030356,0.04342,0.043554999999999996,-0.00013499999999999623,0.540290804709404,0
2022-12-19,129.64999389648438,131.3300018310547,129.08999633789062,130.05999755859375,118.51028442382812,9017200,0.0,22.420000076293945,4.37,4.64,3.57,0.00593800651472414,0.20540213598836815,0.0,0.0,0.0437,0.0464,0.035699999999999996,-0.008841766380156879,-0.3981507880914353,0.0434,0.04357,-0.00016999999999999654,0.549280129370033,0
2022-12-20,130.97000122070312,132.0500030517578,130.1999969482422,130.69000244140625,119.08433532714844,8549900,0.0,21.479999542236328,4.35,4.64,3.69,0.004832197134220496,0.2028732782697206,0.0,0.0,0.0435,0.0464,0.0369,-0.041926874703784645,-0.3935924109179234,0.0434,0.04354,-0.00014000000000000123,0.5597684080599465,0
2022-12-21,132.17999267578125,132.97999572753906,131.77000427246094,132.16000366210938,120.42381286621094,8051700,0.0,20.06999969482422,4.33,4.6,3.68,0.01118535226915597,0.20641151635854527,0.0,0.0,0.0433,0.046,0.0368,-0.06564245239575606,-0.43816514147443647,0.04340000000000001,0.043505,-0.00010499999999999399,0.5900829633073317,0
2022-12-22,131.10000610351562,131.3000030517578,128.41000366210938,130.66000366210938,119.05702209472656,8648200,0.0,21.969999313354492,4.35,4.64,3.67,-0.011414738990029054,0.20210178705573034,0.0,0.0,0.0435,0.0464,0.036699999999999997,0.09466864212360981,-0.4420961283251904,0.04342,0.043480000000000005,-6.0000000000004494e-05,0.5473223612833704,0
2022-12-23,130.5800018310547,131.44000244140625,129.63999938964844,131.27999877929688,119.6219482421875,5091900,0.0,20.8700008392334,4.34,4.66,3.75,0.004733782801236913,0.19863723850159695,0.0,0.0,0.0434,0.0466,0.0375,-0.05006820703232606,-0.43228336754410657,0.04348,0.043445,3.500000000000031e-05,0.5595327267457701,0
2022-12-27,131.57000732421875,132.22000122070312,130.5500030517578,131.74000549316406,120.04110717773438,5411000,0.0,21.649999618530273,4.46,4.75,3.84,0.003497905525670778,0.19909318129545203,0.0,0.0,0.0446,0.0475,0.0384,0.03737416137667604,-0.41731600535184077,0.04366,0.043469999999999995,0.00019000000000000267,0.5493447217508947,0
2022-12-28,131.85000610351562,133.41000366210938,131.00999450683594,132.4600067138672,120.69717407226562,8827700,0.0,22.139999389648438,4.46,4.71,3.88,0.005450471070133785,0.19185152159205843,0.0,0.0,0.0446,0.0471,0.0388,0.02263278428415183,-0.3495272009084399,0.043879999999999995,0.04351,0.00036999999999999533,0.5560882814539138,0
2022-12-29,132.92999267578125,133.27000427246094,132.30999755859375,133.22000122070312,121.38967895507812,6585200,0.0,21.440000534057617,4.45,4.71,3.83,0.005721143160348972,0.18335152871558474,0.0,0.0,0.044500000000000005,0.0471,0.0383,-0.03161693201844007,-0.3599265951819179,0.04412,0.04355,0.0005700000000000011,0.5597769438270469,0
2022-12-30,132.80999755859375,134.3300018310547,132.44000244140625,134.10000610351562,122.19153594970703,9292500,0.0,21.670000076293945,4.42,4.73,3.88,0.0065839222578569015,0.1795567755206266,0.0,0.0,0.044199999999999996,0.0473,0.0388,0.010727590322163083,-0.31024192552155877,0.04426,0.043595,0.0006649999999999989,0.5533923742633899,0
2023-01-03,135.24000549316406,136.74000549316406,133.88999938964844,135.1199951171875,123.12094116210938,11054800,0.0,22.899999618530273,4.53,4.72,3.79,0.007577353343430356,0.1759073256833431,0.0,0.0,0.0453,0.0472,0.0379,0.05676047706072218,-0.3249187779570258,0.04464,0.04369,0.0009499999999999995,0.54875593795003,0
2023-01-04,135.99000549316406,137.67999267578125,135.57000732421875,136.3800048828125,124.26908111572266,11687600,0.0,22.010000228881836,4.55,4.71,3.69,0.00928208976583585,0.1767009674067951,0.0,0.0,0.0455,0.0471,0.0369,-0.03886460281546322,-0.38721881891240634,0.044820000000000006,0.043785,0.0010350000000000081,0.5717264612643013,0
2023-01-05,135.66000366210938,135.7100067138672,133.6999969482422,135.35000610351562,124.24149322509766,8381300,0.0,22.459999084472656,4.66,4.78,3.71,-0.00022202589013768843,0.1423006081407472,0.0,0.0,0.0466,0.0478,0.0371,0.02044519995053551,-0.26243561747309735,0.04522,0.043930000000000004,0.0012899999999999995,0.5820983522811327,0
2023-01-06,136.1300048828125,138.3800048828125,134.49000549316406,137.94000244140625,126.61894226074219,10029100,0.0,21.1299991607666,4.67,4.71,3.55,0.018954923786589695,0.1542415905321158,0.0,0.0,0.0467,0.0471,0.0355,-0.05921638370081361,-0.3371558221688235,0.04566,0.04412,0.0015399999999999997,0.6113755256705089,0
2023-01-09,138.60000610351562,138.8800048828125,136.8800048828125,137.3699951171875,126.09574127197266,8482300,0.0,21.969999313354492,4.7,4.69,3.53,-0.004140651654891545,0.1556258769541177,0.0,0.0,0.047,0.046900000000000004,0.0353,0.03975391320164223,-0.34902707658631554,0.04622,0.04433,0.0018899999999999958,0.5973242134127005,0
2023-01-10,137.7899932861328,138.72000122070312,137.30999755859375,138.60000610351562,127.22480010986328,9048700,0.0,20.579999923706055,4.73,4.74,3.61,0.008914131543670897,0.15472355527486106,0.0,0.0,0.0473,0.047400000000000005,0.0361,-0.06326806705012156,-0.3660591052522002,0.04662,0.044539999999999996,0.0020800000000000055,0.6162632352326383,0
2023-01-11,138.89999389648438,139.75,138.10000610351562,139.6300048828125,128.17022705078125,8703700,0.0,21.09000015258789,4.72,4.73,3.54,0.007403677902524021,0.1529595798008186,0.0,0.0,0.0472,0.0473,0.0354,0.024781352321307182,-0.33887373873453486,0.046959999999999995,0.04471,0.002249999999999995,0.6166221564665488,0
2023-01-12,140.0,140.86000061035156,139.22000122070312,139.49000549316406,128.04177856445312,11001700,0.0,18.829999923706055,4.66,4.66,3.43,-0.0010026735225075437,0.14659228293207927,0.0,0.0,0.0466,0.0466,0.034300000000000004,-0.10715980144763149,-0.44562334264096914,0.046959999999999995,0.044865,0.0020949999999999927,0.6391328006842021,0
2023-01-13,135.60000610351562,143.49000549316406,134.8000030517578,143.00999450683594,131.2728271484375,20200000,0.0,18.350000381469727,4.67,4.69,3.49,0.024921201781023354,0.16575047181196034,0.0,0.0,0.0467,0.046900000000000004,0.0349,-0.025491213180093064,-0.47983721782133537,0.04696,0.045035000000000006,0.0019249999999999962,0.6613973954722899,0
2023-01-17,141.1699981689453,141.5399932861328,139.22999572753906,140.8000030517578,129.2442169189453,14292900,0.0,19.360000610351562,4.71,4.67,3.53,-0.015574038466365719,0.17622966394733558,0.0,0.0,0.0471,0.0467,0.0353,0.055040883263509865,-0.5847876475380801,0.04698,0.04522,0.0017599999999999977,0.6406876541527506,0
2023-01-18,138.9199981689453,140.72999572753906,136.41000366210938,136.57000732421875,125.36139678955078,13392600,0.0,20.34000015258789,4.69,4.63,3.37,-0.030503028801308955,0.1876310811138529,0.0,0.0,0.046900000000000004,0.0463,0.0337,0.0506198094700645,-0.5264426388012351,0.046900000000000004,0.04541,0.0014900000000000052,0.6234926706736617,0
2023-01-19,135.32000732421875,135.89999389648438,133.58999633789062,134.75,123.69075775146484,13303400,0.0,20.520000457763672,4.71,4.65,3.39,-0.01341617862988505,0.19347339818188616,0.0,0.0,0.0471,0.04650000000000001,0.0339,0.008849572459461275,-0.5296927446311301,0.046880000000000005,0.04558,0.0013000000000000025,0.6166542947644138,0
2023-01-20,135.16000366210938,135.49000549316406,133.5500030517578,135.0800018310547,123.99365234375,13092500,0.0,19.850000381469727,4.72,4.68,3.48,0.002445811935935296,0.19302827819917723,0.0,0.0,0.0472,0.046799999999999994,0.0348,-0.03265107511439913,-0.5259830217804946,0.047,0.045765,0.001235,0.6241422524285243,0
2023-01-23,135.1199951171875,137.9600067138672,134.82000732421875,137.27000427246094,126.00395202636719,10487100,0.0,19.809999465942383,4.73,4.7,3.52,0.01608289822969134,0.19884219172896933,0.0,0.0,0.0473,0.047,0.0352,-0.0020151594336836887,-0.5088850641095493,0.04712000000000001,0.045965,0.0011550000000000102,0.6314102543059763,0
2023-01-24,136.4199981689453,140.2899932861328,135.0,138.4499969482422,127.08709716796875,6945000,0.0,19.200000762939453,4.72,4.7,3.46,0.008559384126135465,0.19763290105137726,0.0,0.0,0.0472,0.047,0.0346,-0.030792464384042373,-0.49825623858109547,0.04714,0.04615,0.0009900000000000048,0.6385570889628222,0
2023-01-25,138.0500030517578,139.1199951171875,137.25,139.1199951171875,127.70210266113281,8967000,0.0,19.079999923706055,4.72,4.67,3.46,0.0048275726599989275,0.1910568216656747,0.0,0.0,0.0472,0.0467,0.0346,-0.006250043461718424,-0.44352397953803563,0.0472,0.04634,0.0008599999999999997,0.6499385723393043,0
2023-01-26,139.4199981689453,140.05999755859375,138.36000061035156,139.97999572753906,128.4915313720703,7487600,0.0,18.729999542236328,4.71,4.68,3.49,0.00616276990987151,0.19125238957355212,0.0,0.0,0.0471,0.046799999999999994,0.0349,-0.018343835580149404,-0.45153287263894937,0.0472,0.046465,0.0007349999999999995,0.6557866658558966,0
2023-01-27,140.61000061035156,141.25999450683594,139.75,140.32000732421875,128.80361938476562,7489900,0.0,18.510000228881836,4.73,4.68,3.52,0.0024259156445987948,0.19128195044257937,0.0,0.0,0.0473,0.046799999999999994,0.0352,-0.011745825879941552,-0.4624670454572725,0.04722,0.0466,0.0006199999999999956,0.658289852868423,0
2023-01-30,139.22999572753906,140.08999633789062,138.91000366210938,139.1300048828125,127.71127319335938,6729300,0.0,19.940000534057617,4.72,4.71,3.55,-0.008516876220289293,0.19542840781679008,0.0,0.0,0.0472,0.0471,0.0355,0.07725555307905929,-0.5093039917034405,0.0472,0.046735000000000006,0.0004649999999999932,0.6295575921077755,0
2023-01-31,139.8800048828125,140.07000732421875,138.25,139.9600067138672,128.47317504882812,9188700,0.0,19.399999618530273,4.7,4.68,3.52,0.00594809019065527,0.19547433763948963,0.0,0.0,0.047,0.046799999999999994,0.0352,-0.02708128891997874,-0.5098424794236653,0.04716,0.046875,0.00028500000000000053,0.6374031220489423,0
2023-02-01,138.2100067138672,140.8800048828125,138.1199951171875,139.58999633789062,128.13352966308594,8841800,0.0,17.8700008392334,4.66,4.66,3.39,-0.0026472074022235313,0.1957790705338428,0.0,0.0,0.0466,0.0466,0.0339,-0.07886591800937293,-0.45510007814192444,0.047040000000000005,0.04694,0.00010000000000000286,0.6537546010769413,0
2023-02-02,140.0,140.4600067138672,138.0,138.94000244140625,127.53688049316406,11822100,0.0,18.729999542236328,4.66,4.64,3.4,-0.0046673391158302,0.19618414465299308,0.0,0.0,0.0466,0.0464,0.034,0.04812527490848306,-0.5218136562849734,0.04694,0.046995,-5.4999999999999494e-05,0.6341865395103432,0
2023-02-03,138.17999267578125,142.3300018310547,138.1300048828125,141.08999633789062,129.51043701171875,11501200,0.0,18.329999923706055,4.7,4.79,3.53,0.015355891035959291,0.20023683100267659,0.0,0.0,0.047,0.0479,0.0353,-0.021356093342568938,-0.5114957261983573,0.04688,0.047014999999999994,-0.00013499999999999623,0.643513321111052,0
2023-02-06,140.22999572753906,142.24000549316406,140.02999877929688,141.9199981689453,130.27227783203125,8406200,0.0,19.43000030517578,4.71,4.85,3.63,0.005865232448383354,0.20050838518730238,0.0,0.0,0.0471,0.048499999999999995,0.0363,0.06001093213574449,-0.4657896855852214,0.04686,0.047035,-0.00017500000000000154,0.631430253564012,0
2023-02-07,141.3800048828125,144.33999633789062,141.17999267578125,143.64999389648438,131.86029052734375,10447900,0.0,18.65999984741211,4.71,4.88,3.67,0.012116251958801031,0.19464638051267918,0.0,0.0,0.0471,0.048799999999999996,0.036699999999999997,-0.039629461949033495,-0.44098340831949634,0.04688,0.04704,-0.00016000000000000042,0.6383541232186808,0
2023-02-08,142.64999389648438,144.0399932861328,142.27999877929688,142.63999938964844,130.93321228027344,6958000,0.0,19.6299991607666,4.72,4.87,3.63,-0.007055593712176126,0.1960490066764998,0.0,0.0,0.0472,0.0487,0.0363,0.05198281464557564,-0.4518310207351203,0.047,0.04703500000000001,-3.500000000000725e-05,0.6227688327795684,0
2023-02-09,143.1199951171875,143.33999633789062,139.8699951171875,140.4199981689453,128.89540100097656,6443100,0.0,20.709999084472656,4.77,4.88,3.67,-0.015686132776688122,0.20318095380394885,0.0,0.0,0.04769999999999999,0.048799999999999996,0.036699999999999997,0.055017828317822426,-0.477071148017339,0.04722,0.047060000000000005,0.00015999999999999348,0.5927049606911261,0
2023-02-10,139.77999877929688,141.27999877929688,138.58999633789062,141.0399932861328,129.46449279785156,6582900,0.0,20.530000686645508,4.79,4.89,3.74,0.004405426158895242,0.20218288546477212,0.0,0.0,0.0479,0.0489,0.0374,-0.008691376426090858,-0.49825640403941895,0.0474,0.04712500000000001,0.00027499999999999053,0.5934904072743635,0
2023-02-13,141.3000030517578,142.72999572753906,140.74000549316406,142.57000732421875,130.8689727783203,7134600,0.0,20.34000015258789,4.81,4.91,3.72,0.010789958206139785,0.2051988359709541,0.0,0.0,0.0481,0.049100000000000005,0.037200000000000004,-0.009254774851576553,-0.5958162158391886,0.047599999999999996,0.047195,0.00040499999999999564,0.6032227673935664,0
2023-02-14,142.5,143.80999755859375,141.60000610351562,143.1999969482422,131.44725036621094,9249400,0.0,18.90999984741211,4.8,4.99,3.77,0.004409018380495225,0.1865775914640718,0.0,0.0,0.048,0.0499,0.0377,-0.07030483256873721,-0.5760930153650949,0.04778,0.04724,0.0005400000000000058,0.6114314979810285,0
2023-02-15,141.61000061035156,143.88999938964844,141.3000030517578,143.8000030517578,131.99801635742188,6728300,0.0,18.229999542236328,4.79,4.96,3.81,0.00418126163721357,0.17807218551227202,0.0,0.0,0.0479,0.0496,0.0381,-0.03595982605303094,-0.5401828278543649,0.04792,0.04729,0.0006299999999999986,0.6329000390957522,0
2023-02-16,142.91000366210938,143.38999938964844,141.67999267578125,141.82000732421875,130.18052673339844,8165300,0.0,20.170000076293945,4.84,4.99,3.86,-0.013864740549159555,0.14772031699480015,0.0,0.0,0.0484,0.0499,0.038599999999999995,0.10641802428809233,-0.5865833503559378,0.048060000000000005,0.047354999999999994,0.0007050000000000112,0.6151033431063578,0
2023-02-17,140.97999572753906,142.8300018310547,140.07000732421875,142.24000549316406,130.56605529785156,7948800,0.0,20.020000457763672,4.84,5.0,3.82,0.0029571152372439885,0.1369728120123812,0.0,0.0,0.0484,0.05,0.0382,-0.007436768367024893,-0.6174734230606354,0.04816,0.047415,0.0007450000000000026,0.6269911318445089,0
2023-02-21,140.69000244140625,141.33999633789062,138.75,139.6300048828125,128.17022705078125,9996300,0.0,22.8700008392334,4.86,5.07,3.95,-0.018519990344607735,0.15525810908836166,0.0,0.0,0.048600000000000004,0.0507,0.0395,0.14235765815702117,-0.7187339328627833,0.048260000000000004,0.04748,0.0007800000000000029,0.5738175494987887,0
2023-02-22,138.9199981689453,139.42999267578125,137.44000244140625,138.55999755859375,127.18803405761719,11107500,0.0,22.290000915527344,4.84,5.07,3.93,-0.007692704614736453,0.14898869899457035,0.0,0.0,0.0484,0.0507,0.0393,-0.025360730320178493,-0.7028864397503952,0.04834,0.047540000000000006,0.0007999999999999952,0.5679469761247358,0
2023-02-23,138.72999572753906,140.1699981689453,137.94000244140625,139.6699981689453,128.2069549560547,8068000,0.0,21.139999389648438,4.84,5.03,3.88,0.007979219235399676,0.14860364648445995,0.0,0.0,0.0484,0.050300000000000004,0.0388,-0.051592708777226104,-0.7066869773396127,0.04844,0.0476,0.0008399999999999935,0.5840220204700473,0
2023-02-24,139.11000061035156,141.36000061035156,138.92999267578125,140.92999267578125,129.36354064941406,9126900,0.0,21.670000076293945,4.86,5.05,3.95,0.00898079156383832,0.15083623405759267,0.0,0.0,0.048600000000000004,0.050499999999999996,0.0395,0.025070988739244404,-0.6763997515108319,0.04848,0.047675,0.0008050000000000002,0.5789265211531709,0
2023-02-27,142.11000061035156,143.30999755859375,141.72000122070312,142.16000366210938,130.49261474609375,10014700,0.0,20.950000762939453,4.89,5.03,3.92,0.008690047771260725,0.15225473298398076,0.0,0.0,0.0489,0.050300000000000004,0.0392,-0.03322562578770549,-0.6816460228441169,0.04858,0.047755,0.0008249999999999993,0.5907114158768083,0
2023-02-28,142.94000244140625,143.75999450683594,141.89999389648438,143.35000610351562,131.58493041992188,11019800,0.0,20.700000762939453,4.88,5.02,3.92,0.008335868670069206,0.15444200058226215,0.0,0.0,0.048799999999999996,0.050199999999999995,0.0392,-0.011933173789771434,-0.6817538851786248,0.04862,0.047835,0.000784999999999994,0.5977988882765541,0
2023-03-01,142.10000610351562,143.4600067138672,141.8000030517578,142.5500030517578,130.85061645507812,7139200,0.0,20.579999923706055,4.9,5.06,4.01,-0.005596161724005869,0.15248922232265047,0.0,0.0,0.049,0.0506,0.0401,-0.0057971417782864965,-0.6469868112363096,0.04874,0.047935,0.0008050000000000002,0.6012508495377121,0
2023-03-02,142.24000549316406,142.42999267578125,139.5399932861328,141.07000732421875,129.49208068847656,11106800,0.0,19.59000015258789,4.91,5.04,4.08,-0.010436613838533225,0.1565119822626245,0.0,0.0,0.049100000000000005,0.0504,0.0408,-0.04810494532498932,-0.558338446888253,0.04888,0.04806,0.0008200000000000013,0.6056338333951883,0
2023-03-03,141.50999450683594,143.74000549316406,141.0800018310547,143.66000366210938,131.86952209472656,9513100,0.0,18.489999771118164,4.91,5.03,3.97,0.018193238464456054,0.1676904143330771,0.0,0.0,0.049100000000000005,0.050300000000000004,0.0397,-0.05615111653403504,-0.6448361634609983,0.04898,0.048185,0.000795000000000004,0.633745296302467,0
2023-03-06,143.44000244140625,144.0399932861328,142.66000366210938,142.82000732421875,131.0984344482422,9261300,0.0,18.610000610351562,4.93,5.05,3.98,-0.005864515712044967,0.16828360105891563,0.0,0.0,0.0493,0.050499999999999996,0.0398,0.006490040060511015,-0.6326384229425285,0.04906,0.0483,0.0007599999999999968,0.6313192504580164,0
2023-03-07,142.00999450683594,142.30999755859375,137.80999755859375,138.6199951171875,127.24314880371094,11747600,0.0,19.59000015258789,5.04,5.22,3.97,-0.029848635498513236,0.19194298634141596,0.0,0.0,0.0504,0.052199999999999996,0.0397,0.052659833965358116,-0.6302637523193981,0.04938,0.048465,0.0009149999999999991,0.5904187993094694,0
2023-03-08,138.0,138.58999633789062,136.88999938964844,137.8000030517578,126.4904556274414,10002500,0.0,19.110000610351562,5.06,5.25,3.98,-0.005932957803164951,0.1910984268772596,0.0,0.0,0.0506,0.0525,0.0398,-0.02450227353229084,-0.667201545324515,0.0497,0.04864,0.0010599999999999984,0.5902497754590723,0
2023-03-09,136.75999450683594,137.35000610351562,129.22000122070312,130.33999633789062,119.64269256591797,25888100,0.0,22.610000610351562,5.05,5.18,3.93,-0.05565711666115306,0.26181718567383655,0.0,0.0,0.050499999999999996,0.0518,0.0393,0.1831501773005757,-0.7916921976749917,0.04998,0.048805,0.0011749999999999955,0.499933479563006,0
2023-03-10,128.9600067138672,135.25999450683594,127.81999969482422,133.64999389648438,122.6810302734375,32103200,0.0,24.799999237060547,5.01,4.9,3.7,0.025077998191680332,0.2810249294493382,0.0,0.0,0.0501,0.049,0.037000000000000005,0.09685973319727981,-0.6095377354525132,0.05018,0.048925,0.0012549999999999992,0.48779056262068776,0
2023-03-13,131.2100067138672,133.8800048828125,129.41000366210938,131.25,120.47801208496094,32103200,0.0,26.520000457763672,4.87,4.3,3.55,-0.01812047330956162,0.28252119450826113,0.0,0.0,0.0487,0.043,0.0355,0.06935489006518969,-0.6146859600614689,0.05006000000000001,0.048964999999999995,0.0010950000000000126,0.46178238762956325,0
2023-03-14,135.27999877929688,135.52999877929688,131.2899932861328,134.6199951171875,123.57140350341797,29648100,0.0,23.729999542236328,4.88,4.45,3.64,0.025351891057397814,0.2985066225557901,0.0,0.0,0.048799999999999996,0.044500000000000005,0.0364,-0.10520365261572151,-0.6582180307822896,0.04974,0.049,0.0007399999999999976,0.5140877528821111,0
2023-03-15,130.97999572753906,130.99000549316406,126.7300033569336,128.25999450683594,117.73338317871094,32103200,0.0,26.139999389648438,4.75,4.19,3.51,-0.04839655157719177,0.33427634358580566,0.0,0.0,0.0475,0.04190000000000001,0.0351,0.10155920328285806,-0.6834961923325913,0.04912,0.048975000000000005,0.00014499999999999236,0.44444632909289533,0
2023-03-16,128.00999450683594,131.9499969482422,126.0199966430664,130.75,120.01904296875,24558500,0.0,22.989999771118164,4.74,4.49,3.56,0.019227818161306573,0.34337041918104233,0.0,0.0,0.047400000000000005,0.0449,0.0356,-0.12050496144149447,-0.7069280093957194,0.0485,0.04895000000000001,-0.00045000000000000595,0.4982445423470667,0
2023-03-17,128.3800048828125,128.47999572753906,125.44999694824219,125.80999755859375,115.48448181152344,32103200,0.0,25.510000228881836,4.52,4.26,3.39,-0.038514257273143115,0.3614129829279116,0.0,0.0,0.0452,0.0426,0.0339,0.10961289616581449,-0.7264331166279613,0.04752,0.04879,-0.0012700000000000003,0.4368485328228361,0
2023-03-20,126.98999786376953,129.47000122070312,126.01000213623047,127.13999938964844,116.70532989501953,22875500,0.0,24.149999618530273,4.81,4.34,3.47,0.010516045689960733,0.3648892851351211,0.0,0.0,0.0481,0.0434,0.0347,-0.05331244994705253,-0.7396657417426711,0.0474,0.048775,-0.0013750000000000012,0.47077977340464183,0
2023-03-21,130.58999633789062,131.72999572753906,130.19000244140625,130.5500030517578,119.83547973632812,17807800,0.0,21.3799991607666,4.78,4.68,3.59,0.026467589886419344,0.3802786735265209,0.0,0.0,0.0478,0.046799999999999994,0.0359,-0.11469981372746085,-0.763209496583143,0.0472,0.048734999999999994,-0.0015349999999999947,0.5243257569437065,0
2023-03-22,130.55999755859375,130.66000366210938,127.08000183105469,127.18000030517578,116.7420425415039,17250200,0.0,22.260000228881836,4.79,4.56,3.48,-0.02615306377799624,0.38482189297193053,0.0,0.0,0.0479,0.045599999999999995,0.0348,0.041160014156131464,-0.7750381060679061,0.04728,0.048709999999999996,-0.0014299999999999938,0.5072171014741704,0
2023-03-23,127.9000015258789,129.52999877929688,126.0199966430664,126.83999633789062,116.4299545288086,16677600,0.0,22.610000610351562,4.73,4.38,3.38,-0.002676892619857256,0.3846811290427355,0.0,0.0,0.0473,0.0438,0.0338,0.015723287415586373,-0.7790871184716783,0.04726,0.048655,-0.0013949999999999935,0.5052051979001458,0
2023-03-24,125.62999725341797,125.68000030517578,123.11000061035156,124.91000366210938,114.6583480834961,22311100,0.0,21.739999771118164,4.74,4.32,3.38,-0.015333023213278365,0.38385055300965454,0.0,0.0,0.047400000000000005,0.0432,0.0338,-0.038478585393539766,-0.7545707979615909,0.0477,0.048595,-0.000895,0.5037512334906769,0
2023-03-27,126.79000091552734,129.3800048828125,126.29000091552734,128.49000549316406,117.94454193115234,18853900,0.0,20.600000381469727,4.91,4.51,3.53,0.02825771006418636,0.3984303442892295,0.0,0.0,0.049100000000000005,0.0451,0.0353,-0.052437874960925224,-0.7728848473830667,0.047900000000000005,0.048605,-0.0007049999999999973,0.531503154099642,0
2023-03-28,128.7100067138672,129.33999633789062,127.73999786376953,128.8800048828125,118.30252075195312,10820500,0.0,19.969999313354492,4.8,4.55,3.55,0.0030305485343599618,0.3965654070285645,0.0,0.0,0.048,0.0455,0.0355,-0.030582575555772262,-0.7717419059306088,0.04794,0.048565,-0.0006249999999999936,0.5371299207141829,0
2023-03-29,130.10000610351562,130.22000122070312,127.7699966430664,129.13999938964844,118.54120635986328,14595300,0.0,19.1200008392334,4.8,4.59,3.57,0.0020155542359091587,0.3945529077766086,0.0,0.0,0.048,0.045899999999999996,0.035699999999999996,-0.04256377082360119,-0.7740189518638003,0.04796,0.048515,-0.0005549999999999999,0.5455045939426364,0
2023-03-30,129.9499969482422,130.1199951171875,127.6500015258789,128.75,118.18318939208984,12134700,0.0,19.020000457763672,4.97,4.63,3.55,-0.0030247599923059537,0.39460212232207814,0.0,0.0,0.049699999999999994,0.0463,0.0355,-0.005230145244791484,-0.7742371496989064,0.04844,0.048545,-0.00010500000000000093,0.5484630529455161,0
2023-03-31,129.66000366210938,130.33999633789062,128.85000610351562,130.30999755859375,119.61516571044922,13105200,0.0,18.700000762939453,4.85,4.64,3.48,0.012043763944307265,0.3982582068081101,0.0,0.0,0.048499999999999995,0.0464,0.0348,-0.01682437892337696,-0.7874592664512365,0.04866,0.048514999999999996,0.00014500000000000624,0.5664133691586676,0
2023-04-03,129.91000366210938,131.44000244140625,129.41000366210938,130.16000366210938,119.47748565673828,11775400,0.0,18.549999237060547,4.9,4.6,3.43,-0.001151688001632107,0.3903709245588979,0.0,0.0,0.049,0.046,0.034300000000000004,-0.008021471644866773,-0.7810688983278588,0.04864,0.0485,0.00014000000000000123,0.5570403396945963,0
2023-04-04,130.5,130.58999633789062,127.41000366210938,128.4199981689453,117.88028717041016,11579900,0.0,19.0,4.88,4.5,3.35,-0.013458355083590598,0.3915411080648863,0.0,0.0,0.048799999999999996,0.045,0.0335,0.02425880223436394,-0.7819143823592645,0.048799999999999996,0.04842,0.0003799999999999984,0.546094828525594,0
2023-04-05,126.80000305175781,128.14999389648438,126.45999908447266,127.61000061035156,118.05606079101562,9614700,0.0,19.079999923706055,4.86,4.43,3.3,0.0014900091032535405,0.38146304109495355,0.0,0.0,0.048600000000000004,0.0443,0.033,0.004210522300318598,-0.7765474902846097,0.04892,0.04832,0.0005999999999999964,0.5636064989053281,0
2023-04-06,127.0,128.0800018310547,126.86000061035156,127.47000122070312,117.92652130126953,8760200,0.0,18.399999618530273,4.91,4.51,3.3,-0.001097873424462154,0.38145314632555843,0.0,0.0,0.049100000000000005,0.0451,0.033,-0.03563942913495044,-0.7783664006665003,0.048799999999999996,0.04825,0.0005499999999999949,0.5761939592314349,0
2023-04-10,126.54000091552734,128.22999572753906,126.22000122070312,127.88999938964844,118.31507873535156,9477300,0.0,18.969999313354492,5.08,4.65,3.41,0.003289495028785869,0.3308863399898149,0.0,0.0,0.0508,0.04650000000000001,0.0341,0.03097824492616752,-0.6872845752348189,0.049260000000000005,0.048285,0.0009750000000000036,0.6031424459151148,0
2023-04-11,128.3000030517578,128.94000244140625,127.54000091552734,128.52000427246094,118.8979263305664,10516300,0.0,19.100000381469727,5.04,4.67,3.43,0.004914138396187664,0.3183581027643202,0.0,0.0,0.0504,0.0467,0.034300000000000004,0.0068529822256617745,-0.8675249900515196,0.04954,0.04837,0.0011699999999999974,0.5892839186933191,0
2023-04-12,129.17999267578125,130.42999267578125,128.05999755859375,128.5,118.87942504882812,11821000,0.0,19.09000015258789,5.02,4.64,3.41,-0.00015561853699087977,0.3125644858964812,0.0,0.0,0.050199999999999995,0.0464,0.0341,-0.000523572182309362,-0.8633770550751354,0.04982,0.04844,0.0013800000000000062,0.6001200736261958,0
2023-04-13,128.4600067138672,129.0399932861328,126.83000183105469,128.99000549316406,119.33272552490234,12450200,0.0,17.799999237060547,5.1,4.66,3.45,0.003805859794619773,0.2985915456026857,0.0,0.0,0.051,0.0466,0.0345,-0.06757469383008197,-0.8403478508372825,0.0503,0.048615000000000005,0.001684999999999992,0.6057144270942814,0
2023-04-14,135.14999389648438,139.1199951171875,134.89999389648438,138.72999572753906,128.343505859375,32103200,0.0,17.06999969482422,5.14,4.77,3.52,0.07279470456206567,0.3502524008794983,0.0,0.0,0.051399999999999994,0.04769999999999999,0.0352,-0.04101121199580893,-0.6249036442458293,0.05075999999999999,0.048815,0.0019449999999999953,0.6882754312182344,0
2023-04-17,139.9499969482422,140.05999755859375,137.66000366210938,139.8300018310547,129.3611602783203,16050500,0.0,16.950000762939453,5.21,4.8,3.6,0.007897875688452556,0.3462665090797073,0.0,0.0,0.0521,0.048,0.036000000000000004,-0.007029814530175482,-0.6261150630641269,0.051019999999999996,0.04916,0.0018599999999999936,0.6832448313349752,0
2023-04-18,140.27000427246094,141.77999877929688,139.02999877929688,141.39999389648438,130.81362915039062,13760100,0.0,16.829999923706055,5.2,4.81,3.58,0.01116544738890682,0.3111777916072321,0.0,0.0,0.052000000000000005,0.0481,0.0358,-0.007079695211328563,-0.4947033047351734,0.05134,0.049354999999999996,0.0019850000000000007,0.7145295248376609,0
2023-04-19,141.22999572753906,141.5,140.39999389648438,141.22000122070312,130.64706420898438,9158100,0.0,16.459999084472656,5.16,4.84,3.6,-0.0012741109326915186,0.31167076060656485,0.0,0.0,0.0516,0.0484,0.036000000000000004,-0.02198460136130065,-0.49149243947722043,0.05162,0.049545,0.0020750000000000005,0.7127946584126088,0
2023-04-20,139.91000366210938,141.42999267578125,139.83999633789062,140.80999755859375,130.2677764892578,10586200,0.0,17.170000076293945,5.12,4.77,3.54,-0.0029073699746765816,0.3031147931998123,0.0,0.0,0.0512,0.04769999999999999,0.0354,0.043134935073663616,-0.44050127177526455,0.051660000000000005,0.04971,0.0019500000000000073,0.6851717623565141,0
2023-04-21,139.74000549316406,141.11000061035156,138.77999877929688,140.5399932861328,130.01800537109375,11842500,0.0,16.770000457763672,5.14,4.78,3.57,-0.0019192073654211925,0.28377281286510697,0.0,0.0,0.051399999999999994,0.0478,0.035699999999999996,-0.023296424971048224,-0.34084175362079483,0.05166,0.049915,0.0017449999999999966,0.7053081005896347,0
2023-04-24,140.4600067138672,141.10000610351562,140.0399932861328,140.72999572753906,130.19378662109375,7567500,0.0,16.889999389648438,5.2,4.76,3.52,0.0013510631120369563,0.2827178502343378,0.0,0.0,0.052000000000000005,0.047599999999999996,0.0352,0.0071555711752655515,-0.3316895755549465,0.05164,0.050144999999999995,0.0014950000000000033,0.7059922797937512,0
2023-04-25,139.60000610351562,139.9600067138672,137.6300048828125,137.6699981689453,127.36284637451172,10629300,0.0,18.760000228881836,5.12,4.6,3.4,-0.021983935939111868,0.2896926306016811,0.0,0.0,0.0512,0.046,0.034,0.11071645392595375,-0.5121508327793903,0.051480000000000005,0.050249999999999996,0.0012300000000000089,0.6753324599181476,0
2023-04-26,137.6199951171875,137.80999755859375,134.0,135.22999572753906,125.10554504394531,14416100,0.0,18.84000015258789,5.16,4.64,3.43,-0.017882329510244332,0.28710774069940825,0.0,0.0,0.0516,0.0464,0.034300000000000004,0.004264388205224678,-0.46541634040084845,0.051480000000000005,0.050429999999999996,0.0010500000000000093,0.6467258659072881,0
2023-04-27,136.0,137.91000366210938,135.66000366210938,137.0500030517578,126.78929901123047,9041100,0.0,17.030000686645508,5.18,4.78,3.53,0.013368904403758196,0.28943344888422357,0.0,0.0,0.0518,0.0478,0.0353,-0.09607215771140842,-0.46980159269141675,0.0516,0.05062,0.0009800000000000017,0.6787238584350297,0
2023-04-28,136.55999755859375,138.32000732421875,135.6699981689453,138.24000549316406,127.89020538330078,9887300,0.0,15.779999732971191,5.1,4.8,3.44,0.0086454795951248,0.289973690640808,0.0,0.0,0.051,0.048,0.0344,-0.07339993560038638,-0.4739578311260185,0.051519999999999996,0.050685,0.0008349999999999955,0.7005184722841193,0
2023-05-01,142.25999450683594,143.3699951171875,140.8300018310547,141.1999969482422,130.62857055664062,20415800,0.0,16.079999923706055,5.27,4.86,3.59,0.021185831369322932,0.29507238532478364,0.0,0.0,0.0527,0.048600000000000004,0.0359,0.01901141925294425,-0.4328011007294194,0.051660000000000005,0.050895,0.0007650000000000018,0.7106459639858798,0
2023-05-02,141.39999389648438,142.41000366210938,138.42999267578125,138.9199981689453,128.51927185058594,14113400,0.0,17.780000686645508,5.24,4.74,3.44,-0.016279088169385753,0.3024909010011237,0.0,0.0,0.0524,0.047400000000000005,0.0344,0.10572144098292036,-0.4806712475115644,0.0519,0.051065000000000006,0.0008349999999999955,0.6695135386664841,0
2023-05-03,138.44000244140625,138.6699981689453,135.75999450683594,135.97999572753906,125.79938507080078,12930900,0.0,18.34000015258789,5.26,4.7,3.38,-0.021390412476060234,0.31424058583867004,0.0,0.0,0.0526,0.047,0.0338,0.031496031738794894,-0.49843104849443226,0.0521,0.05125500000000001,0.0008449999999999916,0.6494706856777206,0
2023-05-04,134.9600067138672,135.72000122070312,131.80999755859375,134.1199951171875,124.07864379882812,17089200,0.0,20.09000015258789,5.26,4.59,3.37,-0.013772867350982513,0.3144430942254376,0.0,0.0,0.0526,0.045899999999999996,0.0337,0.09541984653435587,-0.5163899039982648,0.052259999999999994,0.051454999999999994,0.0008050000000000002,0.6242959734693215,0
2023-05-05,136.44000244140625,137.8800048828125,135.91000366210938,136.74000549316406,126.50250244140625,11261400,0.0,17.190000534057617,5.26,4.73,3.44,0.019346501363441494,0.3198016612108437,0.0,0.0,0.0526,0.0473,0.0344,-0.14435040301165503,-0.5299048861068459,0.05258,0.051629999999999995,0.0009500000000000064,0.676332693790918,0
2023-05-08,137.49000549316406,137.97000122070312,136.47999572753906,137.07000732421875,126.80779266357422,7484900,0.0,16.979999542236328,5.31,4.79,3.52,0.0024104063346836084,0.3194257664944255,0.0,0.0,0.053099999999999994,0.0479,0.0352,-0.01221646220459538,-0.5393354325897636,0.05266,0.051745,0.0009149999999999991,0.6814194700171582,0
2023-05-09,135.92999267578125,136.9499969482422,135.2100067138672,136.41000366210938,126.19721984863281,7343600,0.0,17.709999084472656,5.29,4.81,3.53,-0.004826576313215496,0.3207142976254488,0.0,0.0,0.0529,0.0481,0.0353,0.042991729205911655,-0.5481667626484004,0.05276000000000001,0.05186999999999999,0.0008900000000000158,0.6661651235106194,0
2023-05-10,137.9499969482422,138.05999755859375,134.8699951171875,136.47999572753906,126.26194763183594,8133400,0.0,16.940000534057617,5.24,4.7,3.43,0.0005127782466164168,0.32075802953780924,0.0,0.0,0.0524,0.047,0.034300000000000004,-0.0434781812659798,-0.5395965428909065,0.05272,0.051980000000000005,0.0007399999999999976,0.6745397466919155,0
2023-05-11,135.0,136.80999755859375,134.89999389648438,136.0500030517578,125.86418151855469,7057300,0.0,16.93000030517578,5.2,4.7,3.39,-0.003155297268328246,0.32128144472425535,0.0,0.0,0.052000000000000005,0.047,0.0339,-0.0005903322648502796,-0.5390730357655221,0.0526,0.05203,0.0005700000000000011,0.6728970126343707,0
2023-05-12,136.82000732421875,136.99000549316406,133.1300048828125,134.10000610351562,124.0601577758789,9988600,0.0,17.030000686645508,5.25,4.75,3.46,-0.014436809802260893,0.3266734510637328,0.0,0.0,0.0525,0.0475,0.0346,0.005906696967935332,-0.545640885142034,0.05258,0.052085000000000006,0.0004949999999999954,0.660610417997455,0
2023-05-15,134.27000427246094,135.6699981689453,133.9600067138672,135.22999572753906,125.10554504394531,7639500,0.0,17.1200008392334,5.21,4.73,3.5,0.00839115006728552,0.20334290495740753,0.0,0.0,0.0521,0.0473,0.035,0.005284800291198266,-0.692340428524136,0.05238,0.052085000000000006,0.00029499999999999665,0.6209898951562314,0
2023-05-16,135.4600067138672,135.94000244140625,133.9600067138672,134.32000732421875,124.26368713378906,6477200,0.0,17.989999771118164,5.23,4.88,3.54,-0.006751924453983435,0.2013922311023493,0.0,0.0,0.052300000000000006,0.048799999999999996,0.0354,0.050817692128321434,-0.6987263742583575,0.05226000000000001,0.0521,0.00016000000000000736,0.5998474328766347,0
2023-05-17,135.89999389648438,138.58999633789062,135.4600067138672,138.4499969482422,128.08447265625,12711500,0.0,16.8700008392334,5.26,4.92,3.57,0.030284171951982394,0.22637778500240788,0.0,0.0,0.0526,0.0492,0.035699999999999996,-0.062256750757876844,-0.7120888181171018,0.0523,0.05215000000000001,0.00014999999999999042,0.6272196124340541,0
2023-05-18,138.27000427246094,139.72999572753906,137.75999450683594,139.5,129.0558624267578,10999600,0.0,16.049999237060547,5.31,5.02,3.65,0.007555363813711396,0.22830311610619927,0.0,0.0,0.053099999999999994,0.050199999999999995,0.0365,-0.04860708721874096,-0.7208203281484679,0.05252,0.052245,0.00027499999999999747,0.6441837047955694,0
2023-05-19,139.7899932861328,140.49000549316406,138.1300048828125,139.17999267578125,128.75982666015625,13492200,0.0,16.809999465942383,5.29,5.02,3.7,-0.0022964924885269947,0.2282345667360858,0.0,0.0,0.0529,0.050199999999999995,0.037000000000000005,0.0473520414335562,-0.7184627058891215,0.0526,0.05232,0.00028000000000000247,0.6336956036962715,0
2023-05-22,141.0,141.63999938964844,137.66000366210938,138.02999877929688,127.69591522216797,11402500,0.0,17.209999084472656,5.4,5.07,3.72,-0.008297084975529946,0.22977922835177375,0.0,0.0,0.054000000000000006,0.0507,0.037200000000000004,0.02379533796777844,-0.7247419797847507,0.052980000000000006,0.05242,0.0005600000000000049,0.6241878242741428,0
2023-05-23,137.5399932861328,139.02999877929688,136.4600067138672,136.58999633789062,126.36375427246094,9514900,0.0,18.530000686645508,5.34,5.06,3.7,-0.010487088812499904,0.23199383612436195,0.0,0.0,0.053399999999999996,0.0506,0.037000000000000005,0.07669969043541625,-0.731492907611355,0.053200000000000004,0.05253,0.0006700000000000039,0.5982935662040921,0
2023-05-24,135.39999389648438,136.35000610351562,135.0800018310547,135.33999633789062,125.20732879638672,8578000,0.0,20.030000686645508,5.37,5.12,3.73,-0.009193692752203456,0.2217132839128337,0.0,0.0,0.0537,0.0512,0.0373,0.0809498081174409,-0.7022185948501549,0.05342,0.052635,0.000785000000000001,0.5844889468887899,0
2023-05-25,134.82000732421875,136.27000427246094,134.5800018310547,135.6699981689453,125.51261901855469,8472500,0.0,19.139999389648438,5.38,5.24,3.83,0.0024353098005286743,0.2130041983738527,0.0,0.0,0.0538,0.0524,0.0383,-0.044433413204546524,-0.7283182708083925,0.05356000000000001,0.052735,0.0008250000000000132,0.6092907281869253,0
2023-05-26,136.11000061035156,137.60000610351562,135.6300048828125,136.94000244140625,126.68753814697266,8579900,0.0,17.950000762939453,5.34,5.25,3.8,0.009317421857284961,0.21028225459575778,0.0,0.0,0.053399999999999996,0.0525,0.038,-0.0621733889580256,-0.7202826999447198,0.05366,0.052855,0.0008050000000000002,0.6238706135417272,0
2023-05-30,136.8000030517578,137.72000122070312,136.02000427246094,137.4600067138672,127.16859436035156,7399900,0.0,17.459999084472656,5.55,5.22,3.69,0.00378999541554726,0.20842027661269302,0.0,0.0,0.0555,0.052199999999999996,0.0369,-0.027298142486906207,-0.7160314703245831,0.053959999999999994,0.052995,0.0009649999999999936,0.627976969060447,0
2023-05-31,136.72999572753906,136.83999633789062,134.39999389648438,135.7100067138672,125.54962158203125,14219900,0.0,17.940000534057617,5.52,5.18,3.64,-0.012812649221244967,0.1973010647968632,0.0,0.0,0.0552,0.0518,0.0364,0.02749149339943724,-0.7883479349438419,0.05432,0.053135,0.0011849999999999986,0.6008860425563205,0
2023-06-01,136.52000427246094,138.22999572753906,135.4499969482422,137.5800018310547,127.27965545654297,12248100,0.0,15.649999618530273,5.5,5.11,3.61,0.013685605536127852,0.19706792090894035,0.0,0.0,0.055,0.051100000000000007,0.0361,-0.12764776183701698,-0.7825200783270915,0.05458,0.053255,0.0013249999999999998,0.6514201147105384,0
2023-06-02,139.55999755859375,141.47999572753906,139.33999633789062,140.47000122070312,129.95326232910156,12922500,0.0,14.600000381469727,5.5,5.22,3.69,0.020788188213814996,0.1947789932795046,0.0,0.0,0.055,0.052199999999999996,0.0369,-0.06709260464245015,-0.8060619701608274,0.05482,0.053375000000000006,0.001444999999999995,0.691518915266558,0
2023-06-05,140.11000061035156,140.11000061035156,138.1300048828125,139.08999633789062,128.6765594482422,8511900,0.0,14.729999542236328,5.46,5.17,3.69,-0.009872900522693028,0.19135242910988445,0.0,0.0,0.0546,0.051699999999999996,0.0369,0.008904051874655927,-0.78269229674829,0.05506,0.05347500000000001,0.0015849999999999892,0.6919841216026585,0
2023-06-06,138.67999267578125,140.10000610351562,138.2100067138672,139.33999633789062,128.9078369140625,9329500,0.0,13.960000038146973,5.44,5.2,3.7,0.0017957417548291445,0.1803382330499979,0.0,0.0,0.054400000000000004,0.052000000000000005,0.037000000000000005,-0.05227423815469123,-0.7436302267092348,0.05484,0.05354,0.0013000000000000025,0.6925317349135383,0
2023-06-07,139.5500030517578,141.27000427246094,138.8300018310547,140.69000244140625,130.15679931640625,9281400,0.0,13.9399995803833,5.42,5.16,3.79,0.009642165731145161,0.1828258026497923,0.0,0.0,0.0542,0.0516,0.0379,-0.0014326975436259604,-0.7281789717058758,0.05464,0.053605,0.0010350000000000012,0.6971219315955537,0
2023-06-08,140.6699981689453,140.88999938964844,139.47999572753906,140.72999572753906,130.19378662109375,7368100,0.0,13.649999618530273,5.38,5.12,3.73,0.000284134601066136,0.18154124811607897,0.0,0.0,0.0538,0.0512,0.0373,-0.020803441218256724,-0.7225373398438248,0.054400000000000004,0.053674999999999994,0.0007250000000000104,0.7043048070135841,0
2023-06-09,140.35000610351562,141.8000030517578,140.2100067138672,141.00999450683594,130.4528045654297,7249100,0.0,13.829999923706055,5.37,5.17,3.75,0.0019875036801408692,0.1815136469452737,0.0,0.0,0.0537,0.051699999999999996,0.0375,0.013186835912539108,-0.7287518952144999,0.05414,0.053759999999999995,0.00038000000000000533,0.7026124722972587,0
2023-06-12,141.07000732421875,141.32000732421875,139.75999450683594,141.0,130.44354248046875,7596600,0.0,15.010000228881836,5.4,5.18,3.73,-7.10020287344244e-05,0.18081831316268546,0.0,0.0,0.054000000000000006,0.0518,0.0373,0.08532178681744873,-0.6910770721251098,0.05402,0.053835,0.00018499999999999767,0.6875996419747776,0
2023-06-13,140.47999572753906,142.8699951171875,140.13999938964844,142.02000427246094,131.38719177246094,7701600,0.0,14.609999656677246,5.36,5.26,3.84,0.0072081177211194124,0.17179777419971864,0.0,0.0,0.0536,0.0526,0.0384,-0.02664893844804339,-0.7193069812225926,0.053860000000000005,0.05390999999999999,-4.9999999999987554e-05,0.7061949647242953,0
2023-06-14,143.0,143.61000061035156,140.6999969482422,141.49000549316406,130.8968505859375,9068700,0.0,13.880000114440918,5.36,5.27,3.83,-0.00373901327256318,0.1719023617977649,0.0,0.0,0.0536,0.0527,0.0383,-0.0499657467070983,-0.6938516690377817,0.053739999999999996,0.05397500000000001,-0.00023500000000001298,0.7093979810630662,0
2023-06-15,140.58999633789062,143.39999389648438,140.02999877929688,143.08999633789062,132.3770751953125,9343100,0.0,14.5,5.33,5.21,3.72,0.011244867507877543,0.17145740850549596,0.0,0.0,0.0533,0.0521,0.037200000000000004,0.044668579282937326,-0.6163168154440309,0.05364,0.05400999999999999,-0.0003699999999999884,0.7112576436844562,0
2023-06-16,143.0500030517578,143.97000122070312,142.5,143.25999450683594,132.5343780517578,13813500,0.0,13.539999961853027,5.34,5.24,3.77,0.001187588328138361,0.13985699616530764,0.0,0.0,0.053399999999999996,0.0524,0.0377,-0.06620689918254985,-0.5968832922912475,0.05358,0.054025000000000004,-0.00044500000000000095,0.7076456791717538,0
2023-06-20,142.61000061035156,143.0,141.0399932861328,142.52999877929688,131.85899353027344,8428600,0.0,13.880000114440918,5.39,5.24,3.74,-0.005108947977627086,0.13997281245773446,0.0,0.0,0.053899999999999997,0.0524,0.0374,0.025110794205745357,-0.5944335767244457,0.05356000000000001,0.054075000000000005,-0.0005149999999999946,0.69525268138847,0
2023-06-21,142.89999389648438,144.02000427246094,141.69000244140625,142.32000732421875,131.66476440429688,9926500,0.0,13.199999809265137,5.4,5.25,3.72,-0.0014740922235603766,0.1397558759061114,0.0,0.0,0.054000000000000006,0.0525,0.037200000000000004,-0.048991376049651536,-0.5723451975197944,0.05364,0.054075,-0.0004349999999999979,0.7054516392659242,0
2023-06-22,142.30999755859375,142.60000610351562,138.9499969482422,139.5800018310547,129.12985229492188,10075200,0.0,12.90999984741211,5.4,5.29,3.8,-0.019440523556327593,0.15378588021056594,0.0,0.0,0.054000000000000006,0.0529,0.038,-0.02196969439722829,-0.47458272434817644,0.053720000000000004,0.054105,-0.00038499999999999646,0.7029594256987883,0
2023-06-23,138.5399932861328,139.17999267578125,137.6199951171875,138.85000610351562,128.45452880859375,9919500,0.0,13.4399995803833,5.41,5.25,3.74,-0.005243524710185805,0.15008008317101482,0.0,0.0,0.0541,0.0525,0.0374,0.041053426741707755,-0.44007657323797633,0.05388,0.054125,-0.00024500000000000216,0.6985129549981123,0
2023-06-26,138.8699951171875,140.00999450683594,137.69000244140625,139.19000244140625,128.76907348632812,8429700,0.0,14.25,5.5,5.27,3.72,0.002445691854970135,0.14568425739882704,0.0,0.0,0.055,0.0527,0.037200000000000004,0.06026789024599055,-0.3535384741562301,0.054200000000000005,0.054185,1.5000000000008062e-05,0.6938755101038472,0
2023-06-27,139.0,139.83999633789062,138.5399932861328,139.1999969482422,128.77833557128906,8154000,0.0,13.739999771118164,5.44,5.33,3.77,7.19252816312504e-05,0.14568953308255256,0.0,0.0,0.054400000000000004,0.0533,0.0377,-0.03578948974609375,-0.34861045882434055,0.0543,0.054235,6.500000000000256e-05,0.6997508090371627,0
2023-06-28,139.16000366210938,139.2100067138672,137.9600067138672,138.58999633789062,128.21395874023438,7558600,0.0,13.430000305175781,5.44,5.32,3.71,-0.004392176348004198,0.14382091363072275,0.0,0.0,0.054400000000000004,0.053200000000000004,0.0371,-0.022561824680231046,-0.310507524608823,0.054380000000000005,0.05417999999999999,0.00020000000000001267,0.6960166838796047,0
2023-06-29,140.07000732421875,143.55999755859375,139.85000610351562,143.42999267578125,132.69158935546875,15423200,0.0,13.539999961853027,5.46,5.41,3.85,0.0343271373478544,0.18534377950151865,0.0,0.0,0.0546,0.0541,0.0385,0.008190592269372798,-0.18111895519799415,0.05450000000000001,0.05415,0.00035000000000001,0.7126229159636817,0
2023-06-30,144.60000610351562,146.0,143.66000366210938,145.44000244140625,134.55117797851562,14212800,0.0,13.59000015258789,5.43,5.4,3.81,0.013917073648258518,0.18147157934798996,0.0,0.0,0.054299999999999994,0.054000000000000006,0.0381,0.00369277628328879,-0.11909708142422838,0.05454,0.054115,0.0004249999999999948,0.7278195339237616,0
2023-07-03,146.19000244140625,147.47999572753906,146.0,146.61000061035156,135.63356018066406,8021600,0.0,13.569999694824219,5.44,5.43,3.86,0.008012206757878261,0.17841797255594713,0.0,0.0,0.054400000000000004,0.054299999999999994,0.038599999999999995,-0.0014717040131794201,-0.006341658924825752,0.05442,0.054084999999999994,0.0003350000000000089,0.7247280888351156,0
2023-07-05,144.94000244140625,145.42999267578125,144.36000061035156,144.63999938964844,134.72999572753906,8934900,0.0,14.180000305175781,5.44,5.4,3.95,-0.006684094785943067,0.16909670416694741,0.0,0.0,0.054400000000000004,0.054000000000000006,0.0395,0.04495214621001242,0.07845635728675937,0.05442,0.054075,0.000345000000000005,0.6996656012638279,0
2023-07-06,143.02000427246094,143.38999938964844,141.44000244140625,143.2100067138672,133.3979949951172,9709500,0.0,15.4399995803833,5.46,5.44,4.05,-0.009935640709513322,0.16915102694749878,0.0,0.0,0.0546,0.054400000000000004,0.0405,0.0888574928131427,-0.02636740132176181,0.054459999999999995,0.054084999999999994,0.00037500000000000033,0.6816372644452244,0
2023-07-07,143.91000366210938,145.83999633789062,143.0,144.33999633789062,134.4505615234375,8981500,0.0,14.829999923706055,5.46,5.41,4.06,0.007859455807220264,0.17048602496641302,0.0,0.0,0.0546,0.0541,0.0406,-0.03950775085850766,-0.054037522790675474,0.054459999999999995,0.054105,0.0003549999999999942,0.6939565425973998,0
2023-07-10,144.5,145.99000549316406,144.5,145.14999389648438,135.20506286621094,9100100,0.0,15.069999694824219,5.48,5.38,4.01,0.005596050988840223,0.16876968330947464,0.0,0.0,0.0548,0.0538,0.0401,0.01618339665224955,-0.04520775975149298,0.05456000000000001,0.05415500000000001,0.0004050000000000026,0.6881212867439799,0
2023-07-11,146.33999633789062,147.82000732421875,145.7100067138672,147.4199981689453,137.3195343017578,11260900,0.0,14.84000015258789,5.49,5.44,3.99,0.015517967104845324,0.17516133180422125,0.0,0.0,0.054900000000000004,0.054400000000000004,0.039900000000000005,-0.015262080085862384,-0.07601450332736177,0.05466,0.054215,0.00044500000000000095,0.7004731094109784,0
2023-07-12,147.4499969482422,149.8699951171875,147.0,148.14999389648438,137.99951171875,11323200,0.0,13.539999961853027,5.47,5.35,3.86,0.004939569633150565,0.17534296795941057,0.0,0.0,0.0547,0.0535,0.038599999999999995,-0.0876010901191373,-0.08815831218101254,0.054720000000000005,0.05425,0.00047000000000000514,0.7207924389824616,0
2023-07-13,148.6999969482422,149.3699951171875,147.75,148.8699951171875,138.67019653320312,11234900,0.0,13.609999656677246,5.47,5.27,3.76,0.00484828015643529,0.1751992070810578,0.0,0.0,0.0547,0.0527,0.037599999999999995,0.005169844536294876,-0.06939737669521148,0.05474,0.054305000000000006,0.00043499999999999095,0.7227210873967582,0
2023-07-14,151.5500030517578,152.88999938964844,148.41000366210938,149.77000427246094,139.50852966308594,27028400,0.0,13.34000015258789,5.49,5.34,3.83,0.006027316892966849,0.17488186292293253,0.0,0.0,0.054900000000000004,0.053399999999999996,0.0383,-0.019838318214570272,-0.06478114606263967,0.0548,0.054369999999999995,0.00043000000000000677,0.7258734373554085,0
2023-07-17,150.35000610351562,153.75,150.35000610351562,153.3800048828125,142.87120056152344,17262400,0.0,13.479999542236328,5.49,5.33,3.81,0.02381778508571894,0.18739362551621755,0.0,0.0,0.054900000000000004,0.0533,0.0381,0.010494706750155292,-0.07156772077924023,0.05482,0.05445000000000001,0.0003699999999999884,0.7402773020339679,0
2023-07-18,153.3800048828125,154.39999389648438,152.82000732421875,153.66000366210938,143.13198852539062,13491700,0.0,13.300000190734863,5.49,5.32,3.8,0.0018236722253112908,0.18574551551780588,0.0,0.0,0.054900000000000004,0.053200000000000004,0.038,-0.013353068072256224,-0.10639433111134126,0.05482,0.054525000000000004,0.00029499999999999665,0.7372395815563745,0
2023-07-19,152.75,155.2100067138672,152.22000122070312,154.25,143.68161010742188,12510000,0.0,13.760000228881836,5.49,5.32,3.75,0.0038326094538673025,0.18551705195115825,0.0,0.0,0.054900000000000004,0.053200000000000004,0.0375,0.03458646853760361,-0.1292861430930817,0.05486,0.054575,0.00028500000000000053,0.732245854827464,0
2023-07-20,154.52999877929688,156.58999633789062,154.41000366210938,156.14999389648438,145.45140075683594,9935900,0.0,13.989999771118164,5.49,5.35,3.85,0.012242204703720738,0.18469963732323957,0.0,0.0,0.054900000000000004,0.0535,0.0385,0.016715082733324893,-0.09333290481557346,0.054900000000000004,0.05462,0.00028000000000000247,0.739289856675422,0
2023-07-21,155.8000030517578,156.13999938964844,154.69000244140625,154.9499969482422,144.33363342285156,10636400,0.0,13.600000381469727,5.5,5.35,3.84,-0.007714496924660614,0.18854115723989048,0.0,0.0,0.055,0.0535,0.0384,-0.02787701186768976,-0.08772295416209124,0.054920000000000004,0.05467000000000001,0.0002499999999999933,0.7411439647726275,0
2023-07-24,154.97000122070312,158.7899932861328,154.72999572753906,158.0,147.1746368408203,14381400,0.0,13.90999984741211,5.51,5.38,3.86,0.019492368903832547,0.17427475899899933,0.0,0.0,0.055099999999999996,0.0538,0.038599999999999995,0.022794077738759633,-0.1359039752210587,0.054959999999999995,0.054720000000000005,0.00023999999999999022,0.7598919555580848,0
2023-07-25,157.3000030517578,157.72000122070312,155.9600067138672,156.82000732421875,146.07550048828125,9944700,0.0,13.859999656677246,5.51,5.38,3.91,-0.007496272701708106,0.17630614319971108,0.0,0.0,0.055099999999999996,0.0538,0.0391,-0.003594550056315482,-0.07498534820495739,0.05500000000000001,0.054725,0.0002750000000000044,0.7592649655015649,0
2023-07-26,156.7100067138672,158.25,156.27999877929688,157.75999450683594,146.9510955810547,8728600,0.0,13.1899995803833,5.51,5.37,3.86,0.005976233628851129,0.1758021888349065,0.0,0.0,0.055099999999999996,0.0537,0.038599999999999995,-0.04834055504259438,-0.04779154181275097,0.05504,0.05476000000000001,0.0002799999999999886,0.7709331233755978,0
2023-07-27,157.77000427246094,158.77999877929688,155.5500030517578,156.02000427246094,145.330322265625,10778400,0.0,14.40999984741211,5.51,5.4,4.01,-0.011090612194847568,0.18479883854737306,0.0,0.0,0.055099999999999996,0.054000000000000006,0.0401,0.09249433706148413,-0.2262827778482061,0.05508,0.054795,0.0002849999999999936,0.7468688931138434,0
2023-07-28,157.27999877929688,157.60000610351562,156.44000244140625,156.91000366210938,146.1593475341797,9103800,0.0,13.329999923706055,5.52,5.37,3.96,0.0056882118974190075,0.18108448696527799,0.0,0.0,0.0552,0.0537,0.039599999999999996,-0.07494794830966023,-0.23755810715572867,0.05512,0.054825,0.0002950000000000036,0.7682899818243478,0
2023-07-31,157.17999267578125,159.3800048828125,157.14999389648438,157.9600067138672,147.13739013671875,8892700,0.0,13.630000114440918,5.55,5.37,3.97,0.006669329059552444,0.14964469668645164,0.0,0.0,0.0555,0.0537,0.0397,0.022505640844104002,-0.30792021245654994,0.05519999999999999,0.054885,0.0003149999999999889,0.747543426115435,0
2023-08-01,157.42999267578125,158.0,156.14999389648438,157.17999267578125,146.4108123779297,6853900,0.0,13.930000305175781,5.54,5.38,4.05,-0.004950323226911339,0.14962613440975056,0.0,0.0,0.0554,0.0538,0.0405,0.022010285268964536,-0.3311553222198446,0.05526,0.054935,0.0003249999999999989,0.7320292581524341,0
2023-08-02,155.55999755859375,155.69000244140625,153.94000244140625,155.39999389648438,144.75274658203125,8299400,0.0,16.09000015258789,5.53,5.36,4.08,-0.011389362907503123,0.1579695208528162,0.0,0.0,0.0553,0.0536,0.0408,0.15506100503167586,-0.4492757308458302,0.055299999999999995,0.05498000000000001,0.00031999999999998696,0.689638989556107,0
2023-08-03,155.0,156.9199981689453,154.35000610351562,156.35000610351562,145.6376953125,6084000,0.0,15.920000076293945,5.54,5.37,4.2,0.006094907698700062,0.15415472768300983,0.0,0.0,0.0554,0.0537,0.042,-0.010565573317698362,-0.43448924368273717,0.05536,0.05502,0.00034,0.6996728971316619,0
2023-08-04,156.39999389648438,157.8000030517578,155.6999969482422,156.02000427246094,145.330322265625,6209400,0.0,17.100000381469727,5.54,5.33,4.05,-0.0021127625212570495,0.14767723293005258,0.0,0.0,0.0554,0.0533,0.0405,0.07412062182919765,-0.3897766357739676,0.055400000000000005,0.05506,0.00034000000000000696,0.6874806518976704,0
2023-08-07,156.60000610351562,157.6999969482422,156.60000610351562,156.75999450683594,146.01959228515625,7251800,0.0,15.770000457763672,5.56,5.3,4.09,0.004731570328604442,0.147064722632276,0.0,0.0,0.0556,0.053,0.0409,-0.07777777158106369,-0.3655428176392556,0.055420000000000004,0.055099999999999996,0.0003200000000000078,0.7046093161332128,0
2023-08-08,154.32000732421875,155.97999572753906,152.58999633789062,155.8800048828125,145.19989013671875,8623400,0.0,15.989999771118164,5.57,5.35,4.02,-0.005629460682868606,0.15056252051755062,0.0,0.0,0.0557,0.0535,0.04019999999999999,0.013950495051900047,-0.3675704888125637,0.055479999999999995,0.05514,0.0003399999999999931,0.6947861877202216,0
2023-08-09,155.32000732421875,155.52000427246094,153.47000122070312,153.7899932861328,143.2530975341797,6277800,0.0,15.960000038146973,5.55,5.35,4.0,-0.013498367119920947,0.15462476006606587,0.0,0.0,0.0555,0.0535,0.04,-0.0018761559349974588,-0.3261924900497357,0.05551999999999999,0.05517999999999999,0.00034,0.6779429135788396,0
2023-08-10,154.3800048828125,155.44000244140625,153.08999633789062,153.55999755859375,143.0388641357422,5995100,0.0,15.850000381469727,5.54,5.33,4.09,-0.0014966081281164634,0.15469799892189615,0.0,0.0,0.0554,0.0533,0.0409,-0.00689220904851684,-0.3179561234564722,0.05551999999999999,0.055215,0.0003049999999999928,0.6756824935013344,0
2023-08-11,153.02999877929688,154.52000427246094,152.6300048828125,154.4499969482422,143.86785888671875,5180700,0.0,14.84000015258789,5.54,5.36,4.16,0.00577886115237532,0.15496937184129106,0.0,0.0,0.0554,0.0536,0.0416,-0.06372241038319659,-0.33009030435203895,0.05552,0.05524,0.00028000000000000247,0.6906577726293182,0
2023-08-14,153.61000061035156,154.9199981689453,152.9199981689453,154.77000427246094,144.1659698486328,5044300,0.0,14.819999694824219,5.56,5.37,4.19,0.00206997261167621,0.15419824774838112,0.0,0.0,0.0556,0.0537,0.04190000000000001,-0.0013477397276295822,-0.3231019219547726,0.05551999999999999,0.055275,0.0002449999999999952,0.6885877885507667,0
2023-08-15,152.85000610351562,153.27000427246094,150.22999572753906,150.8300018310547,140.4958953857422,10300300,0.0,16.459999084472656,5.56,5.36,4.21,-0.0257869302615564,0.1596441899957901,0.0,0.0,0.0556,0.0536,0.0421,0.110661229650443,-0.5153182259465771,0.055499999999999994,0.055310000000000005,0.0001899999999999888,0.6356443214780323,0
2023-08-16,150.60000610351562,150.9600067138672,149.67999267578125,150.19000244140625,139.8997802734375,6978200,0.0,16.780000686645508,5.56,5.37,4.28,-0.004251962937798375,0.15977415577235024,0.0,0.0,0.0556,0.0537,0.042800000000000005,0.019441167677507476,-0.5132470214164074,0.05551999999999999,0.055345,0.0001749999999999946,0.6274587057805041,0
2023-08-17,150.8800048828125,151.25999450683594,148.39999389648438,148.6300048828125,138.44662475585938,9953900,0.0,17.889999389648438,5.56,5.36,4.3,-0.010441440547901295,0.16187313439185025,0.0,0.0,0.0556,0.0536,0.043,0.06615009878315026,-0.5462348838103521,0.05556,0.055380000000000006,0.00017999999999999267,0.6031130500778281,0
2023-08-18,147.64999389648438,149.5,147.44000244140625,148.97000122070312,138.76333618164062,8517500,0.0,17.299999237060547,5.55,5.35,4.26,0.0022849941070749932,0.15452299414465423,0.0,0.0,0.0555,0.0535,0.0426,-0.03297932770916012,-0.5850992208943717,0.05558,0.055404999999999996,0.00017500000000000154,0.6056104991814205,0
2023-08-21,149.64999389648438,150.10000610351562,148.02000427246094,149.47999572753906,139.2384033203125,8327000,0.0,17.1299991607666,5.57,5.37,4.34,0.003417731140507553,0.1543668709731015,0.0,0.0,0.0557,0.0537,0.0434,-0.009826594438788527,-0.620011077480178,0.0556,0.055435,0.00016499999999999848,0.6146641838882404,0
2023-08-22,149.25999450683594,149.63999938964844,145.85000610351562,146.3800048828125,136.3507843017578,9673300,0.0,16.969999313354492,5.57,5.39,4.34,-0.020956734376091406,0.14781506794271998,0.0,0.0,0.0557,0.053899999999999997,0.0434,-0.009340330137234454,-0.6327337733641936,0.05562,0.055465,0.00015500000000000236,0.5928719061785399,0
2023-08-23,146.35000610351562,147.58999633789062,145.4600067138672,147.3699951171875,137.27296447753906,7858000,0.0,15.979999542236328,5.57,5.35,4.19,0.006740523594688978,0.1513180606257947,0.0,0.0,0.0557,0.0535,0.04190000000000001,-0.058338232832990555,-0.6624524328547073,0.05564,0.055494999999999996,0.00014500000000000624,0.6154819735631503,0
2023-08-24,147.5,149.41000366210938,146.99000549316406,147.22999572753906,137.14254760742188,6534000,0.0,17.200000762939453,5.58,5.39,4.23,-0.0009505066163731123,0.14803081707004556,0.0,0.0,0.0558,0.053899999999999997,0.042300000000000004,0.07634551036616566,-0.6157147853281757,0.05568000000000001,0.05553,0.0001500000000000043,0.5939390375600343,0
2023-08-25,147.27999877929688,148.6199951171875,145.85000610351562,147.0500030517578,136.97488403320312,6695500,0.0,15.680000305175781,5.61,5.44,4.25,-0.0012232975781489939,0.14540181354984644,0.0,0.0,0.056100000000000004,0.054400000000000004,0.0425,-0.0883721157175057,-0.5741699392850081,0.0558,0.055575000000000006,0.00022499999999999604,0.621515876418748,0
2023-08-28,147.57000732421875,148.61000061035156,147.1300048828125,147.55999755859375,137.44993591308594,5094100,0.0,15.079999923706055,5.58,5.44,4.2,0.0034621675582934405,0.14395795775332,0.0,0.0,0.0558,0.054400000000000004,0.042,-0.03826532970612717,-0.5603616797252216,0.05582,0.055589999999999994,0.00023000000000000798,0.6287579991962584,0
2023-08-29,147.7100067138672,148.85000610351562,147.17999267578125,148.75999450683594,138.56773376464844,6337000,0.0,14.449999809265137,5.56,5.37,4.12,0.008099510177602335,0.1452385811154252,0.0,0.0,0.0556,0.0537,0.0412,-0.04177719612919528,-0.6077709245939859,0.0558,0.055600000000000004,0.0001999999999999988,0.6386048000240189,0
2023-08-30,148.6199951171875,149.14999389648438,147.19000244140625,148.16000366210938,138.0088348388672,6277300,0.0,13.880000114440918,5.56,5.39,4.12,-0.004041554853076193,0.14510764320597946,0.0,0.0,0.0556,0.053899999999999997,0.0412,-0.03944634618325349,-0.5948640950364587,0.055779999999999996,0.05561499999999999,0.00016500000000000542,0.647284515759252,0
2023-08-31,148.25999450683594,148.35000610351562,145.9600067138672,146.3300018310547,136.30421447753906,10933900,0.0,13.569999694824219,5.56,5.37,4.09,-0.012428444856789343,0.1459236896823101,0.0,0.0,0.0556,0.0537,0.0409,-0.022334323995730432,-0.5511917573633143,0.05574,0.055625,0.00011499999999999705,0.651092378180709,0
2023-09-01,146.08999633789062,148.0800018310547,145.6999969482422,146.82000732421875,136.76063537597656,7903500,0.0,13.09000015258789,5.53,5.36,4.18,0.0033429518573090465,0.1440948605864338,0.0,0.0,0.0553,0.0536,0.0418,-0.03537211149823438,-0.5695703247189475,0.05558,0.05561999999999999,-3.999999999999143e-05,0.656308017669691,0
2023-09-05,147.16000366210938,148.2100067138672,145.00999450683594,145.1999969482422,135.25164794921875,7854700,0.0,14.010000228881836,5.55,5.42,4.27,-0.011095108560214199,0.1467374408287194,0.0,0.0,0.0555,0.0542,0.042699999999999995,0.07028266352709411,-0.6349161736302233,0.05551999999999999,0.055615000000000005,-9.500000000001174e-05,0.637825094991385,0
2023-09-06,144.6999969482422,145.5399932861328,144.11000061035156,144.9600067138672,135.02810668945312,8629200,0.0,14.449999809265137,5.55,5.44,4.3,-0.0016541476518334279,0.14390640819181147,0.0,0.0,0.0555,0.054400000000000004,0.043,0.03140610800820931,-0.5983601771353029,0.055499999999999994,0.055604999999999995,-0.00010500000000000093,0.6277415063119729,0
2023-09-07,144.1300048828125,145.27000427246094,143.38999938964844,143.72000122070312,133.8730010986328,8373700,0.0,14.399999618530273,5.53,5.4,4.27,-0.008591356914155432,0.14476311699150482,0.0,0.0,0.0553,0.054000000000000006,0.042699999999999995,-0.003460220857774976,-0.5930628454621201,0.05544,0.055595000000000006,-0.00015500000000000236,0.6266924042079742,0
2023-09-08,143.3699951171875,144.1199951171875,142.64999389648438,143.8300018310547,133.97552490234375,7107900,0.0,13.84000015258789,5.55,5.42,4.26,0.0007655357320691599,0.14119520899325005,0.0,0.0,0.0555,0.0542,0.0426,-0.03888885283175714,-0.6143676770087355,0.055420000000000004,0.0556,-0.00017999999999999267,0.6431788157548103,0
2023-09-11,144.75,145.0500030517578,143.69000244140625,144.4600067138672,134.56234741210938,6854200,0.0,13.800000190734863,5.55,5.4,4.29,0.00437050788254917,0.14352453939413537,0.0,0.0,0.0555,0.054000000000000006,0.0429,-0.0028901706222559387,-0.6020971450553594,0.055459999999999995,0.055605,-0.00014500000000000624,0.6472422890837224,0
2023-09-12,144.5,147.32000732421875,144.0500030517578,146.33999633789062,136.3135223388672,8363200,0.0,14.229999542236328,5.56,5.42,4.27,0.012929902729490813,0.1509256329870174,0.0,0.0,0.0556,0.0542,0.042699999999999995,0.031159372866542467,-0.4761899732194727,0.055479999999999995,0.055605,-0.00012500000000000705,0.6453590843758672,0
2023-09-13,147.33999633789062,147.6999969482422,145.82000732421875,146.41000366210938,136.37875366210938,8325900,0.0,13.479999542236328,5.55,5.42,4.25,0.0004784244382938694,0.15040913956610355,0.0,0.0,0.0555,0.0542,0.0425,-0.052705553346921175,-0.48245373497274757,0.055479999999999995,0.0556,-0.00012000000000000205,0.6551206639264182,0
2023-09-14,147.83999633789062,149.89999389648438,147.52000427246094,149.25,139.024169921875,10034900,0.0,12.819999694824219,5.55,5.42,4.29,0.019211834008403525,0.14380019190220492,0.0,0.0,0.0555,0.0542,0.0429,-0.04896141467543513,-0.3325529972880564,0.05551999999999999,0.055595000000000006,-7.500000000001256e-05,0.6913294985751041,0
2023-09-15,148.9199981689453,149.72999572753906,148.30999755859375,148.80999755859375,138.6143035888672,19863400,0.0,13.789999961853027,5.56,5.43,4.33,-0.0029525204167247204,0.14344317244262525,0.0,0.0,0.0556,0.054299999999999994,0.0433,0.07566304915127442,-0.3214642883338315,0.05554,0.05559499999999999,-5.4999999999992555e-05,0.6782527567679063,0
2023-09-18,148.16000366210938,149.13999938964844,147.75,149.1199951171875,138.9030303955078,6512400,0.0,14.0,5.55,5.44,4.32,0.0020807846967213564,0.13892957596638375,0.0,0.0,0.0555,0.054400000000000004,0.0432,0.015228429204342975,-0.24766771773342616,0.05554,0.055595000000000006,-5.500000000000643e-05,0.6827079614229221,0
2023-09-19,149.5,149.72000122070312,147.2100067138672,148.92999267578125,138.72608947753906,7943400,0.0,14.109999656677246,5.54,5.45,4.37,-0.0012746569380526313,0.1387896529956489,0.0,0.0,0.0554,0.0545,0.0437,0.007857118334088975,-0.24510997801417878,0.05550000000000001,0.05558,-7.99999999999898e-05,0.679018483401383,0
2023-09-20,149.64999389648438,150.25,148.13999938964844,148.3000030517578,138.13925170898438,7332000,0.0,15.140000343322754,5.56,5.47,4.35,-0.004239162943643422,0.13893945980425393,0.0,0.0,0.0556,0.0547,0.0435,0.07299792428826057,-0.2643611175141335,0.05551999999999999,0.055575000000000006,-5.500000000001337e-05,0.6597538684891521,0
2023-09-21,147.5800018310547,148.85000610351562,146.6300048828125,147.13999938964844,137.05870056152344,8052400,0.0,17.540000915527344,5.57,5.46,4.49,-0.00785294143037434,0.12070239633509229,0.0,0.0,0.0557,0.0546,0.0449,0.15852050976095722,-0.40051906984215313,0.05556,0.055575,-1.5000000000001124e-05,0.633285162180275,0
2023-09-22,147.2899932861328,147.50999450683594,145.19000244140625,145.72999572753906,135.74533081054688,7071700,0.0,17.200000762939453,5.56,5.46,4.44,-0.00962874259243729,0.12290533214765559,0.0,0.0,0.0556,0.0546,0.0444,-0.019384272225830057,-0.3312701615350574,0.05556,0.055564999999999996,-4.9999999999980616e-06,0.6283962683097107,0
2023-09-25,145.35000610351562,146.52000427246094,143.6999969482422,146.4499969482422,136.41598510742188,7044700,0.0,16.899999618530273,5.58,5.45,4.55,0.004928368692386766,0.12433256523790216,0.0,0.0,0.0558,0.0545,0.0455,-0.017441926226863136,-0.3472965904765001,0.05562,0.05555,7.000000000000062e-05,0.636179187052671,0
2023-09-26,144.60000610351562,145.83999633789062,144.22999572753906,144.92999267578125,135.00015258789062,7468400,0.0,18.940000534057617,5.58,5.45,4.56,-0.0104330226940137,0.12923474161833667,0.0,0.0,0.0558,0.0545,0.045599999999999995,0.12071011606950299,-0.4501547604945957,0.05569999999999999,0.05555,0.00014999999999999042,0.6015689060864005,0
2023-09-27,145.19000244140625,146.08999633789062,144.50999450683594,145.77999877929688,135.7919158935547,6717800,0.0,18.219999313354492,5.58,5.49,4.61,0.005847775131639778,0.130459264674695,0.0,0.0,0.0558,0.054900000000000004,0.0461,-0.03801484690607215,-0.4578804060729086,0.05574,0.05556,0.0001799999999999996,0.6132695004918478,0
2023-09-28,146.27999877929688,148.8699951171875,146.00999450683594,147.58999633789062,137.47787475585938,8868100,0.0,17.34000015258789,5.56,5.46,4.59,0.012339309442504403,0.13476813932776507,0.0,0.0,0.0556,0.0546,0.045899999999999996,-0.0482985287557941,-0.47128279504654674,0.055720000000000006,0.05556000000000001,0.00015999999999999348,0.628358322674497,0
2023-09-29,148.60000610351562,148.75999450683594,144.86000061035156,145.02000427246094,135.083984375,11917800,0.0,17.520000457763672,5.55,5.46,4.59,-0.01756630180071476,0.14699244918941148,0.0,0.0,0.0555,0.0546,0.045899999999999996,0.010380640345549086,-0.4543712128554914,0.055700000000000006,0.055555,0.00014500000000000624,0.6177377305884315,0
2023-10-02,144.8300018310547,145.6199951171875,142.6300048828125,143.77000427246094,133.9196319580078,9170600,0.0,17.610000610351562,5.62,5.49,4.69,-0.008656832977263954,0.14385122201387213,0.0,0.0,0.0562,0.054900000000000004,0.046900000000000004,0.0051369948765045415,-0.5017063931299549,0.055779999999999996,0.055600000000000004,0.00017999999999999267,0.6186976639223898,0
2023-10-03,143.1999969482422,143.58999633789062,142.35000610351562,142.7100067138672,132.93223571777344,9431100,0.0,19.780000686645508,5.62,5.49,4.81,-0.007400366016503578,0.14472602440785023,0.0,0.0,0.0562,0.054900000000000004,0.0481,0.1232254401523627,-0.5086513489526189,0.05586,0.055635000000000004,0.00022499999999999604,0.5813183276337451,0
2023-10-04,143.19000244140625,143.47000122070312,141.92999267578125,143.35000610351562,133.52838134765625,8128700,0.0,18.579999923706055,5.61,5.42,4.73,0.004474557111667041,0.14153390571863533,0.0,0.0,0.056100000000000004,0.0542,0.0473,-0.06066737721347171,-0.4997998647469488,0.055920000000000004,0.055665000000000006,0.0002549999999999983,0.6077202841114638,0
2023-10-05,142.0399932861328,143.10000610351562,140.8300018310547,142.89999389648438,134.09141540527344,8576200,0.0,18.489999771118164,5.61,5.39,4.72,0.004207722262364128,0.14244309718271428,0.0,0.0,0.056100000000000004,0.053899999999999997,0.0472,-0.004843926423974909,-0.5025925257286277,0.05602,0.055705000000000005,0.00031499999999999584,0.6124945661309121,0
2023-10-06,142.91000366210938,145.8800048828125,142.13999938964844,145.10000610351562,136.15582275390625,10270600,0.0,17.450000762939453,5.63,5.43,4.78,0.015278213530377881,0.14885795512088146,0.0,0.0,0.056299999999999996,0.054299999999999994,0.0478,-0.05624656684978524,-0.5648602149405201,0.056179999999999994,0.055745,0.00043499999999999095,0.641552345401215,0
2023-10-09,143.66000366210938,145.39999389648438,143.5,144.77000427246094,135.8461456298828,6964900,0.0,17.700000762939453,5.63,5.43,4.78,-0.00227702218234252,0.1492407950209142,0.0,0.0,0.056299999999999996,0.054299999999999994,0.0478,0.01432664693808805,-0.5729069926054203,0.05619999999999999,0.055784999999999994,0.0004149999999999987,0.6361716558056708,0
2023-10-10,145.4199981689453,146.77000427246094,145.27999877929688,145.64999389648438,136.67189025878906,11288800,0.0,17.030000686645508,5.61,5.37,4.66,0.00606012848540764,0.14988344980567359,0.0,0.0,0.056100000000000004,0.0537,0.0466,-0.03785311002340763,-0.5800133620351082,0.056179999999999994,0.05580999999999999,0.00037000000000000227,0.6467440272683809,0
2023-10-11,146.50999450683594,147.22999572753906,145.02000427246094,146.14999389648438,137.14109802246094,8698200,0.0,16.09000015258789,5.61,5.38,4.58,0.003427216699149226,0.1436306004649597,0.0,0.0,0.056100000000000004,0.0538,0.0458,-0.05519674081955506,-0.6300174993978425,0.05618000000000001,0.05584,0.00034000000000000696,0.6545095326609879,0
2023-10-12,146.3000030517578,146.9600067138672,145.1300048828125,145.80999755859375,136.82203674316406,10484400,0.0,16.690000534057617,5.63,5.43,4.7,-0.0023292288856329476,0.14391277696693094,0.0,0.0,0.056299999999999996,0.054299999999999994,0.047,0.03729026574143468,-0.645295166455971,0.056220000000000006,0.05588,0.00034000000000000696,0.6442711612745177,0
2023-10-13,148.5,153.11000061035156,147.83999633789062,148.0,138.8770294189453,29427000,0.0,19.31999969482422,5.62,5.41,4.63,0.01490778161164069,0.13735425031547474,0.0,0.0,0.0562,0.0541,0.0463,0.15757933352966802,-0.34493320428340984,0.05619999999999999,0.05591,0.00028999999999999165,0.6041565906546189,0
2023-10-16,149.4499969482422,149.52000427246094,146.72000122070312,147.85000610351562,138.73629760742188,12663500,0.0,17.209999084472656,5.61,5.42,4.71,-0.001013869363449464,0.13700186693562366,0.0,0.0,0.056100000000000004,0.0542,0.0471,-0.10921328383441054,-0.3022235364580493,0.05616,0.055940000000000004,0.00021999999999999797,0.635438347089081,0
2023-10-17,147.57000732421875,149.30999755859375,146.7899932861328,147.52999877929688,138.43601989746094,11482700,0.0,17.8799991607666,5.62,5.48,4.83,-0.0021667230706147902,0.13699551066013524,0.0,0.0,0.0562,0.0548,0.0483,0.03893086065869911,-0.30574989688426035,0.05618000000000001,0.05598000000000001,0.0001999999999999988,0.6233434237427533,0
2023-10-18,146.58999633789062,147.47999572753906,145.3699951171875,145.91000366210938,136.91587829589844,9620300,0.0,19.219999313354492,5.61,5.47,4.91,-0.011041558497609193,0.14208002288706964,0.0,0.0,0.056100000000000004,0.0547,0.049100000000000005,0.07494408364001504,-0.33720934948659687,0.05618000000000001,0.05600499999999999,0.00017500000000001542,0.5983965020352858,0
2023-10-19,145.47999572753906,147.02000427246094,144.8800048828125,145.2899932861328,136.33409118652344,11143600,0.0,21.399999618530273,5.6,5.44,4.98,-0.004258284014484565,0.14208616595711207,0.0,0.0,0.055999999999999994,0.054400000000000004,0.049800000000000004,0.11342353709976805,-0.33929119018884196,0.05611999999999999,0.05602,9.999999999998899e-05,0.5672578272277776,0
2023-10-20,144.57000732421875,145.13999938964844,142.1199951171875,142.9499969482422,134.13832092285156,13332900,0.0,21.709999084472656,5.58,5.41,4.93,-0.01623691294000253,0.1501957771891025,0.0,0.0,0.0558,0.0541,0.0493,0.01448595661066987,-0.27558717935788035,0.05604,0.05603,9.999999999996123e-06,0.5578410180312181,0
2023-10-23,142.94000244140625,143.67999267578125,140.72999572753906,141.0,132.30850219726562,10133400,0.0,20.3700008392334,5.58,5.42,4.86,-0.013735179658964479,0.15379010594650744,0.0,0.0,0.0558,0.0542,0.048600000000000004,-0.06172263020488311,-0.21645897523750954,0.05598000000000001,0.05602999999999999,-4.9999999999980616e-05,0.574529972846086,0
2023-10-24,141.19000244140625,141.72999572753906,140.36000061035156,141.1699981689453,132.4680633544922,8881400,0.0,18.969999313354492,5.58,5.41,4.83,0.001205251501086236,0.15244924403921797,0.0,0.0,0.0558,0.0541,0.0483,-0.06872859441333212,-0.21505822861208956,0.055900000000000005,0.05603,-0.00012999999999999817,0.5923038554685034,0
2023-10-25,140.57000732421875,141.17999267578125,139.50999450683594,140.39999389648438,131.7454833984375,8242600,0.0,20.190000534057617,5.59,5.43,4.95,-0.005469679858659797,0.14968760228638175,0.0,0.0,0.0559,0.054299999999999994,0.0495,0.0643121383691494,-0.1694486274698344,0.05586,0.056035,-0.00017500000000000154,0.5778383498704935,0
2023-10-26,139.75999450683594,141.6699981689453,139.42999267578125,140.75999450683594,132.0833282470703,9109400,0.0,20.68000030517578,5.59,5.39,4.86,0.002561092787338396,0.148173605481984,0.0,0.0,0.0559,0.053899999999999997,0.048600000000000004,0.024269428338627552,-0.14344049843324272,0.05584,0.05605,-0.00021000000000000185,0.5688854938932051,0
2023-10-27,138.9499969482422,139.10000610351562,135.19000244140625,135.69000244140625,127.32585906982422,17434700,0.0,21.270000457763672,5.59,5.39,4.84,-0.03668337820427008,0.18417791388511928,0.0,0.0,0.0559,0.053899999999999997,0.0484,0.02852998761514658,-0.10233698115795806,0.05586,0.056069999999999995,-0.0002099999999999949,0.5312809625018626,0
2023-10-30,136.44000244140625,138.0399932861328,136.0399932861328,137.4199981689453,128.94918823242188,9855500,0.0,19.75,5.6,5.41,4.88,0.012668817284485958,0.18517714259392765,0.0,0.0,0.055999999999999994,0.0541,0.048799999999999996,-0.07146217325109949,-0.1741782794511582,0.05589999999999999,0.05606,-0.00016000000000000736,0.5709814944965894,0
2023-10-31,137.7100067138672,139.24000549316406,137.47000122070312,139.05999755859375,130.4881134033203,9672500,0.0,18.139999389648438,5.59,5.44,4.88,0.011863700486615567,0.18976720637767433,0.0,0.0,0.0559,0.054400000000000004,0.048799999999999996,-0.08151901824564878,-0.2312625056030278,0.05591999999999999,0.056045,-0.00012500000000000705,0.6061846087872413,0
2023-11-01,139.25,140.52999877929688,138.47000122070312,138.94000244140625,130.37551879882812,9432000,0.0,16.8700008392334,5.57,5.37,4.77,-0.0008632449876875712,0.18843811695945514,0.0,0.0,0.0557,0.0537,0.04769999999999999,-0.0700109478029951,-0.1991211036423487,0.05588,0.05602499999999999,-0.00014499999999999236,0.6282095191057948,0
2023-11-02,140.08999633789062,141.47999572753906,139.22999572753906,141.4199981689453,132.70265197753906,10186200,0.0,15.65999984741211,5.54,5.38,4.67,0.017692033303079335,0.19850380575337256,0.0,0.0,0.0554,0.0538,0.0467,-0.07172501076628712,-0.24009976623891155,0.055779999999999996,0.055990000000000005,-0.0002100000000000088,0.6533541517943429,0
2023-11-03,142.19000244140625,143.77000427246094,141.85000610351562,143.0,134.1852569580078,9538700,0.0,14.90999984741211,5.53,5.29,4.57,0.011110433871874995,0.20188818278846815,0.0,0.0,0.0553,0.0529,0.045700000000000005,-0.047892720773170416,-0.25990923164152635,0.05566,0.055940000000000004,-0.00028000000000000247,0.6681718383585207,0
2023-11-06,143.1699981689453,144.19000244140625,142.7899932861328,144.0800018310547,135.19869995117188,7625100,0.0,14.890000343322754,5.56,5.33,4.67,0.007524188047368962,0.1962178938658223,0.0,0.0,0.0556,0.0533,0.0467,-0.0013413483765277734,-0.22461956297114816,0.05558,0.055905,-0.00032500000000000584,0.663841911376124,0
2023-11-07,143.50999450683594,144.25999450683594,142.82000732421875,144.00999450683594,135.13299560546875,6297900,0.0,14.8100004196167,5.55,5.33,4.58,-0.0004861016897159577,0.1960926990393131,0.0,0.0,0.0555,0.0533,0.0458,-0.005372728130387805,-0.22294783940978347,0.055499999999999994,0.055874999999999994,-0.00037500000000000033,0.6660502202192431,0
2023-11-08,144.11000061035156,144.83999633789062,143.6199951171875,144.72000122070312,135.7991943359375,7618200,0.0,14.449999809265137,5.54,5.34,4.49,0.004917836254795701,0.19566896584720547,0.0,0.0,0.0554,0.053399999999999996,0.0449,-0.02430794059092134,-0.2180460635392735,0.05544,0.05584,-0.0003999999999999976,0.67051057931644,0
2023-11-09,145.44000244140625,145.64999389648438,143.6999969482422,144.2899932861328,135.3957061767578,7992500,0.0,15.289999961853027,5.54,5.39,4.62,-0.002975634542812827,0.1953870414121916,0.0,0.0,0.0554,0.053899999999999997,0.0462,0.058131499216304006,-0.21443198398736005,0.05544,0.055795,-0.0003549999999999942,0.654705354948139,0
2023-11-10,144.94000244140625,146.47999572753906,144.0800018310547,146.42999267578125,137.40380859375,7983300,0.0,14.170000076293945,5.53,5.38,4.61,0.014722450587880815,0.2023028155346005,0.0,0.0,0.0553,0.0538,0.0461,-0.07325048321473948,-0.2564047942685072,0.05544,0.05575,-0.0003099999999999978,0.6808471641407845,0
2023-11-13,145.6999969482422,146.25,145.16000366210938,145.77999877929688,136.79388427734375,6676300,0.0,14.760000228881836,5.55,5.37,4.63,-0.004448799812856218,0.19557430189670366,0.0,0.0,0.0555,0.0537,0.0463,0.04163727236494141,-0.4800983172786205,0.055420000000000004,0.05571999999999999,-0.0002999999999999878,0.6609010293103216,0
2023-11-14,146.67999267578125,149.25,146.52000427246094,148.44000244140625,139.28994750976562,9927700,0.0,14.15999984741211,5.52,5.24,4.44,0.0180824152443458,0.2061158882429467,0.0,0.0,0.0552,0.0524,0.0444,-0.04065043171853533,-0.5264480106776777,0.05536,0.05567,-0.0003099999999999978,0.6808350145562372,0
2023-11-15,148.4600067138672,150.16000366210938,148.4600067138672,149.74000549316406,140.50979614257812,8365300,0.0,14.180000305175781,5.53,5.27,4.53,0.008719495919455011,0.2079890511080719,0.0,0.0,0.0553,0.0527,0.0453,0.0014124617216946245,-0.5164242011205741,0.05534,0.05563,-0.0002899999999999986,0.6870293288185858,0
2023-11-16,150.08999633789062,151.52999877929688,150.08999633789062,151.4499969482422,142.11436462402344,8126200,0.0,14.319999694824219,5.51,5.23,4.45,0.011354908351320265,0.206512217949293,0.0,0.0,0.055099999999999996,0.052300000000000006,0.044500000000000005,0.009873017393189798,-0.46082664931597206,0.055279999999999996,0.055584999999999996,-0.0003049999999999997,0.6983615675987207,0
2023-11-17,152.1999969482422,152.86000061035156,151.5399932861328,152.82000732421875,143.3999481201172,7812400,0.0,13.800000190734863,5.5,5.24,4.44,0.009005448251780712,0.20674130353839032,0.0,0.0,0.055,0.0524,0.0444,-0.03631281530524766,-0.48281389796124313,0.055220000000000005,0.055545,-0.00032499999999999196,0.7136814971410141,0
2023-11-20,152.0800018310547,153.75,151.9199981689453,153.2899932861328,143.84092712402344,7019000,0.0,13.40999984741211,5.54,5.25,4.42,0.003070449844448444,0.19530632028266662,0.0,0.0,0.0554,0.0525,0.044199999999999996,-0.028260894053073637,-0.4595284348755776,0.05519999999999999,0.055525000000000005,-0.0003250000000000128,0.7307426233110131,0
2023-11-21,153.1999969482422,153.6300048828125,152.57000732421875,152.97000122070312,143.5406951904297,7083500,0.0,13.350000381469727,5.53,5.24,4.41,-0.0020894310527111853,0.18645422954903682,0.0,0.0,0.0553,0.0524,0.0441,-0.004474233156233853,-0.5649798667350158,0.055220000000000005,0.05550000000000001,-0.00028000000000000247,0.7385313232757409,0
2023-11-22,153.41000366210938,153.8800048828125,152.89999389648438,153.3300018310547,143.8784942626953,5174500,0.0,12.850000381469727,5.54,5.26,4.42,0.0023505683697842123,0.1862893423673141,0.0,0.0,0.0554,0.0526,0.044199999999999996,-0.03745318245039286,-0.5910499789990596,0.05524,0.055475,-0.0002349999999999991,0.7463523459429451,0
2023-11-24,153.58999633789062,154.44000244140625,153.27999877929688,153.5399932861328,144.07553100585938,3496900,0.0,12.460000038146973,5.54,5.27,4.47,0.0013685293944570027,0.1834237494892506,0.0,0.0,0.0554,0.0527,0.0447,-0.0303502203692656,-0.5718093217723431,0.055299999999999995,0.05545,-0.0001500000000000043,0.7559913569157213,0
2023-11-27,153.42999267578125,153.52999877929688,152.7100067138672,153.19000244140625,143.74713134765625,6259100,0.0,12.6899995803833,5.49,5.24,4.39,-0.0022819593010859457,0.18475148248254236,0.0,0.0,0.054900000000000004,0.0524,0.043899999999999995,0.018459032225695893,-0.5921601419453839,0.055279999999999996,0.055400000000000005,-0.00012000000000000899,0.7498245225911959,0
2023-11-28,153.22000122070312,153.8699951171875,152.72000122070312,153.5399932861328,144.07553100585938,6582700,0.0,12.6899995803833,5.47,5.21,4.34,0.002281959301085784,0.11124511480688,0.0,0.0,0.0547,0.0521,0.0434,0.0,-0.6348889874524054,0.05514,0.055335,-0.00019500000000000073,0.7730181758681935,0
2023-11-29,154.1699981689453,155.6300048828125,154.0,154.32000732421875,144.80746459960938,9126100,0.0,12.979999542236328,5.45,5.12,4.27,0.0050673467881444155,0.10848688253926131,0.0,0.0,0.0545,0.0512,0.042699999999999995,0.02285263762351275,-0.5960629628479639,0.05498000000000001,0.055264999999999995,-0.00028499999999998665,0.7643527054608417,0
2023-11-30,154.91000366210938,156.1300048828125,154.3800048828125,156.0800018310547,146.45896911621094,9869800,0.0,12.920000076293945,5.45,5.16,4.37,0.011340285211738951,0.10811595280582496,0.0,0.0,0.0545,0.0516,0.0437,-0.004622455166284678,-0.5439351607105,0.0548,0.055205000000000004,-0.0004050000000000026,0.7648978554963254,0
2023-12-01,155.82000732421875,157.86000061035156,155.82000732421875,156.83999633789062,147.172119140625,8916000,0.0,12.630000114440918,5.43,5.05,4.22,0.004857465405837256,0.1056631102241,0.0,0.0,0.054299999999999994,0.050499999999999996,0.042199999999999994,-0.022445817348339614,-0.6726095455816742,0.05458,0.05515,-0.0005700000000000011,0.7724438258424767,0
2023-12-04,156.02000427246094,158.0500030517578,155.8800048828125,157.99000549316406,148.2512664794922,9607500,0.0,13.079999923706055,5.46,5.1,4.28,0.007305800361943935,0.09663830291317603,0.0,0.0,0.0546,0.051,0.042800000000000005,0.03562943825713938,-0.553160030464654,0.05452,0.055115000000000004,-0.0005950000000000052,0.7598361892610649,0
2023-12-05,157.25999450683594,158.5,156.97000122070312,157.97000122070312,148.2324676513672,9135600,0.0,12.850000381469727,5.45,5.06,4.18,-0.0001268118684844184,0.09592760517009598,0.0,0.0,0.0545,0.0506,0.0418,-0.01758406296467019,-0.4991447530438229,0.054479999999999994,0.05506,-0.0005800000000000041,0.7564314177351238,0
2023-12-06,158.83999633789062,159.22000122070312,156.0,156.30999755859375,146.6748046875,9366000,0.0,12.970000267028809,5.45,5.07,4.12,-0.010563845625654284,0.10890173412374417,0.0,0.0,0.0545,0.0507,0.0412,0.009338512217643702,-0.4952365746510359,0.054479999999999994,0.05501,-0.0005300000000000096,0.7439513039144432,0
2023-12-07,156.69000244140625,157.30999755859375,156.14999389648438,156.7899932861328,147.12518310546875,8130900,0.0,13.0600004196167,5.44,5.05,4.14,0.0030658869262432894,0.10779707517164773,0.0,0.0,0.054400000000000004,0.050499999999999996,0.0414,0.00693910182998847,-0.5005011576949113,0.054459999999999995,0.054959999999999995,-0.0005000000000000004,0.7447805091153263,0
2023-12-08,157.25999450683594,158.77999877929688,156.97999572753906,158.52000427246094,148.7485809326172,7369400,0.0,12.350000381469727,5.44,5.13,4.23,0.010973694294638382,0.11042153385958028,0.0,0.0,0.054400000000000004,0.0513,0.042300000000000004,-0.05436447284339452,-0.5340175163329102,0.054479999999999994,0.05491,-0.00043000000000000677,0.7585229738035666,0
2023-12-11,158.52000427246094,159.3000030517578,158.14999389648438,159.10000610351562,149.29286193847656,8093900,0.0,12.630000114440918,5.47,5.14,4.23,0.0036523887797117174,0.1072317880152858,0.0,0.0,0.0547,0.051399999999999994,0.042300000000000004,0.022672042455262664,-0.4848522494017543,0.05450000000000001,0.05488,-0.00037999999999999146,0.7584702291899817,0
2023-12-12,159.22999572753906,160.64999389648438,158.8800048828125,160.52000427246094,150.62530517578125,10223000,0.0,12.069999694824219,5.46,5.14,4.2,0.008885437094991639,0.10210939573947411,0.0,0.0,0.0546,0.051399999999999994,0.042,-0.044338908514846676,-0.4134320632873628,0.05452,0.054835,-0.0003150000000000028,0.7629918231962598,0
2023-12-13,160.52000427246094,162.02999877929688,159.77000427246094,161.05999755859375,151.1320037841797,12379100,0.0,12.1899995803833,5.44,4.94,4.04,0.0033583218671371104,0.09706589576660471,0.0,0.0,0.054400000000000004,0.049400000000000006,0.0404,0.009941995740939458,-0.3335154717897016,0.05450000000000001,0.054794999999999996,-0.0002949999999999897,0.7659254923238032,0
2023-12-14,161.8300018310547,164.83999633789062,161.7100067138672,163.99000549316406,153.88137817382812,13643000,0.0,12.479999542236328,5.43,4.9,3.92,0.018028381830233718,0.09697249369638888,0.0,0.0,0.054299999999999994,0.049,0.0392,0.023789989486111995,-0.061344719821159695,0.054479999999999994,0.054745,-0.0002650000000000083,0.7617525439892072,0
2023-12-15,163.0800018310547,165.27999877929688,162.38999938964844,165.22999572753906,155.0449676513672,20309300,0.0,12.279999732971191,5.44,4.95,3.91,0.007533154720624785,0.09644533804670588,0.0,0.0,0.054400000000000004,0.0495,0.0391,-0.016025626330215204,-0.08022395392893494,0.054479999999999994,0.05471,-0.00023000000000000798,0.763902100364626,0
2023-12-18,165.9199981689453,167.1300048828125,165.6300048828125,166.22999572753906,155.98333740234375,8469600,0.0,12.5600004196167,5.46,4.95,3.95,0.006034001297201827,0.09352774495487101,0.0,0.0,0.0546,0.0495,0.0395,0.022801359343169958,-0.10250240978384169,0.054459999999999995,0.054689999999999996,-0.00023000000000000104,0.7567368835764072,0
2023-12-19,166.0,168.47000122070312,165.5500030517578,168.4499969482422,158.06646728515625,10345700,0.0,12.529999732971191,5.43,4.93,3.93,0.013266433564989811,0.09724280405545253,0.0,0.0,0.054299999999999994,0.0493,0.0393,-0.0023885896212750835,-0.049507754624184476,0.054400000000000004,0.054635,-0.0002349999999999991,0.7597015513485474,0
2023-12-20,167.99000549316406,169.41000366210938,166.4499969482422,166.5500030517578,156.28358459472656,10734700,0.0,13.670000076293945,5.44,4.88,3.86,-0.011343416660165943,0.11188526680200436,0.0,0.0,0.054400000000000004,0.048799999999999996,0.038599999999999995,0.09098167339325469,-0.3608598972655979,0.054400000000000004,0.05458999999999999,-0.0001899999999999888,0.7348442909294584,0
2023-12-21,166.83999633789062,168.08999633789062,165.67999267578125,167.5,157.17501831054688,7601700,0.0,13.649999618530273,5.42,4.84,3.89,0.005687743840784492,0.10981965740160737,0.0,0.0,0.0542,0.0484,0.038900000000000004,-0.0014630912693524012,-0.37725850705358205,0.05438,0.05453,-0.0001500000000000043,0.7397591396930416,0
2023-12-22,167.5,168.22999572753906,167.22999572753906,167.39999389648438,157.08120727539062,6576300,0.0,13.029999732971191,5.44,4.82,3.9,-0.0005970353508060639,0.11095486360548965,0.0,0.0,0.054400000000000004,0.0482,0.039,-0.045421238306660006,-0.3337473375125698,0.05438,0.054479999999999994,-9.999999999999593e-05,0.7468573272152651,0
2023-12-26,167.4600067138672,168.77000427246094,167.17999267578125,168.38999938964844,158.0101776123047,4683600,0.0,12.989999771118164,5.45,4.83,3.89,0.005896530803999019,0.11061706876498995,0.0,0.0,0.0545,0.0483,0.038900000000000004,-0.003069835968746104,-0.366003711145551,0.054360000000000006,0.054459999999999995,-9.999999999998899e-05,0.7501237085196988,0
2023-12-27,167.83999633789062,169.47000122070312,167.5800018310547,169.39999389648438,158.95787048339844,6428600,0.0,12.430000305175781,5.44,4.79,3.79,0.005979755377306848,0.10800384613244376,0.0,0.0,0.054400000000000004,0.0479,0.0379,-0.04311004432713539,-0.34741906224640445,0.054380000000000005,0.054445,-6.499999999999562e-05,0.7630373890108223,0
2023-12-28,169.35000610351562,170.66000366210938,169.0,170.3000030517578,159.8024139404297,6320100,0.0,12.470000267028809,5.45,4.82,3.84,0.005298937630827531,0.1076262019150942,0.0,0.0,0.0545,0.0482,0.0384,0.0032180177691847334,-0.34795603544628656,0.054400000000000004,0.054445,-4.499999999999643e-05,0.7642620670750098,0
2023-12-29,170.0,170.69000244140625,169.6300048828125,170.10000610351562,159.61477661132812,6435100,0.0,12.449999809265137,5.4,4.79,3.88,-0.0011748732143116306,0.10968092650184275,0.0,0.0,0.054000000000000006,0.0479,0.0388,-0.001603885913022296,-0.3464843032758881,0.05436,0.05442,-6.0000000000004494e-05,0.7608320379243361,0
2024-01-02,169.08999633789062,172.1699981689453,168.91000366210938,172.0800018310547,161.47271728515625,9977400,0.0,13.199999809265137,5.46,4.8,3.95,0.011572929159074631,0.10986291102612736,0.0,0.0,0.0546,0.048,0.0395,0.06024096477831753,-0.22809766007022986,0.054400000000000004,0.054435,-3.499999999999337e-05,0.7502615868106621,0
2024-01-03,171.86000061035156,172.0399932861328,170.3699951171875,171.3300018310547,160.76895141601562,9852300,0.0,14.039999961853027,5.48,4.81,3.91,-0.004367945280961332,0.11420276499400511,0.0,0.0,0.0548,0.0481,0.0391,0.06363637611557316,-0.30383493104461146,0.054459999999999995,0.054445,1.4999999999994185e-05,0.7327762675347204,0
2024-01-04,170.63999938964844,173.35000610351562,170.5399932861328,171.41000366210938,161.83583068847656,11972500,0.0,14.130000114440918,5.48,4.85,3.99,0.006614180700794211,0.11399130885453349,0.0,0.0,0.0548,0.048499999999999995,0.039900000000000005,0.006410267295756666,-0.32711859038899166,0.05454,0.054459999999999995,8.000000000000368e-05,0.7310795154278005,0
2024-01-05,171.47000122070312,173.3800048828125,171.47000122070312,172.27000427246094,162.64779663085938,10066000,0.0,13.350000381469727,5.47,4.84,4.05,0.005004675544654539,0.11293241013213812,0.0,0.0,0.0547,0.0484,0.0405,-0.05520167916870922,-0.3376357856875887,0.054580000000000004,0.054470000000000005,0.00010999999999999899,0.7452712552484502,0
2024-01-08,172.02000427246094,172.36000061035156,169.49000549316406,172.02000427246094,162.4117431640625,11229900,0.0,13.079999923706055,5.49,4.82,4.01,-0.0014523709006645168,0.10153663862429389,0.0,0.0,0.054900000000000004,0.0482,0.0401,-0.020224752812624813,-0.32295317607174195,0.054759999999999996,0.054495,0.0002649999999999944,0.7545499733201267,0
2024-01-09,171.6199951171875,171.7899932861328,170.10000610351562,170.66000366210938,161.12771606445312,9923600,0.0,12.760000228881836,5.47,4.82,4.02,-0.007937417241679075,0.11071652223763247,0.0,0.0,0.0547,0.0482,0.04019999999999999,-0.02446480861549971,-0.23482043261513913,0.05478000000000001,0.05451,0.00027000000000000635,0.752569526467348,0
2024-01-10,170.0,171.0800018310547,168.9499969482422,171.02000427246094,161.46762084960938,9670200,0.0,12.6899995803833,5.46,4.82,4.04,0.0021073144714021655,0.10824465848332838,0.0,0.0,0.0546,0.0482,0.0404,-0.00548594414129322,-0.17605156436746172,0.05474,0.054505000000000005,0.00023499999999999216,0.7482914287903581,0
2024-01-11,170.3300018310547,170.36000061035156,168.63999938964844,170.3000030517578,160.787841796875,11919500,0.0,12.4399995803833,5.46,4.75,3.98,-0.004218889296307104,0.11185211324861134,0.0,0.0,0.0546,0.0475,0.0398,-0.019700552266877946,-0.13906911574942654,0.05469999999999999,0.054505000000000005,0.00019499999999998685,0.7471757874392175,0
2024-01-12,173.8000030517578,176.30999755859375,168.89999389648438,169.0500030517578,159.60763549804688,19436500,0.0,12.699999809265137,5.45,4.65,3.96,-0.007367217832479119,0.11613856023418484,0.0,0.0,0.0545,0.04650000000000001,0.039599999999999996,0.020900340647264315,-0.12714234371853378,0.05466000000000001,0.05451,0.0001500000000000043,0.7337891558628868,0
2024-01-16,164.8699951171875,168.08999633789062,164.3000030517578,167.99000549316406,158.60684204101562,17206400,0.0,13.84000015258789,5.45,4.7,4.07,-0.006290076834176719,0.12024708913200986,0.0,0.0,0.0545,0.047,0.0407,0.08976380790896399,-0.23048985140337516,0.054580000000000004,0.05452,6.0000000000004494e-05,0.7117684834219529,0
2024-01-17,167.33999633789062,169.07000732421875,166.49000549316406,167.08999633789062,157.75709533691406,11107500,0.0,14.789999961853027,5.47,4.8,4.1,-0.005371969729842085,0.10841918931786182,0.0,0.0,0.0547,0.048,0.040999999999999995,0.06864160395890595,-0.36140755143138426,0.05458,0.054535,4.499999999999643e-05,0.684275061226764,0
2024-01-18,167.1199951171875,167.52999877929688,165.24000549316406,167.4199981689453,158.0686798095703,9382300,0.0,14.130000114440918,5.45,4.8,4.14,0.001973142145237923,0.10600075660016299,0.0,0.0,0.0545,0.048,0.0414,-0.04462473624843866,-0.34053262914300353,0.05456,0.05453,2.9999999999995308e-05,0.6903893858484577,0
2024-01-19,167.5500030517578,170.57000732421875,167.0800018310547,170.30999755859375,160.79727172851562,13115700,0.0,13.300000190734863,5.45,4.84,4.15,0.01711476881944194,0.1189018302635409,0.0,0.0,0.0545,0.0484,0.0415,-0.058740263056175857,-0.4496871962245948,0.05454,0.05454,0.0,0.7088362951962919,0
2024-01-22,170.4600067138672,171.97999572753906,169.7100067138672,170.11000061035156,160.60842895507812,12837500,0.0,13.1899995803833,5.46,4.83,4.11,-0.0011751054493837681,0.11108139129935025,0.0,0.0,0.0546,0.0483,0.041100000000000005,-0.00827072246421412,-0.46536956400385376,0.05456,0.05455,9.999999999996123e-06,0.7018107927519028,0
2024-01-23,169.6699981689453,169.75,168.44000244140625,168.99000549316406,159.55099487304688,8360800,0.0,12.550000190734863,5.45,4.81,4.14,-0.006605696090396927,0.10565713328900142,0.0,0.0,0.0545,0.0481,0.0414,-0.04852156254805884,-0.2693528075295295,0.05456000000000001,0.054564999999999995,-4.999999999984184e-06,0.713769142442544,0
2024-01-24,169.36000061035156,171.00999450683594,168.86000061035156,170.5,160.9766387939453,9967100,0.0,13.140000343322754,5.44,4.83,4.18,0.00889566559893773,0.1080141771171002,0.0,0.0,0.054400000000000004,0.0483,0.0418,0.04701196363514493,-0.19212629544231444,0.05449999999999999,0.054564999999999995,-6.500000000000256e-05,0.7072542595065155,0
2024-01-25,172.30999755859375,172.99000549316406,170.91000366210938,172.94000244140625,163.2803955078125,8873500,0.0,13.449999809265137,5.44,4.76,4.14,0.014209686968383949,0.11683541805606201,0.0,0.0,0.054400000000000004,0.047599999999999996,0.0414,0.02359204397585213,-0.1510405413851143,0.054479999999999994,0.05456,-8.000000000000368e-05,0.7116414347318716,0
2024-01-26,172.61000061035156,173.05999755859375,171.77999877929688,172.27999877929688,162.6572265625,7443000,0.0,13.260000228881836,5.44,4.78,4.15,-0.003823858692224239,0.11743702154360786,0.0,0.0,0.054400000000000004,0.0478,0.0415,-0.014126363054103419,-0.13263742530472544,0.054459999999999995,0.05456,-0.00010000000000000286,0.7085684114572575,0
2024-01-29,172.24000549316406,172.83999633789062,171.3000030517578,172.72999572753906,163.08209228515625,6971200,0.0,13.600000381469727,5.42,4.76,4.08,0.0026086256033871105,0.11634900273490617,0.0,0.0,0.0542,0.047599999999999996,0.0408,0.02564103670581619,-0.09739443525970809,0.054380000000000005,0.054544999999999996,-0.00016499999999999154,0.7017070696367229,0
2024-01-30,172.8300018310547,176.75999450683594,172.8300018310547,176.27000427246094,166.42437744140625,10822100,0.0,13.3100004196167,5.42,4.8,4.06,0.020287309026917312,0.1333178446638879,0.0,0.0,0.0542,0.048,0.0406,-0.02132352600873144,-0.15056727879563783,0.05432,0.054555,-0.0002349999999999991,0.7147695048653534,0
2024-01-31,176.1999969482422,178.3000030517578,174.33999633789062,174.36000061035156,164.6210479736328,11521800,0.0,14.350000381469727,5.42,4.73,3.99,-0.010894863163369182,0.1402453403195027,0.0,0.0,0.0542,0.0473,0.039900000000000005,0.07813673396435372,-0.24891196472537824,0.054279999999999995,0.054535,-0.0002550000000000052,0.6941340813204875,0
2024-02-01,173.63999938964844,174.83999633789062,171.42999267578125,173.72999572753906,164.0262451171875,9354800,0.0,13.880000114440918,5.42,4.68,3.87,-0.0036197073177797784,0.13627484579229643,0.0,0.0,0.0542,0.046799999999999994,0.0387,-0.03275263097802583,-0.3114251845897784,0.05424,0.054505000000000005,-0.0002650000000000083,0.6918017783848365,0
2024-02-02,173.3000030517578,175.82000732421875,173.25999450683594,174.72999572753906,164.9703826904297,8607600,0.0,13.850000381469727,5.43,4.81,4.03,0.005739512719919677,0.13599229929207352,0.0,0.0,0.054299999999999994,0.0481,0.0403,-0.0021613640290952807,-0.28531142101008367,0.054220000000000004,0.05448000000000001,-0.0002600000000000033,0.6982464758063398,0
2024-02-05,173.86000061035156,175.08999633789062,172.9199981689453,174.5,164.75323486328125,7820200,0.0,13.670000076293945,5.42,4.87,4.17,-0.0013171507710208344,0.13480480915399934,0.0,0.0,0.0542,0.0487,0.0417,-0.012996411568089838,-0.28833253981728224,0.054220000000000004,0.054454999999999996,-0.00023499999999999216,0.6960955926427304,0
2024-02-06,174.61000061035156,175.8699951171875,173.75999450683594,175.10000610351562,165.31971740722656,6764800,0.0,13.0600004196167,5.44,4.82,4.09,0.003432472101900746,0.13430347380013877,0.0,0.0,0.054400000000000004,0.0482,0.0409,-0.04462323725477424,-0.27772703576304536,0.054259999999999996,0.05443,-0.00017000000000000348,0.7038696818097003,0
2024-02-07,175.69000244140625,175.8699951171875,173.9600067138672,175.42999267578125,165.6312713623047,7225500,0.0,12.829999923706055,5.43,4.83,4.09,0.0018827805789076446,0.1341030348402404,0.0,0.0,0.054299999999999994,0.0483,0.0409,-0.0176110634395672,-0.2875140925593688,0.054279999999999995,0.05441,-0.0001300000000000051,0.7091389698651125,0
2024-02-08,175.0,175.30999755859375,173.57000732421875,174.8000030517578,165.03648376464844,6060300,0.0,12.789999961853027,5.44,4.83,4.15,-0.0035974976689557487,0.13129863586960228,0.0,0.0,0.054400000000000004,0.0483,0.0415,-0.0031176899525243718,-0.32599599861897105,0.05432,0.054400000000000004,-8.000000000000368e-05,0.7122933976952495,0
2024-02-09,175.0,175.10000610351562,173.6699981689453,175.00999450683594,165.2347412109375,6296700,0.0,12.930000305175781,5.44,4.86,4.17,0.001200573680721799,0.13125214947195724,0.0,0.0,0.054400000000000004,0.048600000000000004,0.0417,0.010946078478523358,-0.32481721134287767,0.05434,0.05439000000000001,-5.000000000000837e-05,0.709754665929937,0
2024-02-12,174.77999877929688,176.80999755859375,173.6999969482422,175.7899932861328,165.97116088867188,8539300,0.0,13.930000305175781,5.43,4.87,4.17,0.004446906813088978,0.13025797551906934,0.0,0.0,0.054299999999999994,0.0487,0.0417,0.07733951866959421,-0.2934972282966483,0.05436,0.054380000000000005,-2.0000000000006124e-05,0.7006343050281426,0
2024-02-13,175.32000732421875,176.22999572753906,172.6199951171875,174.25999450683594,164.52662658691406,8397600,0.0,15.850000381469727,5.45,4.99,4.31,-0.008741622820355876,0.13151920288735075,0.0,0.0,0.0545,0.0499,0.0431,0.13783201968635694,-0.3823322157936469,0.054380000000000005,0.054380000000000005,0.0,0.6724013458180923,0
2024-02-14,175.07000732421875,176.10000610351562,174.4199981689453,176.02999877929688,166.19778442382812,7056700,0.0,14.380000114440918,5.43,4.94,4.27,0.010106130692127145,0.1316325941763914,0.0,0.0,0.054299999999999994,0.049400000000000006,0.042699999999999995,-0.09274449411038432,-0.3891192002909648,0.05438,0.054360000000000006,1.9999999999992246e-05,0.7031504990893276,0
2024-02-15,176.14999389648438,180.2100067138672,176.14999389648438,179.8699951171875,169.8232879638672,8723400,0.0,14.010000228881836,5.43,4.93,4.24,0.021579862298817483,0.14451085151565957,0.0,0.0,0.054299999999999994,0.0493,0.0424,-0.02573017264356725,-0.3604622535658735,0.05436,0.054349999999999996,1.0000000000003062e-05,0.72447632657771,0
2024-02-16,179.61000061035156,179.97999572753906,178.16000366210938,179.02999877929688,169.03021240234375,8152600,0.0,14.239999771118164,5.44,4.98,4.3,-0.004680943291250577,0.14721531478591318,0.0,0.0,0.054400000000000004,0.049800000000000004,0.043,0.016416812168366768,-0.37939344323172747,0.05436,0.054345,1.5000000000001124e-05,0.7172314962126702,0
2024-02-20,179.19000244140625,180.4600067138672,178.41000366210938,179.72999572753906,169.69110107421875,9668000,0.0,15.420000076293945,5.44,4.97,4.27,0.0039022611464249665,0.1383177007016786,0.0,0.0,0.054400000000000004,0.049699999999999994,0.042699999999999995,0.082865191302115,-0.2896725371717988,0.05438,0.054335,4.499999999999643e-05,0.692518187966016,0
2024-02-21,179.9499969482422,180.99000549316406,178.52000427246094,180.89999389648438,170.79574584960938,7024000,0.0,15.34000015258789,5.44,4.98,4.32,0.006488642137328342,0.1382553512696401,0.0,0.0,0.054400000000000004,0.049800000000000004,0.0432,-0.005188062471480959,-0.30268072723150236,0.05436,0.05433,2.9999999999995308e-05,0.6982222272222813,0
2024-02-22,181.82000732421875,183.4199981689453,181.24000549316406,183.07000732421875,172.8445587158203,9296500,0.0,14.539999961853027,5.45,5.02,4.33,0.01192431222720917,0.13705039757853682,0.0,0.0,0.0545,0.050199999999999995,0.0433,-0.05215125050698921,-0.4225401385075931,0.054400000000000004,0.054335,6.500000000000256e-05,0.7206748550987593,0
2024-02-23,183.80999755859375,185.1999969482422,183.19000244140625,183.99000549316406,173.7131805419922,7105800,0.0,13.75,5.46,5.0,4.26,0.005012865371206223,0.13589039406167439,0.0,0.0,0.0546,0.05,0.0426,-0.054332872347019445,-0.4504033451022808,0.054459999999999995,0.05434500000000001,0.00011499999999998317,0.7296437365109516,0
2024-02-26,183.75,184.4600067138672,182.47999572753906,183.36000061035156,173.11834716796875,7145400,0.0,13.739999771118164,5.47,5.03,4.28,-0.0034301031464211004,0.13227041475605053,0.0,0.0,0.0547,0.050300000000000004,0.042800000000000005,-0.0007272893732244157,-0.4869721436463501,0.05452,0.054360000000000006,0.00015999999999999348,0.719286650439438,0
2024-02-27,183.30999755859375,183.5399932861328,182.24000549316406,183.4499969482422,173.20333862304688,5717100,0.0,13.430000305175781,5.45,5.03,4.31,0.0004908237645601148,0.13038469191816832,0.0,0.0,0.0545,0.050300000000000004,0.0431,-0.022561824680231046,-0.49818765561423956,0.05454,0.05437500000000001,0.00016499999999999154,0.7262812637712095,0
2024-02-28,183.42999267578125,185.1999969482422,182.9600067138672,184.3800048828125,174.08139038085938,6131600,0.0,13.84000015258789,5.45,5.0,4.27,0.005056678600939415,0.13056976862714212,0.0,0.0,0.0545,0.05,0.042699999999999995,0.030528655107632474,-0.48882557883254274,0.05456,0.05439000000000001,0.0001699999999999896,0.721884225475866,0
2024-02-29,185.66000366210938,186.42999267578125,183.85000610351562,186.05999755859375,175.66754150390625,9643000,0.0,13.399999618530273,5.45,5.01,4.25,0.009070289300908469,0.11705675227554828,0.0,0.0,0.0545,0.0501,0.0425,-0.03179194575191846,-0.5181142028936195,0.05456,0.054405,0.00015499999999999542,0.7214900077090249,0
2024-03-01,185.6999969482422,186.44000244140625,185.10000610351562,185.2899932861328,174.94053649902344,6311800,0.0,13.109999656677246,5.42,4.94,4.19,-0.004147115211817738,0.10935444035278997,0.0,0.0,0.0542,0.049400000000000006,0.04190000000000001,-0.021641788814083185,-0.4127421510056583,0.05448000000000001,0.054405,7.500000000000562e-05,0.7296473099349541,0
2024-03-04,184.7100067138672,187.58999633789062,184.27000427246094,186.67999267578125,176.25289916992188,7063600,0.0,13.489999771118164,5.48,4.98,4.22,0.007473766000965364,0.10776774475244684,0.0,0.0,0.0548,0.049800000000000004,0.042199999999999994,0.02898551673472971,-0.4302706786444592,0.05449999999999999,0.05443,6.999999999999368e-05,0.7308247085374898,0
2024-03-05,186.36000061035156,189.3000030517578,186.36000061035156,188.5500030517578,178.0184783935547,6617800,0.0,14.460000038146973,5.47,4.94,4.13,0.009967465355683179,0.1098869978335622,0.0,0.0,0.0547,0.049400000000000006,0.041299999999999996,0.07190513591449865,-0.3421298766684511,0.05454,0.054454999999999996,8.500000000000174e-05,0.7194911275128455,0
2024-03-06,189.25,190.07000732421875,187.6300048828125,189.52999877929688,178.94371032714844,7572900,0.0,14.5,5.47,4.95,4.11,0.005183932835580318,0.10850202857725846,0.0,0.0,0.0547,0.0495,0.041100000000000005,0.0027662490835065334,-0.3591372182750325,0.05458,0.05447,0.00010999999999999899,0.7227896777656397,0
2024-03-07,189.91000366210938,190.5,186.6300048828125,187.8699951171875,177.37644958496094,7618300,0.0,14.4399995803833,5.47,4.93,4.09,-0.008796981061519259,0.11714132891751809,0.0,0.0,0.0547,0.0493,0.0409,-0.004137959973565475,-0.32626163906131733,0.05462,0.05449,0.0001300000000000051,0.7163669617226702,0
2024-03-08,188.44000244140625,190.4600067138672,187.9199981689453,188.22000122070312,177.7069091796875,6172200,0.0,14.739999771118164,5.46,4.92,4.09,0.0018613076731150402,0.11714474601964284,0.0,0.0,0.0546,0.0492,0.0409,0.020775637081209553,-0.3347821238957647,0.054700000000000006,0.05449999999999999,0.00020000000000001267,0.7120706056462034,0
2024-03-11,187.27999877929688,188.44000244140625,186.22000122070312,188.2899932861328,177.7729949951172,5762600,0.0,15.220000267028809,5.48,4.95,4.1,0.00037181182629400164,0.11496486115496139,0.0,0.0,0.0548,0.0495,0.040999999999999995,0.032564484624427736,-0.3603443060480878,0.05469999999999999,0.05451999999999999,0.0001799999999999996,0.707579567810267,0
2024-03-12,188.9499969482422,190.16000366210938,187.91000366210938,189.83999633789062,179.23638916015625,5708400,0.0,13.84000015258789,5.48,5.0,4.16,0.008198117058532553,0.11572367703912097,0.0,0.0,0.0548,0.05,0.0416,-0.09067017675620026,-0.38236281531285415,0.054720000000000005,0.054544999999999996,0.00017500000000000848,0.7314492043987828,0
2024-03-13,190.36000061035156,191.72999572753906,189.83999633789062,191.3800048828125,180.69039916992188,7795500,0.0,13.75,5.48,5.01,4.19,0.008079520427773757,0.11663118336923053,0.0,0.0,0.0548,0.0501,0.04190000000000001,-0.00650290112685159,-0.4056507365482192,0.05474,0.05456,0.0001799999999999996,0.7348965481447116,0
2024-03-14,191.02999877929688,191.6300048828125,187.10000610351562,187.97000122070312,177.47085571289062,10310900,0.0,14.399999618530273,5.48,5.04,4.29,-0.01797866259611413,0.13267773705057143,0.0,0.0,0.0548,0.0504,0.0429,0.04727269952947433,-0.33247034864010505,0.054759999999999996,0.05458500000000001,0.00017499999999998767,0.7201172432632066,0
2024-03-15,186.47999572753906,190.94000244140625,186.47999572753906,190.3000030517578,179.6707305908203,17214200,0.0,14.40999984741211,5.48,5.05,4.31,0.012319498961490667,0.1342561198276298,0.0,0.0,0.0548,0.050499999999999996,0.0431,0.0006944603574132735,-0.27980656421011335,0.0548,0.054610000000000006,0.00018999999999999573,0.7212919353791003,0
2024-03-18,190.6300048828125,192.6999969482422,189.88999938964844,192.66000366210938,181.89889526367188,9013800,0.0,14.329999923706055,5.48,5.06,4.34,0.012325110959847813,0.12200541400440268,0.0,0.0,0.0548,0.0506,0.0434,-0.005551694972461885,-0.24301778403456312,0.0548,0.05463,0.00017000000000000348,0.7169254395605549,0
2024-03-19,192.7100067138672,193.92999267578125,192.3800048828125,193.7899932861328,182.9657745361328,8478700,0.0,13.819999694824219,5.48,5.06,4.3,0.005848098768639555,0.11876752783743738,0.0,0.0,0.0548,0.0506,0.043,-0.03558968817844477,-0.23857272215661993,0.0548,0.05465000000000001,0.00014999999999999042,0.7304748019336249,0
2024-03-20,194.19000244140625,196.55999755859375,193.61000061035156,196.3300018310547,185.36390686035156,9367000,0.0,13.039999961853027,5.47,5.01,4.27,0.013021846093609027,0.123018526651281,0.0,0.0,0.0547,0.0501,0.042699999999999995,-0.056439924037285816,-0.3256874051212229,0.05478000000000001,0.054665000000000005,0.00011500000000000399,0.7470404093340635,0
2024-03-21,196.52000427246094,199.42999267578125,196.3300018310547,199.05999755859375,187.94142150878906,11203800,0.0,12.920000076293945,5.48,5.01,4.27,0.013809369506132142,0.1272699802646302,0.0,0.0,0.0548,0.0501,0.042699999999999995,-0.009202445238506662,-0.3183883619316389,0.054779999999999995,0.054680000000000006,9.999999999998899e-05,0.7531114122593754,0
2024-03-22,199.00999450683594,200.47999572753906,196.5399932861328,196.6199951171875,185.63771057128906,8108800,0.0,13.0600004196167,5.46,4.98,4.22,-0.012333344886384417,0.13694615266259152,0.0,0.0,0.0546,0.049800000000000004,0.042199999999999994,0.010835939821674634,-0.2909583764809522,0.05474,0.05467999999999999,6.0000000000004494e-05,0.7366733255399478,0
2024-03-25,196.60000610351562,196.94000244140625,194.36000061035156,194.82000732421875,183.9382781982422,8620000,0.0,13.1899995803833,5.46,5.0,4.25,-0.009196724910719694,0.14352607398490136,0.0,0.0,0.0546,0.05,0.0425,0.009953993613303291,-0.29952435319847853,0.05469999999999999,0.054674999999999994,2.4999999999997247e-05,0.7263590335961583,0
2024-03-26,194.58999633789062,196.66000366210938,194.05999755859375,195.72999572753906,184.79739379882812,5961500,0.0,13.239999771118164,5.46,5.0,4.24,0.004659799527845316,0.14188224991829285,0.0,0.0,0.0546,0.05,0.0424,0.003790765149775055,-0.3009561570027088,0.05466,0.05467999999999999,-1.9999999999992246e-05,0.7304605204876449,0
2024-03-27,196.5,199.60000610351562,196.3800048828125,199.52000427246094,188.375732421875,8725800,0.0,12.779999732971191,5.45,4.99,4.2,0.019178488756664513,0.1519488126910033,0.0,0.0,0.0545,0.0499,0.042,-0.0347432058987206,-0.3616278563277709,0.05462,0.05467999999999999,-5.9999999999990616e-05,0.7481522746676467,0
2024-03-28,199.49000549316406,200.72000122070312,198.5399932861328,200.3000030517578,189.11216735839844,8628300,0.0,13.010000228881836,5.46,5.03,4.2,0.0039017720633248276,0.15190015063320056,0.0,0.0,0.0546,0.050300000000000004,0.042,0.017996909289228258,-0.37169784025893327,0.05458,0.054685,-0.00010500000000000093,0.7441807514586378,0
2024-04-01,199.99000549316406,200.94000244140625,198.57000732421875,198.94000244140625,187.82810974121094,7309000,0.0,13.649999618530273,5.44,5.06,4.33,-0.006813082401396051,0.15507757340776168,0.0,0.0,0.054400000000000004,0.0506,0.0433,0.04919288073705452,-0.40152551301219724,0.05454,0.054694999999999994,-0.00015499999999999542,0.725588085617678,0
2024-04-02,198.38999938964844,199.77999877929688,198.0800018310547,198.86000061035156,187.7525634765625,7014700,0.0,14.609999656677246,5.42,5.05,4.36,-0.0004022904853972124,0.1533792342297536,0.0,0.0,0.0542,0.050499999999999996,0.0436,0.0703296750897886,-0.437288600098834,0.054459999999999995,0.054665,-0.0002050000000000038,0.7141097174533426,0
2024-04-03,199.0399932861328,199.55999755859375,197.6999969482422,198.3000030517578,187.22384643554688,9353400,0.0,14.329999923706055,5.42,5.03,4.36,-0.0028200034851320237,0.15404893472822956,0.0,0.0,0.0542,0.050300000000000004,0.0436,-0.019164937683158856,-0.4306697889815893,0.05438,0.05464,-0.0002600000000000033,0.7119804703028962,0
2024-04-04,199.14999389648438,199.67999267578125,195.5500030517578,195.64999389648438,185.7993927001953,9243800,0.0,16.350000381469727,5.41,5.0,4.31,-0.007637382928913641,0.15589720341791352,0.0,0.0,0.0541,0.05,0.0431,0.14096304734949738,-0.5541333933741998,0.0543,0.054610000000000006,-0.0003100000000000047,0.6726586702060258,0
2024-04-05,196.16000366210938,198.1199951171875,195.11000061035156,197.4499969482422,187.5087432861328,6532300,0.0,16.030000686645508,5.43,5.05,4.39,0.009157917375561177,0.15750740025853532,0.0,0.0,0.054299999999999994,0.050499999999999996,0.043899999999999995,-0.019571846321599473,-0.562560986824871,0.05424,0.05459000000000001,-0.00035000000000001,0.6795932761555703,0
2024-04-08,197.6199951171875,198.97999572753906,197.6199951171875,198.47999572753906,188.4869384765625,8001000,0.0,15.1899995803833,5.43,5.07,4.42,0.005203237403089795,0.1525501511190324,0.0,0.0,0.054299999999999994,0.0507,0.044199999999999996,-0.05240181349224815,-0.5880518186182166,0.054220000000000004,0.054575000000000005,-0.00035500000000000115,0.6999207565354122,0
2024-04-09,198.07000732421875,198.8800048828125,194.91000366210938,197.14999389648438,187.223876953125,7351500,0.0,14.979999542236328,5.43,5.03,4.36,-0.006723608849263815,0.15613830019899552,0.0,0.0,0.054299999999999994,0.050300000000000004,0.0436,-0.013824887685854326,-0.5572645012239561,0.05424,0.05455000000000001,-0.00031000000000001166,0.6978091880245891,0
2024-04-10,195.5500030517578,197.07000732421875,194.17999267578125,195.47000122070312,185.6284637451172,7681400,0.0,15.800000190734863,5.45,5.19,4.55,-0.008557934447256258,0.1606593193487401,0.0,0.0,0.0545,0.0519,0.0455,0.05473969783420429,-0.5817378783392645,0.054299999999999994,0.054535,-0.00023500000000000604,0.6807854238473561,0
2024-04-11,196.0,196.57000732421875,193.24000549316406,195.42999267578125,185.5904541015625,10137700,0.0,14.90999984741211,5.45,5.17,4.56,-0.00020478290227227928,0.15924431596797733,0.0,0.0,0.0545,0.051699999999999996,0.045599999999999995,-0.05632913497334324,-0.5446382684434804,0.05438,0.05452,-0.00014000000000000123,0.6884916324381583,0
2024-04-12,188.32000732421875,188.92999267578125,182.5399932861328,182.7899932861328,173.58685302734375,31532300,0.0,17.309999465942383,5.45,5.13,4.5,-0.06686431843778141,0.283957407012122,0.0,0.0,0.0545,0.0513,0.045,0.16096577083110009,-0.7294270498973642,0.05442,0.054505000000000005,-8.500000000000174e-05,0.6096136350968226,0
2024-04-15,184.5,187.4600067138672,182.1999969482422,182.88999938964844,173.6818389892578,14766600,0.0,19.229999542236328,5.45,5.16,4.63,0.0005470459414653679,0.27793622306143845,0.0,0.0,0.0545,0.0516,0.0463,0.11091855202373435,-0.6694726684902743,0.054459999999999995,0.054490000000000004,-3.0000000000009186e-05,0.5932259815566867,0
2024-04-16,182.89999389648438,183.16000366210938,179.64999389648438,180.8000030517578,171.69708251953125,16451800,0.0,18.399999618530273,5.45,5.18,4.67,-0.011493337864059566,0.27576028814212195,0.0,0.0,0.0545,0.0518,0.0467,-0.04316172352906522,-0.6264786823056426,0.0545,0.05447500000000001,2.4999999999990308e-05,0.5909028883165507,0
2024-04-17,181.3699951171875,182.4199981689453,179.1999969482422,180.0800018310547,171.01332092285156,9017100,0.0,18.209999084472656,5.45,5.16,4.59,-0.003990322424340617,0.27070620799613765,0.0,0.0,0.0545,0.0516,0.045899999999999996,-0.010326116195473745,-0.6226981130739768,0.0545,0.054459999999999995,4.000000000000531e-05,0.5839042572971607,0
2024-04-18,181.10000610351562,183.36000061035156,179.97000122070312,181.25,172.12440490722656,9557700,0.0,18.0,5.46,5.18,4.64,0.006476046111493379,0.2709716317213372,0.0,0.0,0.0546,0.0518,0.0464,-0.011532075509642303,-0.6200737257266793,0.05452,0.054454999999999996,6.500000000000256e-05,0.5872765227080583,0
2024-04-19,182.39999389648438,185.8800048828125,181.41000366210938,185.8000030517578,176.4453125,13402300,0.0,18.709999084472656,5.45,5.17,4.62,0.024793484455357225,0.28251405074457675,0.0,0.0,0.0545,0.051699999999999996,0.0462,0.039444393581814285,-0.5319597802976056,0.05452,0.05444,7.999999999999674e-05,0.584145676637873,0
2024-04-22,185.99000549316406,190.1300048828125,185.97999572753906,189.41000366210938,179.87359619140625,11529700,0.0,16.940000534057617,5.42,5.16,4.62,0.019243376651666613,0.28702105205505674,0.0,0.0,0.0542,0.0516,0.0462,-0.09460174436266822,-0.5698107162804463,0.054459999999999995,0.05442,3.999999999999143e-05,0.6126532579855479,0
2024-04-23,191.1300048828125,192.22999572753906,190.52000427246094,192.13999938964844,182.4661102294922,9144400,0.0,15.6899995803833,5.45,5.14,4.61,0.014310097585254908,0.28986475999916905,0.0,0.0,0.0545,0.051399999999999994,0.0461,-0.07378990048797274,-0.5967669379975062,0.054459999999999995,0.054415000000000005,4.499999999998949e-05,0.6463606796396517,0
2024-04-24,190.52999877929688,193.22999572753906,190.1699981689453,193.0800018310547,183.35877990722656,6964900,0.0,15.970000267028809,5.46,5.17,4.65,0.0048803210146027105,0.2888393616905665,0.0,0.0,0.0546,0.051699999999999996,0.04650000000000001,0.017845805872141796,-0.5976745953854445,0.054479999999999994,0.054415000000000005,6.499999999998868e-05,0.6507418634344335,0
2024-04-25,192.25,193.94000244140625,191.17999267578125,193.3699951171875,183.63417053222656,9802300,0.0,15.369999885559082,5.47,5.21,4.7,0.0015007954586634224,0.288383450524699,0.0,0.0,0.0547,0.0521,0.047,-0.03757046784203688,-0.5935124574485667,0.05450000000000001,0.054425,7.500000000000562e-05,0.6574286530392912,0
2024-04-26,193.57000732421875,194.8699951171875,193.05999755859375,193.49000549316406,183.7481689453125,6413700,0.0,15.029999732971191,5.46,5.21,4.67,0.0006205982405514494,0.27962143725340693,0.0,0.0,0.0546,0.0521,0.0467,-0.022121025056567434,-0.5804163496141637,0.05452,0.054425,9.499999999999786e-05,0.6512370065919492,0
2024-04-29,193.47999572753906,194.25999450683594,192.42999267578125,193.27999877929688,183.5487060546875,5387800,0.0,14.670000076293945,5.45,5.2,4.63,-0.001086112754065164,0.2790114539238628,0.0,0.0,0.0545,0.052000000000000005,0.0463,-0.023952073391426465,-0.5808690401146834,0.05458,0.05443,0.00014999999999999736,0.6534083088656223,0
2024-04-30,192.80999755859375,194.99000549316406,191.63999938964844,191.74000549316406,182.0862579345703,8153700,0.0,15.649999618530273,5.46,5.25,4.69,-0.007999540869838088,0.2793304006912664,0.0,0.0,0.0546,0.0525,0.046900000000000004,0.06680296776684846,-0.5816258248256255,0.0546,0.05445,0.0001500000000000043,0.6387090887087602,0
2024-05-01,192.27000427246094,194.4600067138672,190.7899932861328,191.86000061035156,182.2002410888672,7445300,0.0,15.390000343322754,5.46,5.21,4.63,0.0006257885390877258,0.2794029990937973,0.0,0.0,0.0546,0.0521,0.0463,-0.01661337262268492,-0.5971396127525348,0.0546,0.05447,0.0001300000000000051,0.6430334591066815,0
2024-05-02,193.07000732421875,193.5,189.52000427246094,191.66000366210938,182.0102996826172,6501700,0.0,14.680000305175781,5.46,5.16,4.58,-0.0010430308967315784,0.2793593730266715,0.0,0.0,0.0546,0.0516,0.0458,-0.04613385460092079,-0.5930726099503266,0.054580000000000004,0.054494999999999995,8.500000000000868e-05,0.6542289681690635,0
2024-05-03,192.0,192.52999877929688,188.4600067138672,190.50999450683594,180.9181671142578,8922800,0.0,13.489999771118164,5.45,5.12,4.5,-0.006018463498273608,0.27895590103236073,0.0,0.0,0.0545,0.0512,0.045,-0.08106270499449886,-0.5867006985411148,0.05456000000000001,0.054505000000000005,5.500000000000643e-05,0.672184120030173,0
2024-05-06,191.72999572753906,192.1999969482422,189.82000732421875,192.0,182.33314514160156,7911100,0.0,13.489999771118164,5.45,5.12,4.49,0.007790667983177047,0.2783516015744659,0.0,0.0,0.0545,0.0512,0.0449,0.0,-0.5796333010918158,0.05456,0.054515,4.499999999999643e-05,0.6713702811061348,0
2024-05-07,191.6999969482422,192.92999267578125,191.64999389648438,191.75,182.09576416015625,7688800,0.0,13.229999542236328,5.45,5.13,4.47,-0.001302756224654075,0.27733724973723556,0.0,0.0,0.0545,0.0513,0.0447,-0.01927355324634561,-0.5749358661384575,0.05454,0.054525000000000004,1.4999999999994185e-05,0.6712100980662663,0
2024-05-08,191.0,196.64999389648438,191.0,195.64999389648438,185.7993927001953,9227600,0.0,13.0,5.45,5.13,4.48,0.020134832408565683,0.28658944880156956,0.0,0.0,0.0545,0.0513,0.044800000000000006,-0.017384697671535276,-0.5700847816639675,0.05452,0.054525000000000004,-5.0000000000050004e-06,0.6904813307059139,0
2024-05-09,195.1699981689453,197.58999633789062,195.10000610351562,197.5,187.55624389648438,7977300,0.0,12.6899995803833,5.46,5.12,4.45,0.009411210070047851,0.28687568291332793,0.0,0.0,0.0546,0.0512,0.044500000000000005,-0.023846186124361513,-0.5658493343389609,0.05452,0.05453,-1.0000000000003062e-05,0.7056036136431982,0
2024-05-10,198.5399932861328,199.33999633789062,198.27000427246094,198.77000427246094,188.76231384277344,7529800,0.0,12.550000190734863,5.47,5.17,4.5,0.006409857026138172,0.28758747569399257,0.0,0.0,0.0547,0.051699999999999996,0.045,-0.011032261172400193,-0.5763353792344615,0.05456,0.05454,1.9999999999999185e-05,0.7115398908019561,0
2024-05-13,198.8000030517578,199.85000610351562,198.0399932861328,198.72999572753906,188.72433471679688,7049200,0.0,13.600000381469727,5.45,5.16,4.48,-0.00020122102993383643,0.14950756337605028,0.0,0.0,0.0545,0.0516,0.044800000000000006,0.08366535257186958,-0.11646810824826102,0.05456000000000001,0.05454,2.0000000000013063e-05,0.7362278016869968,0
2024-05-14,199.0,201.5800018310547,198.16000366210938,201.50999450683594,191.3643341064453,8596200,0.0,13.420000076293945,5.44,5.16,4.45,0.013891715600064525,0.1527565087260392,0.0,0.0,0.054400000000000004,0.0516,0.044500000000000005,-0.013235316185802093,-0.07961425869286547,0.05454,0.054535,4.9999999999980616e-06,0.7467412049105386,0
2024-05-15,202.00999450683594,202.69000244140625,199.77000427246094,202.11000061035156,191.9341583251953,8370000,0.0,12.449999809265137,5.45,5.1,4.36,0.0029732683524054623,0.14132528102212946,0.0,0.0,0.0545,0.051,0.0436,-0.07228019832446109,-0.12420653242702594,0.05454,0.054535,4.9999999999980616e-06,0.7692024995376999,0
2024-05-16,202.22000122070312,204.47999572753906,201.99000549316406,202.47000122070312,192.27601623535156,8497900,0.0,12.420000076293945,5.45,5.13,4.38,0.0017795364256666761,0.13791547490330364,0.0,0.0,0.0545,0.0513,0.0438,-0.0024096171430353364,-0.1255639817767468,0.05452,0.05453,-1.0000000000003062e-05,0.7730652927027308,0
2024-05-17,203.80999755859375,205.0500030517578,202.80999755859375,204.7899932861328,194.47921752929688,9260500,0.0,11.989999771118164,5.46,5.14,4.42,0.011393382348953587,0.13936216851424213,0.0,0.0,0.0546,0.051399999999999994,0.044199999999999996,-0.034621602458483336,-0.13675929120505437,0.05450000000000001,0.054535,-3.499999999999337e-05,0.7821320692506559,0
2024-05-20,204.38999938964844,205.8800048828125,195.39999389648438,195.5800018310547,185.73294067382812,17373300,0.0,12.149999618530273,5.45,5.15,4.44,-0.046015467468712046,0.21382974705681732,0.0,0.0,0.0545,0.051500000000000004,0.0444,0.01334444123990064,-0.3322743835193337,0.05450000000000001,0.05455,-4.999999999999449e-05,0.7376993141008368,0
2024-05-21,197.0,199.89999389648438,196.60000610351562,199.52000427246094,189.47454833984375,14420800,0.0,11.859999656677246,5.45,5.14,4.41,0.0199448668181449,0.21453684721331615,0.0,0.0,0.0545,0.051399999999999994,0.0441,-0.023868310366918943,-0.25082826536452374,0.05452,0.05455,-3.0000000000002247e-05,0.7422576533594603,0
2024-05-22,199.0,200.94000244140625,197.69000244140625,198.30999755859375,188.32546997070312,9425300,0.0,12.289999961853027,5.45,5.16,4.43,-0.006083016711140874,0.2119789966868356,0.0,0.0,0.0545,0.0516,0.0443,0.03625635055846632,-0.22599851144986124,0.05452,0.054544999999999996,-2.4999999999997247e-05,0.7239791041574068,0
2024-05-23,197.80999755859375,198.3000030517578,196.07000732421875,196.9199981689453,187.00546264648438,8069400,0.0,12.770000457763672,5.46,5.2,4.47,-0.00703386079751935,0.21360033269153916,0.0,0.0,0.0546,0.052000000000000005,0.0447,0.03905618367782915,-0.2656475334489599,0.05454,0.05454,0.0,0.7100336072099397,0
2024-05-24,197.75,200.75999450683594,197.55999755859375,200.7100067138672,190.60462951660156,7356200,0.0,11.930000305175781,5.46,5.21,4.46,0.019063451658110058,0.2226559017801297,0.0,0.0,0.0546,0.0521,0.0446,-0.06577917952048329,-0.32954839080566256,0.05454,0.05454,0.0,0.7324815726243625,0
2024-05-28,199.86000061035156,200.41000366210938,198.66000366210938,199.5,189.45555114746094,6910200,0.0,12.920000076293945,5.46,5.21,4.54,-0.00604684167860319,0.22428311410470217,0.0,0.0,0.0546,0.0521,0.0454,0.08298405245544349,-0.34885224357791766,0.05456000000000001,0.054544999999999996,1.5000000000015001e-05,0.7143770745119202,0
2024-05-29,198.0,198.99000549316406,196.88999938964844,198.11000061035156,188.13552856445312,6120000,0.0,14.279999732971191,5.46,5.22,4.61,-0.006991838692489603,0.22605278480130475,0.0,0.0,0.0546,0.052199999999999996,0.0461,0.10526313070017856,-0.37202783593518457,0.054580000000000004,0.054544999999999996,3.500000000000725e-05,0.6914429072500179,0
2024-05-30,198.55999755859375,199.85000610351562,198.39999389648438,199.3300018310547,189.29409790039062,6829100,0.0,14.470000267028809,5.46,5.19,4.55,0.006139279450490876,0.22411991303947573,0.0,0.0,0.0546,0.0519,0.0455,0.01330535977664793,-0.34080485049202786,0.0546,0.05454500000000001,5.4999999999992555e-05,0.6971459352552056,0
2024-05-31,199.3000030517578,203.3000030517578,198.35000610351562,202.6300048828125,192.427978515625,14417900,0.0,12.920000076293945,5.46,5.18,4.51,0.016420066961025753,0.22964436307293673,0.0,0.0,0.0546,0.0518,0.0451,-0.10711818674023643,-0.39545852844682017,0.0546,0.05454500000000001,5.4999999999992555e-05,0.7286790821332549,0
2024-06-03,202.30999755859375,202.4199981689453,199.19000244140625,201.82000732421875,191.65875244140625,6444300,0.0,13.109999656677246,5.52,5.14,4.41,-0.004005486473078799,0.2304644640581604,0.0,0.0,0.0552,0.051399999999999994,0.0441,0.014705849788028802,-0.415787771900375,0.054720000000000005,0.05458,0.00014000000000000817,0.7242027928646724,0
2024-06-04,200.16000366210938,201.97999572753906,198.27999877929688,199.16000366210938,189.13265991210938,6848300,0.0,13.15999984741211,5.52,5.11,4.33,-0.013267786529759703,0.2351453013394303,0.0,0.0,0.0552,0.051100000000000007,0.0433,0.003813897181103032,-0.47998472344809895,0.05484,0.05461499999999999,0.00022500000000000991,0.7191737882646396,0
2024-06-05,199.75999450683594,199.82000732421875,196.9199981689453,197.25999450683594,187.3283233642578,8351600,0.0,12.630000114440918,5.51,5.08,4.29,-0.00958585587610471,0.23755229790539784,0.0,0.0,0.055099999999999996,0.0508,0.0429,-0.04027353640702469,-0.44011957725914275,0.05494,0.054645,0.0002950000000000036,0.7163982591099778,0
2024-06-06,197.25999450683594,198.02000427246094,195.3300018310547,196.91000366210938,186.99594116210938,7640300,0.0,12.579999923706055,5.51,5.08,4.28,-0.001775905657228587,0.2376229355215363,0.0,0.0,0.055099999999999996,0.0508,0.042800000000000005,-0.00395884325271656,-0.44371622310592557,0.05504,0.054674999999999994,0.0003650000000000042,0.7168305539099744,0
2024-06-07,197.42999267578125,200.9199981689453,197.00999450683594,199.9499969482422,189.88290405273438,6964500,0.0,12.220000267028809,5.52,5.17,4.43,0.015320676110128807,0.23335270235652078,0.0,0.0,0.0552,0.051699999999999996,0.0443,-0.028616825028659476,-0.45517043139155294,0.05516,0.05470499999999999,0.00045500000000001095,0.7191052660163577,0
2024-06-10,199.24000549316406,200.83999633789062,198.44000244140625,199.61000061035156,189.5600128173828,6070800,0.0,12.739999771118164,5.52,5.16,4.47,-0.0017019229978198524,0.23149472105964394,0.0,0.0,0.0552,0.0516,0.0447,0.042553149977613725,-0.44714079435547927,0.05516,0.05473,0.0004299999999999998,0.705065455044539,0
2024-06-11,197.91000366210938,197.94000244140625,193.60000610351562,194.36000061035156,184.5743408203125,9235300,0.0,12.850000381469727,5.52,5.17,4.39,-0.026653351114899113,0.24857372914139728,0.0,0.0,0.0552,0.051699999999999996,0.043899999999999995,0.008634270983343129,-0.42224185710441703,0.05516,0.054764999999999994,0.00039500000000000646,0.6838143222773739,0
2024-06-12,196.0,196.72000122070312,191.30999755859375,191.52999877929688,181.8868408203125,12751300,0.0,12.039999961853027,5.51,5.13,4.31,-0.014667573627741883,0.25295073185665995,0.0,0.0,0.055099999999999996,0.0513,0.0431,-0.06303505023896772,-0.38382220165093306,0.05516,0.054799999999999995,0.00036000000000000615,0.6867690481295948,0
2024-06-13,192.32000732421875,194.5800018310547,190.8800048828125,193.66000366210938,183.9095916748047,8587800,0.0,11.9399995803833,5.51,5.07,4.24,0.011059547290526054,0.2509251855753262,0.0,0.0,0.055099999999999996,0.0507,0.0424,-0.008305679550378975,-0.38167346081286696,0.05516,0.054830000000000004,0.00032999999999999696,0.6865110963936419,0
2024-06-14,191.4499969482422,194.86000061035156,191.4199981689453,193.77999877929688,184.02354431152344,6874000,0.0,12.65999984741211,5.51,5.07,4.2,0.0006194203740674086,0.2504822049317369,0.0,0.0,0.055099999999999996,0.0507,0.042,0.060301532021133974,-0.3552430672715688,0.05513999999999999,0.05486,0.0002799999999999886,0.6748294201261412,0
2024-06-17,193.47999572753906,195.5800018310547,192.63999938964844,194.97999572753906,185.1631317138672,8725400,0.0,12.75,5.52,5.11,4.28,0.006173521937330725,0.25177765992235546,0.0,0.0,0.0552,0.051100000000000007,0.042800000000000005,0.0071090168777756535,-0.34988205524657917,0.05514,0.054889999999999994,0.00025000000000000716,0.67615981395542,0
2024-06-18,194.60000610351562,197.9600067138672,194.1300048828125,197.0,187.08140563964844,9023000,0.0,12.300000190734863,5.5,5.09,4.22,0.010306616829495227,0.25108759354056354,0.0,0.0,0.055,0.0509,0.042199999999999994,-0.03529410268746169,-0.34865815050074744,0.055099999999999996,0.054915000000000005,0.00018499999999999073,0.6819382847864783,0
2024-06-20,196.38999938964844,199.4499969482422,196.11000061035156,198.6699981689453,188.66734313964844,8731100,0.0,13.279999732971191,5.5,5.1,4.25,0.008441528669826191,0.1949827756025389,0.0,0.0,0.055,0.051,0.0425,0.07967475829590032,-0.34149727485360665,0.05508,0.05494,0.0001399999999999943,0.7003601685623426,0
2024-06-21,196.7100067138672,197.1699981689453,194.22000122070312,196.3000030517578,186.4167022705078,20972100,0.0,13.199999809265137,5.49,5.1,4.25,-0.01200087238171955,0.18657249843203544,0.0,0.0,0.054900000000000004,0.051,0.0425,-0.006024090761646117,-0.29963494987238987,0.05504,0.054959999999999995,8.000000000000368e-05,0.6824871323504075,0
2024-06-24,197.80999755859375,199.22999572753906,197.10000610351562,198.8800048828125,188.8667755126953,9785900,0.0,13.329999923706055,5.5,5.1,4.25,0.013057372346857407,0.19142931800381238,0.0,0.0,0.055,0.051,0.0425,0.009848493660558288,-0.2762883154866237,0.05502,0.05498000000000001,3.999999999999143e-05,0.692024004968036,0
2024-06-25,198.08999633789062,200.07000732421875,197.74000549316406,198.07000732421875,188.09754943847656,6862500,0.0,12.84000015258789,5.49,5.1,4.23,-0.004081166789450983,0.1903057018175805,0.0,0.0,0.054900000000000004,0.051,0.042300000000000004,-0.03675917283740937,-0.24291742166906183,0.054959999999999995,0.054995,-3.500000000000725e-05,0.7007780583642333,0
2024-06-26,197.4499969482422,197.94000244140625,196.27999877929688,197.42999267578125,187.48977661132812,7758600,0.0,12.550000190734863,5.5,5.13,4.32,-0.0032363890658173326,0.17783884073243714,0.0,0.0,0.055,0.0513,0.0432,-0.022585666542580096,-0.14689685005425843,0.05496000000000001,0.055015,-5.4999999999992555e-05,0.6916451292357106,0
2024-06-27,197.44000244140625,199.86000061035156,196.89999389648438,199.1699981689453,189.14215087890625,7913500,0.0,12.239999771118164,5.49,5.1,4.29,0.008774534226404722,0.17971448915942084,0.0,0.0,0.054900000000000004,0.051,0.0429,-0.024701228279307874,-0.13408573279934957,0.05494000000000001,0.05503,-8.999999999999286e-05,0.7048937403799617,0
2024-06-28,200.00999450683594,202.60000610351562,199.3000030517578,202.25999450683594,192.0765838623047,15307600,0.0,12.4399995803833,5.48,5.09,4.36,0.015395313370659882,0.18550336862821062,0.0,0.0,0.0548,0.0509,0.0436,0.01633985400367921,-0.03481767678343096,0.054920000000000004,0.05504,-0.00011999999999999511,0.7153637142809234,0
2024-07-01,202.83999633789062,207.08999633789062,202.66000366210938,205.4499969482422,195.10595703125,10205800,0.0,12.220000267028809,5.47,5.1,4.48,0.015648613601660744,0.19165397076918408,0.0,0.0,0.0547,0.051,0.044800000000000006,-0.017684832859754307,-0.06008575900815728,0.05486,0.055045,-0.00018499999999999767,0.7241653084554985,0
2024-07-02,205.2899932861328,208.86000061035156,204.77000427246094,208.8300018310547,198.3157958984375,7802900,0.0,12.029999732971191,5.47,5.07,4.43,0.01631790854331257,0.1915536616505796,0.0,0.0,0.0547,0.0507,0.0443,-0.015548324869538943,0.09494107549379305,0.05482,0.05502,-0.0001999999999999988,0.7268174363447248,0
2024-07-03,209.5500030517578,210.3800048828125,207.64999389648438,208.69000244140625,198.18287658691406,5560900,0.0,12.09000015258789,5.47,5.04,4.36,-0.0006704653797172128,0.19070665023868463,0.0,0.0,0.0547,0.0504,0.0436,0.004987566163634494,0.10579178352114513,0.054759999999999996,0.054995,-0.00023500000000000604,0.7279458475840883,0
2024-07-05,206.99000549316406,207.3699951171875,204.52000427246094,204.7899932861328,195.5568389892578,8093100,0.0,12.479999542236328,5.46,4.98,4.28,-0.013339149858983372,0.19077687050367007,0.0,0.0,0.0546,0.049800000000000004,0.042800000000000005,0.03225801362500036,0.052154575704023445,0.054700000000000006,0.05497,-0.00026999999999999247,0.7223347347069281,0
2024-07-08,205.0399932861328,206.89999389648438,203.97000122070312,205.1699981689453,195.91970825195312,8707000,0.0,12.369999885559082,5.46,4.99,4.28,0.0018538498368651688,0.18639813366043026,0.0,0.0,0.0546,0.0499,0.042800000000000005,-0.008814075377564845,-0.0015523530037163623,0.05466,0.054945,-0.00028500000000000053,0.7307147214593257,0
2024-07-09,205.6300048828125,209.75999450683594,205.4499969482422,207.6300048828125,198.26882934570312,9058900,0.0,12.510000228881836,5.46,5.02,4.3,0.011918910264423052,0.1887989223848431,0.0,0.0,0.0546,0.050199999999999995,0.043,0.01131773198205055,0.009890515313249271,0.05464,0.054915000000000005,-0.0002750000000000044,0.7368673924989728,0
2024-07-10,206.13999938964844,207.97000122070312,205.5800018310547,207.8000030517578,198.43113708496094,8328500,0.0,12.850000381469727,5.46,5.01,4.28,0.0008182897002737562,0.18327159439515925,0.0,0.0,0.0546,0.0501,0.042800000000000005,0.02717826909410692,0.05516248541485146,0.05462,0.054884999999999996,-0.0002649999999999944,0.7233803026808576,0
2024-07-11,206.2100067138672,208.10000610351562,205.3800048828125,207.4499969482422,198.096923828125,10658100,0.0,12.920000076293945,5.44,4.91,4.2,-0.0016856982842901416,0.1832673655640737,0.0,0.0,0.054400000000000004,0.049100000000000005,0.042,0.00544744690631771,0.07620392830363253,0.05456000000000001,0.054845,-0.00028499999999998665,0.7223904645048924,0
2024-07-12,204.0,207.4499969482422,202.10000610351562,204.94000244140625,195.70008850097656,15443400,0.0,12.460000038146973,5.43,4.87,4.18,-0.012173098575255099,0.16003671344438755,0.0,0.0,0.054299999999999994,0.0487,0.0418,-0.035603717912586985,0.1999060868381623,0.05450000000000001,0.054805000000000006,-0.0003049999999999997,0.7375778065108106,0
2024-07-15,207.19000244140625,211.61000061035156,206.72000122070312,210.0500030517578,200.57968139648438,10719700,0.0,13.119999885559082,5.43,4.85,4.23,0.024628254617906624,0.16388114368645135,0.0,0.0,0.054299999999999994,0.048499999999999995,0.042300000000000004,0.0529694899993165,0.18399733282947986,0.05444,0.054764999999999994,-0.00032499999999999196,0.7515443245499869,0
2024-07-16,210.0,213.74000549316406,208.0800018310547,213.6199951171875,203.98875427246094,11557000,0.0,13.1899995803833,5.43,4.85,4.17,0.016853284961713677,0.16791193066900853,0.0,0.0,0.054299999999999994,0.048499999999999995,0.0417,0.0053353426398474735,0.19340795628696494,0.05438,0.054725,-0.000345000000000005,0.7539934821821515,0
2024-07-17,213.8000030517578,217.55999755859375,213.27000427246094,216.8699951171875,207.0922088623047,11572500,0.0,14.479999542236328,5.43,4.85,4.16,0.015099281312195427,0.17069253320645392,0.0,0.0,0.054299999999999994,0.048499999999999995,0.0416,0.09780136488947022,0.31825208050104503,0.05432,0.054680000000000006,-0.00036000000000000615,0.7441930885665013,0
2024-07-18,215.6300048828125,216.63999938964844,209.24000549316406,209.97999572753906,200.51284790039062,12415100,0.0,15.930000305175781,5.43,4.86,4.2,-0.03228582352419731,0.21529665215053187,0.0,0.0,0.054299999999999994,0.048600000000000004,0.042,0.1001381774018697,-0.08087347907484776,0.054299999999999994,0.054645,-0.000345000000000005,0.7005966794722651,0
2024-07-19,211.1999969482422,212.35000610351562,208.9199981689453,209.77999877929688,200.32186889648438,8095900,0.0,16.520000457763672,5.43,4.87,4.25,-0.0009529065739795631,0.21453586273767453,0.0,0.0,0.054299999999999994,0.0487,0.0425,0.037037045906157084,-0.06292930099679718,0.054299999999999994,0.054610000000000006,-0.00031000000000001166,0.6854702220352676,0
2024-07-22,210.4600067138672,212.1699981689453,209.7100067138672,210.27999877929688,200.79931640625,7663200,0.0,14.90999984741211,5.43,4.88,4.26,0.0023805660370873503,0.21371589058686546,0.0,0.0,0.054299999999999994,0.048799999999999996,0.0426,-0.09745766136434542,-0.08154048962502031,0.054299999999999994,0.054580000000000004,-0.0002800000000000094,0.7048510172207897,0
2024-07-23,211.02000427246094,211.47999572753906,209.35000610351562,210.3300018310547,200.84706115722656,5557300,0.0,14.720000267028809,5.41,4.85,4.25,0.00023774521005799425,0.2070154542282385,0.0,0.0,0.0541,0.048499999999999995,0.0425,-0.012743097406287318,-0.09522560418285743,0.054259999999999996,0.054534999999999986,-0.00027499999999999053,0.714848831498557,0
2024-07-24,209.5500030517578,212.02999877929688,208.07000732421875,208.58999633789062,199.1855010986328,7119000,0.0,18.040000915527344,5.4,4.82,4.28,-0.008307171818432577,0.2078805395973717,0.0,0.0,0.054000000000000006,0.0482,0.042800000000000005,0.22554351822499452,-0.20579230829265407,0.05419999999999999,0.05449,-0.00029000000000000553,0.6547269697303917,0
2024-07-25,208.64999389648438,210.19000244140625,208.0500030517578,208.6699981689453,199.2619171142578,6403800,0.0,18.459999084472656,5.39,4.83,4.27,0.00038356888798346696,0.20666239944989204,0.0,0.0,0.053899999999999997,0.0483,0.042699999999999995,0.023281493771090345,-0.2333801545587144,0.05412,0.054435,-0.00031499999999999584,0.6513875760295146,0
2024-07-26,209.24000549316406,213.16000366210938,208.6199951171875,212.24000549316406,202.67095947265625,8027800,0.0,16.389999389648438,5.38,4.79,4.2,0.01696364894218765,0.2110941123599244,0.0,0.0,0.0538,0.0479,0.042,-0.11213433355830271,-0.3194669353272429,0.05402,0.054380000000000005,-0.00036000000000000615,0.692968049664025,0
2024-07-29,212.64999389648438,213.61000061035156,210.5500030517578,210.85000610351562,201.3436279296875,6533600,0.0,16.600000381469727,5.41,4.79,4.17,-0.006570734621630672,0.21313625109835793,0.0,0.0,0.0541,0.0479,0.0417,0.012812751655983723,-0.3055940302156208,0.05398000000000001,0.054345,-0.00036499999999999033,0.6808354465991601,0
2024-07-30,213.22999572753906,215.7899932861328,212.9600067138672,215.19000244140625,205.48793029785156,8850700,0.0,17.690000534057617,5.4,4.78,4.15,0.02037425880703004,0.21744579957135574,0.0,0.0,0.054000000000000006,0.0478,0.0415,0.06566265828551643,-0.25204726570676855,0.05396000000000001,0.05430999999999999,-0.00034999999999998227,0.6682354579881387,0
2024-07-31,214.77999877929688,216.38999938964844,212.6699981689453,212.8000030517578,203.20570373535156,9071600,0.0,16.360000610351562,5.41,4.73,4.09,-0.011168513993508954,0.21796637400761637,0.0,0.0,0.0541,0.0473,0.0409,-0.07518371303299154,-0.155191869230428,0.05398000000000001,0.054279999999999995,-0.0002999999999999878,0.6712633828685892,0
2024-08-01,213.1999969482422,213.8300018310547,206.3800048828125,207.9600067138672,198.58392333984375,10918600,0.0,18.59000015258789,5.37,4.62,3.99,-0.023006986490108128,0.22762988190304786,0.0,0.0,0.0537,0.0462,0.039900000000000005,0.13630803539367387,-0.24278785100366498,0.05394,0.05423,-0.0002899999999999986,0.616014496285839,0
2024-08-02,203.8800048828125,204.6699981689453,196.88999938964844,199.13999938964844,190.16159057617188,18041700,0.0,23.389999389648438,5.29,4.33,3.8,-0.04333761095723426,0.27285757626372503,0.0,0.0,0.0529,0.0433,0.038,0.2582032919667483,-0.47488107684118513,0.053759999999999995,0.054145,-0.0003850000000000034,0.5220802469326875,0
2024-08-05,194.0500030517578,196.1699981689453,190.89999389648438,194.89999389648438,186.11276245117188,13927000,0.0,38.56999969482422,5.35,4.34,3.78,-0.021521447671227677,0.2785667535027806,0.0,0.0,0.0535,0.0434,0.0378,0.648995327118046,-0.470491202605715,0.05364,0.054090000000000006,-0.00045000000000000595,0.3004610910187858,0
2024-08-06,195.39999389648438,202.60000610351562,194.0,200.33999633789062,191.30747985839844,10605800,0.0,27.709999084472656,5.34,4.46,3.9,0.027529236074713994,0.2970432387644375,0.0,0.0,0.053399999999999996,0.0446,0.039,-0.2815660019776688,-0.5462684800919995,0.05352,0.05403,-0.0005100000000000035,0.4708093691188232,0
2024-08-07,203.50999450683594,205.75,200.1999969482422,200.39999389648438,191.36476135253906,9204400,0.0,27.850000381469727,5.34,4.45,3.96,0.0002993762724319165,0.2933132654119386,0.0,0.0,0.053399999999999996,0.044500000000000005,0.039599999999999996,0.005052374652567915,-0.5459992391353817,0.05338,0.053970000000000004,-0.0005900000000000072,0.4618939611165747,0
2024-08-08,202.47000122070312,204.91000366210938,201.7899932861328,204.05999755859375,194.8597412109375,7761200,0.0,23.790000915527344,5.34,4.48,3.99,0.018098671816726815,0.3011765255311955,0.0,0.0,0.053399999999999996,0.044800000000000006,0.039900000000000005,-0.1457809483063327,-0.5700949217297632,0.05332,0.05392,-0.0006000000000000033,0.5301509010859704,0
2024-08-09,203.47000122070312,206.47000122070312,202.89999389648438,205.8000030517578,196.5213165283203,5540200,0.0,20.3700008392334,5.33,4.5,3.94,0.008490882566400747,0.3028853739344716,0.0,0.0,0.0533,0.045,0.0394,-0.1437578791374391,-0.5775220676186328,0.05339999999999999,0.053869999999999994,-0.00047000000000000514,0.5850411099980625,0
2024-08-12,206.41000366210938,207.13999938964844,203.66000366210938,206.19000244140625,196.89373779296875,6936000,0.0,20.709999084472656,5.33,4.47,3.9,0.0018932746563850526,0.2998894242717008,0.0,0.0,0.0533,0.0447,0.039,0.01669112573546916,-0.5984432474507486,0.05336,0.05382,-0.0004600000000000021,0.5885592614864823,0
2024-08-13,207.72999572753906,208.08999633789062,205.39999389648438,207.94000244140625,198.56483459472656,6387800,0.0,18.1200008392334,5.32,4.4,3.85,0.008451488298929846,0.2883611332834691,0.0,0.0,0.053200000000000004,0.044000000000000004,0.0385,-0.12506027811373066,-0.6377296413672592,0.05332,0.05376499999999999,-0.000444999999999994,0.6159117125978167,0
2024-08-14,207.74000549316406,210.75999450683594,207.1199951171875,210.24000549316406,200.76112365722656,6999800,0.0,16.190000534057617,5.32,4.42,3.83,0.011000092347395784,0.2846163775908729,0.0,0.0,0.053200000000000004,0.044199999999999996,0.0383,-0.10651215318914042,-0.6553542391597085,0.053279999999999994,0.05371,-0.00043000000000000677,0.639985319374812,0
2024-08-15,213.0,213.88999938964844,211.10000610351562,211.5500030517578,202.0120849609375,7001000,0.0,15.229999542236328,5.34,4.52,3.92,0.006211760362427145,0.2800045046538093,0.0,0.0,0.053399999999999996,0.0452,0.0392,-0.05929592094835401,-0.6923644730151605,0.05328000000000001,0.053665,-0.0003849999999999895,0.6484025724518818,0
2024-08-16,211.69000244140625,214.08999633789062,211.58999633789062,213.97000122070312,204.32293701171875,7931200,0.0,14.800000190734863,5.33,4.49,3.89,0.011374244597879278,0.25895218111121465,0.0,0.0,0.0533,0.0449,0.038900000000000004,-0.028233707447526624,-0.7154878023277786,0.053279999999999994,0.053615,-0.0003350000000000089,0.6805304853140179,0
2024-08-19,214.0,215.52999877929688,213.82000732421875,215.4499969482422,205.73622131347656,6090800,0.0,14.649999618530273,5.31,4.48,3.86,0.006893102466123828,0.25967155325831626,0.0,0.0,0.053099999999999994,0.044800000000000006,0.038599999999999995,-0.01013517366699046,-0.7146768587292219,0.053239999999999996,0.053555,-0.0003150000000000028,0.687342522891286,0
2024-08-20,215.0,216.0,213.67999267578125,214.52000427246094,204.84817504882812,5640000,0.0,15.880000114440918,5.29,4.43,3.82,-0.0043257739811828596,0.26034846977460896,0.0,0.0,0.0529,0.0443,0.0382,0.08395908040535782,-0.7202364170107248,0.05317999999999999,0.053495,-0.0003150000000000097,0.6657880021197377,0
2024-08-21,214.42999267578125,215.0,212.83999633789062,214.60000610351562,204.92454528808594,5202300,0.0,16.270000457763672,5.26,4.36,3.79,0.0003727443841514534,0.260344232145133,0.0,0.0,0.0526,0.0436,0.0379,0.024559215397492062,-0.7211334753907629,0.053059999999999996,0.053425,-0.0003650000000000042,0.6602997104488724,0
2024-08-22,214.5800018310547,216.8000030517578,214.33999633789062,216.6300048828125,206.86302185058594,5247100,0.0,17.549999237060547,5.28,4.43,3.86,0.009415004416969817,0.25963557836555107,0.0,0.0,0.0528,0.0443,0.038599999999999995,0.07867232595473528,-0.7020900882536203,0.05294,0.053369999999999994,-0.0004299999999999929,0.6525720690288641,0
2024-08-23,217.60000610351562,219.19000244140625,216.5,218.30999755859375,208.46728515625,7214000,0.0,15.859999656677246,5.25,4.36,3.81,0.007725279167540412,0.26037512911809296,0.0,0.0,0.0525,0.0436,0.0381,-0.09629627657273676,-0.7041301185778713,0.05278000000000001,0.05330499999999999,-0.0005249999999999838,0.6810729168330574,0
2024-08-26,219.00999450683594,219.67999267578125,218.0500030517578,219.1699981689453,209.2884979248047,5105200,0.0,16.149999618530273,5.24,4.38,3.82,0.003931549769551685,0.2548891693470864,0.0,0.0,0.0524,0.0438,0.0382,0.018284991685414864,-0.6957085859073624,0.05264,0.05321999999999999,-0.0005799999999999902,0.6691749293564827,0
2024-08-27,219.50999450683594,220.4199981689453,219.19000244140625,220.17999267578125,210.25296020507812,5185200,0.0,15.430000305175781,5.23,4.34,3.83,0.00459770523534945,0.25334835681466195,0.0,0.0,0.052300000000000006,0.0434,0.0383,-0.044582001879948985,-0.7008543436184222,0.05252,0.053135,-0.0006150000000000044,0.6861033728870194,0
2024-08-28,219.25,222.2100067138672,219.19000244140625,221.2899932861328,211.31292724609375,6506400,0.0,17.110000610351562,5.21,4.36,3.84,0.005028724127244361,0.2448053519411821,0.0,0.0,0.0521,0.0436,0.0384,0.10887882514248881,-0.7338226647871836,0.05242,0.053035,-0.0006149999999999975,0.6529811192719284,0
2024-08-29,222.14999389648438,222.97999572753906,218.94000244140625,222.2100067138672,212.1914520263672,6416100,0.0,15.649999618530273,5.22,4.38,3.87,0.0041488404060608065,0.24066637550934075,0.0,0.0,0.052199999999999996,0.0438,0.0387,-0.0853302711712346,-0.7694866058720613,0.0523,0.05295999999999999,-0.0006599999999999939,0.6829453226832503,0
2024-08-30,222.5,225.47999572753906,221.92999267578125,224.8000030517578,214.6646728515625,8574100,0.0,15.0,5.21,4.38,3.91,0.011588206693899138,0.2245627770799392,0.0,0.0,0.0521,0.0438,0.0391,-0.041533522963198455,-0.7778129007152402,0.05222,0.05292,-0.0006999999999999992,0.7128187664982368,0
2024-09-03,222.3000030517578,224.10000610351562,219.24000549316406,220.3000030517578,210.36756896972656,8956100,0.0,20.719999313354492,5.19,4.35,3.84,-0.02022082032949329,0.17156645729927614,0.0,0.0,0.0519,0.0435,0.0384,0.38133328755696616,-0.8989282077481664,0.05212,0.05284,-0.0007199999999999984,0.6449053338978596,0
2024-09-04,221.0399932861328,222.07000732421875,217.2100067138672,219.3300018310547,209.44131469726562,7389500,0.0,21.31999969482422,5.18,4.23,3.77,-0.00441274976079328,0.14695439018112624,0.0,0.0,0.0518,0.042300000000000004,0.0377,0.028957548327861904,-0.8659281559390183,0.05202,0.052759999999999994,-0.0007399999999999976,0.6465219334842236,0
2024-09-05,220.14999389648438,220.8000030517578,216.02999877929688,217.6300048828125,207.8179473876953,8067900,0.0,19.899999618530273,5.15,4.21,3.73,-0.007781135844224414,0.13063367218875707,0.0,0.0,0.051500000000000004,0.0421,0.0373,-0.06660413211162819,-0.7391605857008643,0.0519,0.052665,-0.0007649999999999949,0.6457794295281902,0
2024-09-06,217.60000610351562,218.74000549316406,211.08999633789062,212.4600067138672,202.8810577392578,7777000,0.0,22.3799991607666,5.13,4.1,3.72,-0.02404255864461086,0.16251127819404176,0.0,0.0,0.0513,0.040999999999999995,0.037200000000000004,0.12462309496363155,-0.7219113200508929,0.05172,0.052559999999999996,-0.0008399999999999935,0.5958793283682229,0
2024-09-09,215.19000244140625,218.14999389648438,214.17999267578125,216.80999755859375,207.03489685058594,8935100,0.0,19.450000762939453,5.11,4.12,3.7,0.020267478020540672,0.1652375055998869,0.0,0.0,0.051100000000000007,0.0412,0.037000000000000005,-0.13092039802055044,-0.7169994239923845,0.051519999999999996,0.05245,-0.0009300000000000003,0.6390064800791817,0
2024-09-10,218.60000610351562,218.63999938964844,200.61000061035156,205.55999755859375,196.2921142578125,28406900,0.0,19.079999923706055,5.06,4.07,3.65,-0.05328343429138583,0.25371467210839166,0.0,0.0,0.0506,0.0407,0.0365,-0.019023178648836292,-0.4291554597496938,0.05126000000000001,0.052315,-0.0010549999999999934,0.6075191373236926,0
2024-09-11,205.25,207.6999969482422,201.8300018310547,207.22999572753906,197.88681030273438,13658700,0.0,17.690000534057617,5.1,4.12,3.65,0.00809127350943104,0.2552185463289027,0.0,0.0,0.051,0.0412,0.0365,-0.07285112134206173,-0.4390984060060631,0.0511,0.052205,-0.0011050000000000018,0.6310556299319436,0
2024-09-12,207.64999389648438,208.77999877929688,204.88999938964844,206.60000610351562,197.28524780273438,9054400,0.0,17.06999969482422,5.06,4.09,3.68,-0.0030445622474364747,0.2536600492970057,0.0,0.0,0.0506,0.0409,0.0368,-0.035048096128643014,-0.4216699121876444,0.05092,0.052075,-0.0011550000000000032,0.6330654698654562,0
2024-09-13,206.86000061035156,207.85000610351562,203.02000427246094,204.32000732421875,195.10804748535156,10226700,0.0,16.559999465942383,4.97,4.0,3.66,-0.011097145065361332,0.25279643715363476,0.0,0.0,0.049699999999999994,0.04,0.0366,-0.029876991095463934,-0.385195093019696,0.0506,0.051890000000000006,-0.0012900000000000064,0.6271944277905219,0
2024-09-16,205.8300018310547,208.2100067138672,205.58999633789062,207.86000061035156,198.4884490966797,8634900,0.0,17.139999389648438,4.96,3.96,3.63,0.017177412704152177,0.2596947303971801,0.0,0.0,0.0496,0.039599999999999996,0.0363,0.03502415111177348,-0.3504726560368901,0.0503,0.051705,-0.0014050000000000035,0.6254400306272518,0
2024-09-17,207.72999572753906,209.92999267578125,207.66000366210938,209.25,199.8157501220703,7573300,0.0,17.610000610351562,4.95,3.99,3.65,0.006664785061998304,0.25740664234973004,0.0,0.0,0.0495,0.039900000000000005,0.0365,0.027421309068831112,-0.3372066685792811,0.05008,0.051525,-0.0014450000000000018,0.6159258342239283,0
2024-09-18,209.00999450683594,211.33999633789062,206.6999969482422,207.52999877929688,198.17330932617188,8259900,0.0,18.229999542236328,4.84,3.95,3.7,-0.00825374507703002,0.2568555280837372,0.0,0.0,0.0484,0.0395,0.037000000000000005,0.03520720672322497,-0.33629289292667836,0.04956,0.0513,-0.0017399999999999985,0.5980571536142035,0
2024-09-19,209.77999877929688,211.91000366210938,207.33999633789062,210.47999572753906,200.9903106689453,11635200,0.0,16.329999923706055,4.8,3.93,3.73,0.014114753799672022,0.26243854188171983,0.0,0.0,0.048,0.0393,0.0373,-0.10422378860340853,-0.3665722299207543,0.04903999999999999,0.051070000000000004,-0.002030000000000011,0.6361629412550002,0
2024-09-20,209.92999267578125,211.4199981689453,209.5,211.08999633789062,201.57281494140625,20885000,0.0,16.149999618530273,4.75,3.92,3.73,0.0028939793137922947,0.26273840942126936,0.0,0.0,0.0475,0.0392,0.0373,-0.011022676424785383,-0.36855129962131195,0.048600000000000004,0.050805,-0.0022049999999999986,0.6402338238065431,0
2024-09-23,211.0,211.8000030517578,209.99000549316406,211.44000244140625,201.9070281982422,7223500,0.0,15.890000343322754,4.72,3.91,3.75,0.0016566544225492356,0.26030657163043214,0.0,0.0,0.0472,0.0391,0.0375,-0.01609902670890473,-0.39968599248511094,0.04812,0.050539999999999995,-0.0024199999999999916,0.6393281769313064,0
2024-09-24,211.14999389648438,212.9499969482422,210.3699951171875,211.58999633789062,202.0502471923828,7323200,0.0,15.390000343322754,4.69,3.88,3.74,0.0007090799392235286,0.25841860561227814,0.0,0.0,0.046900000000000004,0.0388,0.0374,-0.031466330345934046,-0.38649524404045643,0.047599999999999996,0.050265000000000004,-0.0026650000000000076,0.6422911543026686,0
2024-09-25,211.67999267578125,212.24000549316406,208.61000061035156,210.19000244140625,200.71336364746094,8976500,0.0,15.40999984741211,4.69,3.89,3.79,-0.0066385761708346765,0.2582190769604477,0.0,0.0,0.046900000000000004,0.038900000000000004,0.0379,0.0012995129072905787,-0.38924357451219327,0.047299999999999995,0.049995,-0.002695000000000003,0.635713848294949,0
2024-09-26,211.1300048828125,211.6999969482422,209.00999450683594,209.77999877929688,200.32186889648438,7807500,0.0,15.369999885559082,4.68,3.96,3.79,-0.0019524213513924553,0.25710735831816894,0.0,0.0,0.046799999999999994,0.039599999999999996,0.0379,-0.002595714617073419,-0.3835072227693803,0.047060000000000005,0.049729999999999996,-0.002669999999999992,0.632386105792071,0
2024-09-27,210.64999389648438,212.44000244140625,209.3300018310547,210.5,201.0093994140625,7032500,0.0,16.959999084472656,4.68,3.9,3.75,0.003426252796403782,0.2565909055333239,0.0,0.0,0.046799999999999994,0.039,0.0375,0.10344822451218505,-0.39099974856056996,0.046919999999999996,0.049460000000000004,-0.0025400000000000075,0.6087293343818386,0
2024-09-30,206.30999755859375,210.9600067138672,205.25999450683594,210.86000061035156,201.35316467285156,8663800,0.0,16.729999542236328,4.73,3.98,3.81,0.001708734226864359,0.2559469763874631,0.0,0.0,0.0473,0.0398,0.0381,-0.013561294495994303,-0.3836152745420118,0.046939999999999996,0.04922,-0.0022800000000000042,0.6105609554518279,0
2024-10-01,208.89999389648438,209.08999633789062,206.19000244140625,207.0399932861328,197.7053985595703,8540100,0.0,19.260000228881836,4.71,3.96,3.74,-0.018282367816514208,0.2561517043546003,0.0,0.0,0.0471,0.039599999999999996,0.0374,0.15122538887453651,-0.4067851021360657,0.04698,0.048979999999999996,-0.001999999999999995,0.5566560524069313,0
2024-10-02,207.0800018310547,208.9499969482422,205.69000244140625,207.2899932861328,197.9441375732422,5810900,0.0,18.899999618530273,4.69,3.97,3.79,0.0012068207888256636,0.24964138957725043,0.0,0.0,0.046900000000000004,0.0397,0.0379,-0.018691620253031727,-0.37070884093366585,0.04698,0.048735,-0.0017549999999999996,0.5745508956403965,0
2024-10-03,206.1699981689453,206.49000549316406,204.33999633789062,205.22999572753906,195.9770050048828,7251300,0.0,20.489999771118164,4.68,4.02,3.85,-0.009987526474763041,0.25081162166794674,0.0,0.0,0.046799999999999994,0.04019999999999999,0.0385,0.08412699389840173,-0.38171181148160466,0.04698,0.0485,-0.0015200000000000005,0.548529643123098,0
2024-10-04,209.3000030517578,211.6699981689453,206.91000366210938,211.22000122070312,202.93292236328125,10211700,0.0,19.209999084472656,4.73,4.2,3.98,0.0348781617850635,0.28245510385514866,0.0,0.0,0.0473,0.042,0.0398,-0.06246953152482426,-0.4471553024421186,0.04708,0.048299999999999996,-0.0012199999999999989,0.5921986652682096,0
2024-10-07,211.02999877929688,213.3300018310547,209.69000244140625,210.92999267578125,202.65432739257812,6718900,0.0,22.639999389648438,4.77,4.24,4.03,-0.0013737858608058402,0.26992599810057,0.0,0.0,0.04769999999999999,0.0424,0.0403,0.17855286145995874,-0.32927431263870605,0.04716,0.04812999999999999,-0.0009699999999999917,0.556716473094114,0
2024-10-08,210.5800018310547,211.3300018310547,208.3800048828125,210.75,202.48141479492188,6021800,0.0,21.420000076293945,4.75,4.21,4.04,-0.0008536033242678011,0.25961031241897375,0.0,0.0,0.0475,0.0421,0.0404,-0.05388689691892423,-0.24473491809154713,0.04724,0.047975000000000004,-0.0007350000000000065,0.5615642499641845,0
2024-10-09,209.6999969482422,214.24000549316406,209.3800048828125,213.4199981689453,205.04664611816406,7024000,0.0,20.860000610351562,4.75,4.24,4.06,0.012589391750315712,0.18104136059838669,0.0,0.0,0.0475,0.0424,0.0406,-0.026143765823892218,-0.45948963380178337,0.04736,0.0478,-0.0004400000000000029,0.6087702586477536,0
2024-10-10,214.80999755859375,214.80999755859375,211.47000122070312,212.83999633789062,204.48939514160156,7927100,0.0,20.93000030517578,4.75,4.22,4.09,-0.0027213786545402375,0.18038954606301982,0.0,0.0,0.0475,0.042199999999999994,0.0409,0.0033556899700895038,-0.44286714902295016,0.0475,0.047645,-0.0001449999999999993,0.6013346604256568,0
2024-10-11,215.6699981689453,224.6300048828125,215.16000366210938,222.2899932861328,213.568603515625,18320700,0.0,20.459999084472656,4.73,4.18,4.08,0.04344199235602108,0.23037995025914798,0.0,0.0,0.0473,0.0418,0.0408,-0.022455863060207304,-0.42880789477567693,0.0475,0.047525,-2.4999999999997247e-05,0.6357161753215854,0
2024-10-14,223.1999969482422,223.6999969482422,218.8800048828125,221.47999572753906,212.7904052734375,9048900,0.0,19.700000762939453,4.73,4.18,4.08,-0.003650440545718889,0.22571931860874933,0.0,0.0,0.0473,0.0418,0.0408,-0.037145569674535084,-0.4487260799995696,0.047420000000000004,0.04741,1.0000000000003062e-05,0.6510004289520193,0
2024-10-15,223.66000366210938,225.4499969482422,221.82000732421875,222.38999938964844,213.6647186279297,9235800,0.0,20.639999389648438,4.73,4.18,4.03,0.004100382574790807,0.22068537611980024,0.0,0.0,0.0473,0.0418,0.0403,0.047715664482478326,-0.47335470689364956,0.04738,0.0473,7.999999999999674e-05,0.6297946435557102,0
2024-10-16,222.3300018310547,223.67999267578125,221.0399932861328,223.63999938964844,214.86566162109375,6382500,0.0,19.579999923706055,4.72,4.17,4.02,0.0056049521458996126,0.22052486268155794,0.0,0.0,0.0472,0.0417,0.04019999999999999,-0.051356564791082526,-0.47521469849036385,0.04732,0.04724,8.000000000000368e-05,0.6442990702478537,0
2024-10-17,224.27000427246094,225.85000610351562,223.30999755859375,224.4199981689453,215.61505126953125,6470200,0.0,19.110000610351562,4.74,4.21,4.09,0.0034816445104090387,0.21638003959499258,0.0,0.0,0.047400000000000005,0.0421,0.0409,-0.024004050826652468,-0.46558610894000624,0.0473,0.047209999999999995,9.000000000000674e-05,0.6579953406381264,0
2024-10-18,225.0,225.9199981689453,223.10000610351562,225.3699951171875,216.5277862548828,7000500,0.0,18.030000686645508,4.73,4.19,4.08,0.004224234504631671,0.21325422349885115,0.0,0.0,0.0473,0.04190000000000001,0.0408,-0.05651490786039204,-0.43219048383968345,0.0473,0.0472,0.00010000000000000286,0.667528984384069,0
2024-10-21,225.22000122070312,225.6999969482422,222.89999389648438,223.0,214.2507781982422,5870000,0.0,18.3700008392334,4.73,4.24,4.19,-0.010571692517506686,0.21880230194558667,0.0,0.0,0.0473,0.0424,0.04190000000000001,0.018857467534081795,-0.4304729869451626,0.047299999999999995,0.047205,9.499999999999786e-05,0.6546589865769993,0
2024-10-22,223.02000427246094,225.27999877929688,221.10000610351562,224.1199951171875,215.32681274414062,9586800,0.0,18.200000762939453,4.72,4.24,4.2,0.0050097436135862474,0.2188696357943395,0.0,0.0,0.0472,0.0424,0.042,-0.009254222565459602,-0.43468417637723017,0.04728,0.04722,6.0000000000004494e-05,0.6590822314777887,0
2024-10-23,223.66000366210938,224.8000030517578,222.52999877929688,223.41000366210938,214.64468383789062,6180500,0.0,19.239999771118164,4.73,4.27,4.24,-0.003172905571371197,0.21980708310171687,0.0,0.0,0.0473,0.042699999999999995,0.0424,0.05714280025176999,-0.45225503360008723,0.047299999999999995,0.04724,5.9999999999997555e-05,0.6419218241919731,0
2024-10-24,221.8300018310547,225.05999755859375,221.66000366210938,224.97999572753906,216.153076171875,6002200,0.0,19.079999923706055,4.7,4.25,4.21,0.007002814955066469,0.2174310749226518,0.0,0.0,0.047,0.0425,0.0421,-0.008316000484173136,-0.466644209552408,0.04722,0.04725,-3.0000000000002247e-05,0.6523262693428826,0
2024-10-25,225.0,225.6199951171875,220.8800048828125,222.30999755859375,213.58786010742188,6369700,0.0,20.329999923706055,4.73,4.29,4.25,-0.0119385718979318,0.22327641154378625,0.0,0.0,0.0473,0.0429,0.0425,0.06551362709634656,-0.49382869230043486,0.04722,0.047275,-5.4999999999999494e-05,0.6285339160232084,0
2024-10-28,223.35000610351562,225.63999938964844,222.9499969482422,225.5,216.65269470214844,6843000,0.0,19.799999237060547,4.7,4.28,4.28,0.014247315384372315,0.22662558404783908,0.0,0.0,0.047,0.042800000000000005,0.042800000000000005,-0.026069881388808724,-0.5279905374873866,0.04716,0.04726,-0.00010000000000000286,0.6425426781328276,0
2024-10-29,225.2100067138672,226.75,222.80999755859375,222.89999389648438,214.15469360351562,6580000,0.0,19.34000015258789,4.7,4.29,4.28,-0.011596964966909856,0.23260981834020472,0.0,0.0,0.047,0.0429,0.042800000000000005,-0.023232277888761477,-0.48990867611315403,0.04712,0.047255000000000005,-0.00013500000000000317,0.6411907495374602,0
2024-10-30,222.5399932861328,226.30999755859375,221.5800018310547,224.41000366210938,215.60546875,7110900,0.0,20.350000381469727,4.67,4.28,4.29,0.006751582787621306,0.21964180111028792,0.0,0.0,0.0467,0.042800000000000005,0.0429,0.05222338267389759,-0.3822087117377059,0.047,0.047244999999999995,-0.0002449999999999952,0.6416705487428547,0
2024-10-31,224.6999969482422,225.69000244140625,221.82000732421875,221.9199981689453,213.21315002441406,7829900,0.0,23.15999984741211,4.64,4.27,4.28,-0.011157834294292727,0.22580325602098972,0.0,0.0,0.0464,0.042699999999999995,0.042800000000000005,0.13808350925148427,-0.4433288852005528,0.04688,0.047225,-0.000345000000000005,0.5941878528590827,0
2024-11-01,223.55999755859375,226.14999389648438,222.6999969482422,222.94000244140625,214.193115234375,6923500,0.0,21.8799991607666,4.61,4.28,4.37,0.004585646055538887,0.22038217857649292,0.0,0.0,0.0461,0.042800000000000005,0.0437,-0.055267732948130144,-0.40272299578225135,0.04664,0.047165,-0.0005249999999999977,0.6211389433976551,0
2024-11-04,222.64999389648438,223.75999450683594,219.1699981689453,219.77999877929688,211.1571044921875,8229600,0.0,21.979999542236328,4.65,4.25,4.31,-0.014275588260557847,0.19900073231880228,0.0,0.0,0.04650000000000001,0.0425,0.0431,0.004570401522182799,-0.31737115805734534,0.046540000000000005,0.047105,-0.0005649999999999961,0.5904528961126795,0
2024-11-05,220.02999877929688,221.9600067138672,220.0,221.49000549316406,212.8000030517578,5600700,0.0,20.489999771118164,4.64,4.27,4.26,0.007750344334878663,0.19962326534977867,0.0,0.0,0.0464,0.042699999999999995,0.0426,-0.06778888999770039,-0.37010352975300737,0.04642,0.04705,-0.0006299999999999986,0.6171589963017499,0
2024-11-06,235.0,248.0,234.77000427246094,247.05999755859375,237.3668212890625,23987800,0.0,16.270000457763672,4.64,4.31,4.42,0.10925394191866995,0.4201313598041292,0.0,0.0,0.0464,0.0431,0.044199999999999996,-0.20595409275225196,-0.726173480035253,0.04636,0.046994999999999995,-0.0006349999999999967,0.7429547695176406,0
2024-11-07,244.5,244.57000732421875,235.22000122070312,236.3800048828125,227.10581970214844,16451100,0.0,15.199999809265137,4.63,4.28,4.31,-0.044190638778619305,0.45608685047085473,0.0,0.0,0.0463,0.042800000000000005,0.0431,-0.06576525005492273,-0.5870605286250318,0.046340000000000006,0.046935,-0.0005949999999999914,0.7244352145303601,0
2024-11-08,239.33999633789062,239.33999633789062,235.77999877929688,236.97999572753906,227.68226623535156,9502100,0.0,14.9399995803833,4.63,4.32,4.3,0.0025350129421964967,0.45534798289575296,0.0,0.0,0.0463,0.0432,0.043,-0.017105278430553206,-0.585316680420495,0.04638,0.046884999999999996,-0.0005049999999999985,0.731276451266968,0
2024-11-11,240.0,242.10000610351562,239.0,239.2899932861328,229.9016571044922,9017100,0.0,14.970000267028809,4.63,4.32,4.3,0.009700551788480522,0.43406862584372113,0.0,0.0,0.0463,0.0432,0.043,0.002008078145122605,-0.6014751846446069,0.04634,0.046835,-0.0004950000000000024,0.7107638934624878,0
2024-11-12,240.5500030517578,241.4600067138672,238.75999450683594,239.55999755859375,230.16104125976562,6861000,0.0,14.710000038146973,4.63,4.38,4.43,0.0011276036230686815,0.4333906525688179,0.0,0.0,0.0463,0.0438,0.0443,-0.017368084451840793,-0.6089688834467206,0.04632,0.046785,-0.00046500000000000014,0.7173203995872214,0
2024-11-13,240.5800018310547,244.08999633789062,240.30999755859375,241.16000366210938,231.6982879638672,11472600,0.0,14.020000457763672,4.6,4.31,4.44,0.0066567990879209836,0.4335081398119613,0.0,0.0,0.046,0.0431,0.0444,-0.04690683742990798,-0.6209857806920591,0.046239999999999996,0.046725,-0.00048500000000000626,0.7286942853730589,0
2024-11-14,242.4199981689453,244.2899932861328,241.0500030517578,241.8699951171875,232.3804168701172,10172200,0.0,14.3100004196167,4.61,4.36,4.43,0.0029397142785765862,0.4334711626731864,0.0,0.0,0.0461,0.0436,0.0443,0.020684732695029018,-0.6205358509394698,0.046200000000000005,0.04666,-0.00045999999999999514,0.7229670486734563,0
2024-11-15,241.4600067138672,246.4199981689453,241.4600067138672,245.30999755859375,235.68544006347656,11518800,0.0,16.139999389648438,4.6,4.34,4.43,0.014122278193790604,0.434958518301719,0.0,0.0,0.046,0.0434,0.0443,0.1278825238553527,-0.528447308609571,0.04614,0.046595000000000004,-0.000455000000000004,0.7031709855505939,0
2024-11-18,247.75999450683594,247.92999267578125,242.67999267578125,245.02999877929688,235.4164276123047,9051400,0.0,15.579999923706055,4.63,4.33,4.42,-0.001142056522672395,0.4353577538096801,0.0,0.0,0.0463,0.0433,0.044199999999999996,-0.03469637466662756,-0.5283024909561751,0.04614,0.046545,-0.0004050000000000026,0.7079727578835644,0
2024-11-19,242.25,245.14999389648438,241.5500030517578,243.08999633789062,233.55255126953125,6792700,0.0,16.350000381469727,4.62,4.34,4.39,-0.007948867582731911,0.43434657563766343,0.0,0.0,0.0462,0.0434,0.043899999999999995,0.04942236595213734,-0.5315024148432412,0.04612,0.046495,-0.00037500000000000033,0.6985394555544826,0
2024-11-20,244.39999389648438,244.61000061035156,238.63999938964844,240.77999877929688,231.3331756591797,9015300,0.0,17.15999984741211,4.62,4.37,4.41,-0.009548120507234392,0.4368857648288578,0.0,0.0,0.0462,0.0437,0.0441,0.049541250583724494,-0.5386529554360375,0.04616,0.046439999999999995,-0.00027999999999999553,0.6783084238439958,0
2024-11-21,243.22999572753906,245.49000549316406,242.11000061035156,244.75999450683594,235.1570281982422,8783500,0.0,16.8700008392334,4.63,4.39,4.43,0.016394505843533715,0.4384239847215764,0.0,0.0,0.0463,0.043899999999999995,0.0443,-0.016899709251596895,-0.5392047277635402,0.046200000000000005,0.046404999999999995,-0.0002049999999999899,0.6940964645143366,0
2024-11-22,243.61000061035156,249.14999389648438,243.02999877929688,248.5500030517578,238.79830932617188,7997300,0.0,15.239999771118164,4.63,4.42,4.41,0.015365805526296666,0.44001675837582355,0.0,0.0,0.0463,0.044199999999999996,0.0441,-0.0966212796103989,-0.5409027290140853,0.04626,0.04635499999999999,-9.499999999999093e-05,0.7223485241244381,0
2024-11-25,249.58999633789062,254.30999755859375,249.05999755859375,250.2899932861328,240.47007751464844,10295400,0.0,14.600000381469727,4.62,4.37,4.27,0.0069763623670349535,0.4358394185812138,0.0,0.0,0.0462,0.0437,0.042699999999999995,-0.041994711237550164,-0.5272625083050428,0.046239999999999996,0.046315,-7.500000000000562e-05,0.7427456914907921,0
2024-11-26,250.49000549316406,251.0,248.33999633789062,249.97000122070312,240.16262817382812,6212100,0.0,14.100000381469727,4.61,4.37,4.3,-0.0012793527328297846,0.43529659657986347,0.0,0.0,0.0461,0.0437,0.043,-0.0342465744476691,-0.5210294077560803,0.04622,0.04627,-5.000000000000143e-05,0.7406429135711512,0
2024-11-27,249.35000610351562,251.19000244140625,248.77000427246094,249.7899932861328,239.9896697998047,5472300,0.0,14.100000381469727,4.6,4.34,4.25,-0.0007204313391152166,0.4317169307544166,0.0,0.0,0.046,0.0434,0.0425,0.0,-0.531403098786082,0.04618,0.046235000000000005,-5.500000000000643e-05,0.7471170407305527,0
2024-11-29,249.86000061035156,251.77000427246094,249.4499969482422,249.72000122070312,239.92242431640625,5494800,0.0,13.510000228881836,4.58,4.3,4.18,-0.00028024083853255916,0.43213141481743944,0.0,0.0,0.0458,0.043,0.0418,-0.041843981320970114,-0.5386216767032512,0.046079999999999996,0.046205,-0.00012500000000000705,0.751355791602295,0
2024-12-02,249.5500030517578,250.25,245.02999877929688,246.25,236.58856201171875,8899700,0.0,13.34000015258789,4.51,4.3,4.19,-0.013993031846307524,0.43358366540132603,0.0,0.0,0.0451,0.043,0.04190000000000001,-0.012583277084667777,-0.5439152666195516,0.04584,0.046155,-0.0003150000000000028,0.752095532489363,0
2024-12-03,248.22999572753906,249.0399932861328,244.6300048828125,244.82000732421875,235.2146759033203,6657700,0.0,13.300000190734863,4.49,4.27,4.23,-0.0058239956040259415,0.4351915707804802,0.0,0.0,0.0449,0.042699999999999995,0.042300000000000004,-0.002998497855734139,-0.5501528518352419,0.045579999999999996,0.046075,-0.0004950000000000024,0.7464704595859951,0
2024-12-04,244.6999969482422,245.35000610351562,242.22999572753906,243.39999389648438,233.8503875732422,7346300,0.0,13.449999809265137,4.47,4.23,4.19,-0.00581707009711862,0.43157511940592347,0.0,0.0,0.0447,0.042300000000000004,0.04190000000000001,0.01127816664504766,-0.5492091543163409,0.04529999999999999,0.04599,-0.00069000000000001,0.7493635113422299,0
2024-12-05,245.38999938964844,247.17999267578125,244.6199951171875,245.47999572753906,235.8488006591797,6572500,0.0,13.539999961853027,4.46,4.23,4.17,0.008509383003765848,0.4316471542952839,0.0,0.0,0.0446,0.042300000000000004,0.0417,0.006691461253842901,-0.5480433258949016,0.045020000000000004,0.0459,-0.0008799999999999988,0.7485302463365224,0
2024-12-06,245.6999969482422,247.74000549316406,244.83999633789062,247.36000061035156,237.655029296875,5519700,0.0,12.770000457763672,4.42,4.19,4.15,0.007629240924465963,0.20736017102799575,0.0,0.0,0.044199999999999996,0.04190000000000001,0.0415,-0.056868501200791455,0.1086428612144047,0.044700000000000004,0.045795,-0.0010949999999999988,0.6990338469178834,0
2024-12-09,247.1300048828125,247.8699951171875,243.75999450683594,243.80999755859375,234.24429321289062,7076500,0.0,14.1899995803833,4.42,4.2,4.2,-0.014455606586669247,0.143010328615703,0.0,0.0,0.044199999999999996,0.042,0.042,0.1111980479026784,-0.32661708807982587,0.04452,0.045689999999999995,-0.0011699999999999974,0.6964577098916271,0
2024-12-10,243.88999938964844,247.9600067138672,242.22000122070312,242.86000061035156,233.33160400390625,9108300,0.0,14.180000305175781,4.41,4.22,4.22,-0.0039039239344003562,0.14414322434194768,0.0,0.0,0.0441,0.042199999999999994,0.042199999999999994,-0.0007046705780979767,-0.32325897918390767,0.04436,0.045579999999999996,-0.0012199999999999989,0.6927677847495578,0
2024-12-11,244.0,244.27000427246094,242.17999267578125,243.52999877929688,233.97528076171875,7884400,0.0,13.579999923706055,4.38,4.21,4.26,0.002754837071206611,0.14093459851545276,0.0,0.0,0.0438,0.0421,0.0426,-0.04231314305760081,-0.33729423339832476,0.04418,0.045455,-0.0012750000000000053,0.6972005799210275,0
2024-12-12,243.0,244.10000610351562,241.0399932861328,241.52999877929688,232.0537567138672,6113800,0.0,13.920000076293945,4.35,4.22,4.32,-0.008246417207940957,0.14438916926510809,0.0,0.0,0.0435,0.042199999999999994,0.0432,0.02503683022813319,-0.351722843243436,0.04396,0.045329999999999995,-0.0013699999999999962,0.686766088661749,0
2024-12-13,242.07000732421875,242.72000122070312,239.13999938964844,239.94000244140625,230.52613830566406,10392700,0.0,13.8100004196167,4.34,4.24,4.4,-0.006604800502447296,0.1444449840739164,0.0,0.0,0.0434,0.0424,0.044000000000000004,-0.00790227414327227,-0.32100697107767323,0.04379999999999999,0.045195,-0.0013950000000000073,0.6804429174954929,0
2024-12-16,240.61000061035156,240.6699981689453,237.52000427246094,239.5800018310547,230.18028259277344,9032000,0.0,14.6899995803833,4.37,4.24,4.39,-0.0015014150538059034,0.14403126468856328,0.0,0.0,0.0437,0.0424,0.043899999999999995,0.06372187791657047,-0.32589328574439624,0.0437,0.045079999999999995,-0.0013799999999999923,0.6652342559869626,0
2024-12-17,238.64999389648438,239.02000427246094,236.6300048828125,238.36000061035156,229.0081329345703,8083600,0.0,15.869999885559082,4.38,4.25,4.4,-0.005105321321291653,0.13460748229469766,0.0,0.0,0.0438,0.0425,0.044000000000000004,0.0803267759620312,-0.6464753317375554,0.04364,0.044955,-0.0013150000000000037,0.6369405359295554,0
2024-12-18,239.0,239.07000732421875,229.52999877929688,230.3699951171875,221.33160400390625,11322400,0.0,27.6200008392334,4.36,4.3,4.5,-0.03409547037928333,0.17596073366397189,0.0,0.0,0.0436,0.043,0.045,0.7403907396600702,-0.7618190220424338,0.0436,0.044825,-0.001224999999999997,0.44955216377468776,0
2024-12-19,232.27000427246094,236.36000061035156,232.27000427246094,232.9600067138672,223.8200225830078,11790800,0.0,24.09000015258789,4.35,4.28,4.57,0.011180210745516742,0.18148730924763956,0.0,0.0,0.0435,0.042800000000000005,0.045700000000000005,-0.1278059587033482,-0.7760467218384873,0.0436,0.04469,-0.0010900000000000007,0.5113418919637784,0
2024-12-20,231.9199981689453,239.2100067138672,231.58999633789062,237.60000610351562,228.2779541015625,32103200,0.0,18.360000610351562,4.34,4.27,4.52,0.01972172510788172,0.19408934805073874,0.0,0.0,0.0434,0.042699999999999995,0.0452,-0.23785801186974165,-0.8060406810080946,0.04359999999999999,0.044545,-0.0009450000000000083,0.6105806351341074,0
2024-12-23,236.07000732421875,238.6199951171875,234.8800048828125,238.38999938964844,229.0369415283203,8611500,0.0,16.780000686645508,4.36,4.26,4.59,0.003319323865817233,0.1846935222416045,0.0,0.0,0.0436,0.0426,0.045899999999999996,-0.08605663786390261,-0.8389221818322907,0.043579999999999994,0.04441,-0.0008300000000000043,0.6253579327666747,0
2024-12-24,239.42999267578125,242.49000549316406,239.07000732421875,242.30999755859375,232.8031463623047,3729100,0.0,14.270000457763672,4.4,4.24,4.59,0.016309923806294944,0.18578979852887786,0.0,0.0,0.044000000000000004,0.0424,0.045899999999999996,-0.14958284422952606,-0.8491021216905387,0.04362,0.0443,-0.00068,0.6617591291093456,0
2024-12-26,241.42999267578125,243.25999450683594,240.7899932861328,243.13999938964844,233.60060119628906,4451800,0.0,14.729999542236328,4.35,4.23,4.58,0.0034195934970634115,0.18421682749805557,0.0,0.0,0.0435,0.042300000000000004,0.0458,0.03223539381334706,-0.8452557169117866,0.0436,0.04417,-0.0005700000000000011,0.6530738743334359,0
2024-12-27,242.72000122070312,243.38999938964844,240.0399932861328,241.1699981689453,231.70787048339844,5730200,0.0,15.949999809265137,4.31,4.2,4.62,-0.00813542528150379,0.18569463053381738,0.0,0.0,0.0431,0.042,0.0462,0.08282418906603617,-0.8472277601706596,0.04352,0.044024999999999995,-0.0005049999999999916,0.6315730160525176,0
2024-12-30,238.77000427246094,240.83999633789062,237.11000061035156,239.32000732421875,229.9304656982422,5723800,0.0,17.399999618530273,4.37,4.17,4.55,-0.007700459120259497,0.18679849795099013,0.0,0.0,0.0437,0.0417,0.0455,0.0909090800379102,-0.848296372758433,0.04358,0.04392,-0.00034,0.6067143096708562,0
2024-12-31,240.0500030517578,241.44000244140625,239.02999877929688,239.7100067138672,230.30519104003906,4871000,0.0,17.350000381469727,4.37,4.16,4.58,0.0016284067482200567,0.18714162172562154,0.0,0.0,0.0437,0.0416,0.0458,-0.002873519434293592,-0.8485937595962169,0.04360000000000001,0.04385,-0.0002499999999999933,0.6085643271747726,0
2025-01-02,240.9199981689453,243.27999877929688,239.4499969482422,240.0,230.58380126953125,9220900,0.0,17.93000030517578,4.36,4.17,4.57,0.0012090124436833754,0.18215626448841885,0.0,0.0,0.0436,0.0417,0.045700000000000005,0.03342938968033171,-0.8834235823878086,0.04352,0.043785000000000004,-0.00026500000000000135,0.6093315918854703,0
2025-01-03,243.88999938964844,244.8800048828125,240.25999450683594,243.27999877929688,233.73507690429688,9491100,0.0,16.1299991607666,4.34,4.18,4.6,0.013573964654994781,0.18827576719982342,0.0,0.0,0.0434,0.0418,0.046,-0.10039046925668937,-0.8891418028901081,0.0435,0.043719999999999995,-0.00021999999999999797,0.6465794443110953,0
2025-01-06,243.6999969482422,245.69000244140625,240.5800018310547,240.85000610351562,232.5955352783203,9917800,0.0,16.040000915527344,4.35,4.17,4.62,-0.0048872789579558,0.18795978589845597,0.0,0.0,0.0435,0.0417,0.0462,-0.005579556721748813,-0.8886925487856344,0.043579999999999994,0.043664999999999995,-8.500000000000174e-05,0.6484179379207112,0
2025-01-07,242.13999938964844,245.25999450683594,240.89999389648438,243.1699981689453,234.83602905273438,8753400,0.0,17.81999969482422,4.35,4.19,4.67,0.009586476840274239,0.18862853768329768,0.0,0.0,0.0435,0.04190000000000001,0.0467,0.11097248614080613,-0.8584099969197092,0.04354,0.043629999999999995,-8.999999999999286e-05,0.6236432229226678,0
2025-01-08,242.75,244.25,240.5,243.1300048828125,234.79739379882812,8675300,0.0,17.700000762939453,4.35,4.19,4.67,-0.00016453366440068423,0.18646979883731085,0.0,0.0,0.0435,0.04190000000000001,0.0467,-0.006733946910202238,-0.8567981004829225,0.0435,0.043595,-9.50000000000048e-05,0.6207174848751154,0
2025-01-10,243.08999633789062,243.80999755859375,238.74000549316406,239.8699951171875,231.64913940429688,10256800,0.0,19.540000915527344,4.36,4.25,4.77,-0.013499091441175046,0.18560013395935562,0.0,0.0,0.0436,0.0425,0.04769999999999999,0.1039548063998117,-0.8575613441316481,0.0435,0.043570000000000005,-7.000000000000756e-05,0.5950142628657701,0
2025-01-13,239.6699981689453,244.5399932861328,239.0,244.2100067138672,235.8403778076172,10005300,0.0,19.190000534057617,4.37,4.24,4.79,0.017931314178611938,0.19573585690809345,0.0,0.0,0.0437,0.0424,0.0479,-0.017911994118260277,-0.8326889931698163,0.04356,0.043565,-4.9999999999980616e-06,0.6130089343611586,0
2025-01-14,242.66000366210938,247.72000122070312,242.19000244140625,247.47000122070312,238.98863220214844,12407400,0.0,18.709999084472656,4.36,4.22,4.78,0.013260775827059363,0.2005780071818075,0.0,0.0,0.0436,0.042199999999999994,0.0478,-0.025013102460996528,-0.8249008896620909,0.04358,0.04357,1.0000000000003062e-05,0.626116205011288,0
2025-01-15,250.39999389648438,253.6699981689453,243.67999267578125,252.35000610351562,243.70140075683594,18448500,0.0,16.1200008392334,4.35,4.19,4.66,0.019527721695843846,0.20738862882041914,0.0,0.0,0.0435,0.04190000000000001,0.0466,-0.13842856076827315,-0.8414788793854696,0.043579999999999994,0.043574999999999996,4.9999999999980616e-06,0.6796299092314091,0
2025-01-16,254.0,257.0400085449219,252.3300018310547,254.27000427246094,245.5555877685547,15292300,0.0,16.600000381469727,4.34,4.18,4.61,0.007579639871325762,0.20549924046100768,0.0,0.0,0.0434,0.0418,0.0461,0.029776644990494594,-0.854398847817644,0.04356,0.04356,0.0,0.681219320059321,0
2025-01-17,254.13999938964844,260.6199951171875,252.13999938964844,259.1600036621094,250.2780303955078,17678100,0.0,15.970000267028809,4.34,4.21,4.61,0.019049073135455095,0.21204416303503112,0.0,0.0,0.0434,0.0421,0.0461,-0.03795181325081021,-0.8406254788159194,0.04352,0.043539999999999995,-1.9999999999992246e-05,0.7024472560485167,0
2025-01-21,260.07000732421875,264.25,259.5,263.0299987792969,254.015380859375,13712100,0.0,15.0600004196167,4.36,4.21,4.57,0.014822398254466568,0.2125148067707269,0.0,0.0,0.0436,0.0421,0.045700000000000005,-0.05698183044435312,-0.8404420278813658,0.0435,0.04354,-4.000000000000531e-05,0.7273024930257149,0
2025-01-22,262.8999938964844,263.3800048828125,260.25,262.8399963378906,253.83193969726562,9021900,0.0,15.100000381469727,4.36,4.2,4.6,-0.0007224264563863982,0.16032129760019567,0.0,0.0,0.0436,0.042,0.046,0.0026560398896751103,-0.7126342466600881,0.0435,0.043545,-4.500000000000337e-05,0.7465962577524948,0
2025-01-23,264.69000244140625,266.8599853515625,263.80999755859375,265.95001220703125,256.8353271484375,10749700,0.0,15.020000457763672,4.36,4.18,4.65,0.011762735838504354,0.1605469947274136,0.0,0.0,0.0436,0.0418,0.04650000000000001,-0.005298008058610915,-0.7042100886120232,0.043519999999999996,0.043554999999999996,-3.500000000000031e-05,0.7480852836196383,0
2025-01-24,263.69000244140625,267.1000061035156,263.010009765625,264.8399963378906,255.76333618164062,7666300,0.0,14.850000381469727,4.35,4.17,4.63,-0.004182580276797588,0.15715935031347256,0.0,0.0,0.0435,0.0417,0.0463,-0.011318247078086707,-0.6614320365811637,0.04354,0.04355,-9.999999999996123e-06,0.7362838888920251,0
2025-01-27,264.1700134277344,265.9700012207031,262.260009765625,265.8500061035156,256.73870849609375,7522300,0.0,17.899999618530273,4.32,4.13,4.53,0.0038063203930112552,0.15708661316042066,0.0,0.0,0.0432,0.041299999999999996,0.0453,0.20538714873478559,-0.6038823609851593,0.0435,0.04351,-1.0000000000003062e-05,0.6930241314123436,0
2025-01-28,265.8500061035156,267.3299865722656,264.8299865722656,267.1400146484375,257.9845275878906,7375400,0.0,16.40999984741211,4.31,4.14,4.55,0.004840743285755413,0.15202684174632608,0.0,0.0,0.0431,0.0414,0.0455,-0.08324021245093771,-0.545753126095681,0.0434,0.04349,-8.99999999999998e-05,0.7074723085560426,0
2025-01-29,267.2099914550781,270.67999267578125,265.6099853515625,266.5799865722656,257.44366455078125,7684900,0.0,16.559999465942383,4.31,4.17,4.55,-0.002098694809010405,0.15389010091344907,0.0,0.0,0.0431,0.0417,0.0455,0.009140744663317601,-0.5383458492310317,0.0433,0.04349,-0.00019000000000000267,0.7020458326518529,0
2025-01-30,268.6300048828125,269.70001220703125,266.6199951171875,268.2300109863281,259.0371398925781,8753500,0.0,15.84000015258789,4.3,4.16,4.52,0.006170530963045433,0.14675402031222412,0.0,0.0,0.043,0.0416,0.0452,-0.04347822080763086,-0.5061076096885472,0.043179999999999996,0.043455,-0.0002750000000000044,0.7208418454607045,0
2025-01-31,269.2300109863281,270.82000732421875,266.9599914550781,267.29998779296875,258.1390075683594,7193800,0.0,16.43000030517578,4.31,4.17,4.58,-0.0034732198361993793,0.14270704345462112,0.0,0.0,0.0431,0.0417,0.0458,0.03724748402174094,-0.4723989511835629,0.043100000000000006,0.043425,-0.00032499999999999196,0.7149336991472398,0
2025-02-03,261.8299865722656,268.1700134277344,261.70001220703125,266.80999755859375,257.66583251953125,8381400,0.0,18.6200008392334,4.34,4.2,4.54,-0.0018347062485062921,0.14438841146042136,0.0,0.0,0.0434,0.042,0.0454,0.1332927871807601,-0.5014912167039106,0.04314,0.043414999999999995,-0.00027499999999999747,0.6816022401489297,0
2025-02-04,269.8399963378906,269.8399963378906,266.8299865722656,267.94000244140625,258.757080078125,5626000,0.0,17.209999084472656,4.33,4.18,4.52,0.004226184222934044,0.14367579874939646,0.0,0.0,0.0433,0.0418,0.0452,-0.07572511768043466,-0.4789707569906729,0.043179999999999996,0.04341,-0.00023000000000000104,0.703530988536355,0
2025-02-05,268.9100036621094,270.6400146484375,268.3299865722656,270.42999267578125,261.1617736816406,5704400,0.0,15.770000457763672,4.33,4.17,4.43,0.009250331021062918,0.14137252866112063,0.0,0.0,0.0433,0.0417,0.0443,-0.08367220821110855,-0.457578173638519,0.043219999999999995,0.0434,-0.00018000000000000654,0.7215185224141593,0
2025-02-06,272.45001220703125,276.9800109863281,271.19000244140625,276.8999938964844,267.4100341796875,7264400,0.0,15.5,4.34,4.19,4.45,0.023643151096866075,0.14980529196356682,0.0,0.0,0.0434,0.04190000000000001,0.044500000000000005,-0.01712114457363567,-0.45812495018682603,0.04329999999999999,0.043395,-9.500000000001174e-05,0.7423561424678788,0
2025-02-07,277.2699890136719,278.54998779296875,274.7099914550781,275.79998779296875,266.34771728515625,6857900,0.0,16.540000915527344,4.35,4.25,4.49,-0.003980525975612788,0.15376510638984706,0.0,0.0,0.0435,0.0425,0.0449,0.06709683325982874,-0.5286927258001756,0.04338,0.043395,-1.5000000000001124e-05,0.7194308166946966,0
2025-02-10,276.1499938964844,276.17999267578125,269.5899963378906,271.0400085449219,261.7508850097656,8627400,0.0,15.8100004196167,4.35,4.24,4.51,-0.017409432097253888,0.172885859517077,0.0,0.0,0.0435,0.0424,0.0451,-0.04413545680190001,-0.4120432836284851,0.043399999999999994,0.04339,9.999999999996123e-06,0.7195893614761681,0
2025-02-11,270.260009765625,276.2200012207031,269.6600036621094,274.989990234375,265.56549072265625,7196400,0.0,16.020000457763672,4.35,4.25,4.54,0.014468248781573226,0.16160035847867257,0.0,0.0,0.0435,0.0425,0.0454,0.013282734508116123,-0.316156254506583,0.04343999999999999,0.043379999999999995,5.9999999999997555e-05,0.733238086951497,0
2025-02-12,274.0799865722656,276.45001220703125,273.25,275.45001220703125,266.0097351074219,6683900,0.0,15.890000343322754,4.35,4.3,4.62,0.0016714266075680733,0.1568629855148161,0.0,0.0,0.0435,0.043,0.0462,-0.008114863341212808,-0.31644720840386403,0.04348,0.043375000000000004,0.00010499999999999399,0.7254157985522938,0
2025-02-13,275.5,276.9700012207031,273.80999755859375,276.32000732421875,266.8498840332031,8398700,0.0,15.100000381469727,4.34,4.27,4.52,0.0031533619429369684,0.15464266055514936,0.0,0.0,0.0434,0.042699999999999995,0.0452,-0.04971679954588537,-0.30268533857952,0.043480000000000005,0.043370000000000006,0.00010999999999999899,0.730679552788063,0
2025-02-14,277.3699951171875,279.2300109863281,276.45001220703125,276.5899963378906,267.1106262207031,5688600,0.0,14.770000457763672,4.34,4.23,4.47,0.000976634800581126,0.1461843459706123,0.0,0.0,0.0434,0.042300000000000004,0.0447,-0.021854299031079605,-0.19029707356984427,0.04346,0.043370000000000006,8.999999999999286e-05,0.7243491671182138,0
2025-02-18,276.760009765625,279.9700012207031,276.0199890136719,279.95001220703125,270.35552978515625,7919800,0.0,15.350000381469727,4.34,4.24,4.55,0.012074966786203999,0.14824381211047738,0.0,0.0,0.0434,0.0424,0.0455,0.03926878170143766,-0.1707601153667174,0.04344,0.043370000000000006,6.999999999999368e-05,0.7187433857722968,0
2025-02-19,278.3800048828125,280.25,277.2200012207031,279.25,269.6794738769531,7007200,0.0,15.270000457763672,4.34,4.22,4.53,-0.0025037497820997075,0.14033106080908916,0.0,0.0,0.0434,0.042199999999999994,0.0453,-0.005211721284556381,-0.13414336502922447,0.04342,0.043359999999999996,6.0000000000004494e-05,0.7070566092522127,0
2025-02-20,278.67999267578125,278.739990234375,265.739990234375,266.79998779296875,257.65618896484375,13846700,0.0,15.65999984741211,4.33,4.2,4.5,-0.045608024699874974,0.21530630464666178,0.0,0.0,0.0433,0.042,0.045,0.025540234312838583,-0.1086630643142806,0.04338,0.043345,3.500000000000031e-05,0.6655174846934346,0
2025-02-21,268.32000732421875,269.20001220703125,262.8399963378906,264.239990234375,255.1839141845703,12835600,0.0,18.209999084472656,4.32,4.15,4.42,-0.009641578016053068,0.21823407511668444,0.0,0.0,0.0432,0.0415,0.044199999999999996,0.1628352019097845,-0.16995523802982992,0.043340000000000004,0.043325,1.5000000000001124e-05,0.6237981159788393,0
2025-02-24,265.489990234375,267.0,258.6099853515625,261.3399963378906,252.38328552246094,10372800,0.0,18.979999542236328,4.31,4.15,4.4,-0.011035610994881772,0.21737228127409952,0.0,0.0,0.0431,0.0415,0.044000000000000004,0.04228448635234905,-0.1749429084728101,0.04328,0.043304999999999996,-2.4999999999997247e-05,0.5992331637877569,0
2025-02-25,262.2300109863281,263.0,253.35000610351562,257.3999938964844,248.5783233642578,9608400,0.0,19.43000030517578,4.3,4.12,4.3,-0.01519092585613749,0.22278736579921582,0.0,0.0,0.043,0.0412,0.043,0.023709208313628327,-0.18068439100949912,0.0432,0.043295,-9.499999999999786e-05,0.5862552084474486,0
2025-02-26,257.1600036621094,260.9100036621094,256.92999267578125,258.7900085449219,249.9207000732422,5943600,0.0,19.100000381469727,4.31,4.12,4.25,0.005385687395866345,0.22331511134445933,0.0,0.0,0.0431,0.0412,0.0425,-0.016984041097423352,-0.28344797590499454,0.04314,0.043295,-0.00015500000000000236,0.5919072358121933,0
2025-02-27,260.17999267578125,263.6400146484375,257.8599853515625,259.04998779296875,250.17178344726562,8204400,0.0,21.1299991607666,4.32,4.13,4.29,0.0010041478462280507,0.22238332560632199,0.0,0.0,0.0432,0.041299999999999996,0.0429,0.1062826564792283,-0.23845313078029923,0.043120000000000006,0.0433,-0.00017999999999999267,0.5606380625509724,0
2025-02-28,260.7300109863281,264.80999755859375,257.8900146484375,264.6499938964844,255.579833984375,10467100,0.0,19.6299991607666,4.32,4.08,4.24,0.021387006933144558,0.2360039489200544,0.0,0.0,0.0432,0.0408,0.0424,-0.07098911782188544,-0.3092590294527462,0.04312,0.04331,-0.00019000000000000267,0.5960355062288121,0
2025-03-03,264.0,266.32000732421875,257.82000732421875,260.6199951171875,251.68795776367188,9058300,0.0,22.780000686645508,4.35,4.06,4.16,-0.015344765228164407,0.24024901400144816,0.0,0.0,0.0435,0.0406,0.0416,0.16046875499488777,-0.3540763142896875,0.0432,0.04333,-0.00012999999999999817,0.5382512559723298,0
2025-03-04,255.27999877929688,257.2300109863281,245.9499969482422,250.25,241.67337036132812,13465600,0.0,23.510000228881836,4.34,4.04,4.22,-0.040602952159935736,0.2760985396322637,0.0,0.0,0.0434,0.0404,0.042199999999999994,0.032045633021612785,-0.326003986443916,0.04328,0.04333,-5.000000000000143e-05,0.5057268731671394,0
2025-03-05,251.25,253.0500030517578,247.8300018310547,251.52999877929688,242.90951538085938,7861400,0.0,21.93000030517578,4.35,4.06,4.28,0.00510190407976199,0.2775531132810308,0.0,0.0,0.0435,0.0406,0.042800000000000005,-0.06720544059225653,-0.36829134492514864,0.043359999999999996,0.043340000000000004,1.9999999999992246e-05,0.5324159519342213,0
2025-03-06,248.11000061035156,249.36000061035156,243.85000610351562,246.5399932861328,238.0905303955078,9983200,0.0,24.8700008392334,4.34,4.02,4.29,-0.020038028149309658,0.2824879745835594,0.0,0.0,0.0434,0.04019999999999999,0.0429,0.1340629499838053,-0.40148782238591735,0.0434,0.043345,5.4999999999999494e-05,0.47599395651101517,0
2025-03-07,245.22999572753906,246.72000122070312,239.4199981689453,242.27999877929688,233.97653198242188,20498700,0.0,23.3700008392334,4.34,4.05,4.32,-0.01743016150362715,0.2818814899104345,0.0,0.0,0.0434,0.0405,0.0432,-0.06031362884530711,-0.3125188508130453,0.04344,0.043345,9.499999999999786e-05,0.48153057026811386,0
2025-03-10,236.2100067138672,237.50999450683594,228.6999969482422,232.22000122070312,224.2613067626953,18887200,0.0,27.860000610351562,4.33,3.98,4.22,-0.04240889964053479,0.2893870874483495,0.0,0.0,0.0433,0.0398,0.042199999999999994,0.1921266414154501,-0.4299648359883147,0.0434,0.043335,6.500000000000256e-05,0.37810308447490765,0
2025-03-11,231.75,233.32000732421875,226.69000244140625,229.13999938964844,221.286865234375,18143000,0.0,26.920000076293945,4.34,4.03,4.28,-0.013352027478014101,0.2894130217931131,0.0,0.0,0.0434,0.0403,0.042800000000000005,-0.03374014764767641,-0.4217682617477578,0.0434,0.04333,7.000000000000062e-05,0.3859466758960506,0
2025-03-12,234.0,234.32000732421875,227.25999450683594,227.89999389648438,220.08937072753906,16054000,0.0,24.229999542236328,4.35,4.07,4.32,-0.005426198093514187,0.28790800990835347,0.0,0.0,0.0435,0.0407,0.0432,-0.09992572535044164,-0.4402813497862877,0.043399999999999994,0.04333,6.999999999999368e-05,0.43148892192960986,0
2025-03-13,229.3000030517578,229.5,224.22999572753906,225.19000244140625,217.4722442626953,16467900,0.0,24.65999984741211,4.34,4.03,4.27,-0.011962464642530505,0.27593288927355,0.0,0.0,0.0434,0.0403,0.042699999999999995,0.017746608060236646,-0.4504123883771483,0.0434,0.043324999999999995,7.500000000000562e-05,0.4096165637229684,0
2025-03-14,228.1199951171875,233.13999938964844,227.5800018310547,232.44000244140625,224.4737548828125,11962100,0.0,21.770000457763672,4.33,4.09,4.31,0.0316875657945454,0.30888700095270377,0.0,0.0,0.0433,0.0409,0.0431,-0.1171938121464231,-0.5314419497639122,0.043379999999999995,0.04332,5.9999999999997555e-05,0.46874838012321207,0
2025-03-17,231.17999267578125,235.6699981689453,230.4600067138672,233.92999267578125,225.91268920898438,9586000,0.0,20.510000228881836,4.34,4.11,4.31,0.006389798098770988,0.3105694958710181,0.0,0.0,0.0434,0.041100000000000005,0.0431,-0.0578778228014456,-0.5362875649995237,0.0434,0.04332,8.000000000000368e-05,0.48866583530238433,0
2025-03-18,234.32000732421875,236.1699981689453,233.52000427246094,234.97000122070312,226.91705322265625,10344900,0.0,21.700000762939453,4.34,4.13,4.29,0.004435952705935351,0.3120472406473177,0.0,0.0,0.0434,0.041299999999999996,0.0429,0.05802050320710772,-0.5104975827770144,0.0434,0.04332,8.000000000000368e-05,0.4737334437603189,0
2025-03-19,235.74000549316406,242.3300018310547,234.88999938964844,239.11000061035156,230.9151611328125,10120600,0.0,19.899999618530273,4.33,4.1,4.25,0.01746582883962353,0.3168872946823918,0.0,0.0,0.0433,0.040999999999999995,0.0425,-0.08294935857713559,-0.5681722482900678,0.043359999999999996,0.043315,4.499999999999643e-05,0.502643737730229,0
2025-03-20,236.55999755859375,241.75999450683594,236.1999969482422,239.00999450683594,230.818603515625,8328500,0.0,19.799999237060547,4.33,4.06,4.24,-0.00041823936643899253,0.3173843037151459,0.0,0.0,0.0433,0.0406,0.0424,-0.005025144893802347,-0.568481591902377,0.043340000000000004,0.043315,2.5000000000004186e-05,0.5053129757116566,0
2025-03-21,237.80999755859375,242.3000030517578,236.5,241.6300048828125,233.3488006591797,19326900,0.0,19.280000686645508,4.33,4.04,4.25,0.010902196844960995,0.29095863556964086,0.0,0.0,0.0433,0.0404,0.0425,-0.02626255406322109,-0.6257213410523171,0.04334,0.04332,1.9999999999999185e-05,0.546374849540753,0
2025-03-24,245.47999572753906,248.69000244140625,244.41000366210938,248.05999755859375,239.55844116210938,9422700,0.0,17.479999542236328,4.33,4.11,4.34,0.026263067569904097,0.3093095609914637,0.0,0.0,0.0433,0.041100000000000005,0.0434,-0.09336105188294774,-0.6762704152591165,0.04332,0.04333,-1.0000000000003062e-05,0.5934481098990783,0
2025-03-25,249.30999755859375,251.82000732421875,247.6199951171875,251.1300048828125,242.52320861816406,9287700,0.0,17.149999618530273,4.33,4.09,4.31,0.012300011152406354,0.3122288530852622,0.0,0.0,0.0433,0.0409,0.0431,-0.018878714665219953,-0.6706760868053822,0.0433,0.043345,-4.500000000000337e-05,0.6120502891355094,0
2025-03-26,252.60000610351562,254.6699981689453,249.77999877929688,251.02999877929688,242.42666625976562,12779300,0.0,18.329999923706055,4.33,4.1,4.35,-0.00039815397291576227,0.30847584359826513,0.0,0.0,0.0433,0.040999999999999995,0.0435,0.06880468404796991,-0.6582136685497583,0.0433,0.043355,-5.4999999999999494e-05,0.6040067901485211,0
2025-03-27,249.52999877929688,250.63999938964844,247.17999267578125,248.1199951171875,239.6163787841797,8022500,0.0,18.690000534057617,4.33,4.1,4.38,-0.011660034696584986,0.3095448579743162,0.0,0.0,0.0433,0.040999999999999995,0.0438,0.019639967913255507,-0.6574073709204256,0.0433,0.043359999999999996,-5.9999999999997555e-05,0.588720232049501,0
2025-03-28,246.94000244140625,249.50999450683594,241.11000061035156,242.85000610351562,234.52699279785156,11978400,0.0,21.649999618530273,4.33,4.04,4.27,-0.021468533628563668,0.3165030422676604,0.0,0.0,0.0433,0.0404,0.042699999999999995,0.15837340823392898,-0.7062172291111627,0.0433,0.043365,-6.500000000000256e-05,0.5330790733058254,0
2025-03-31,239.41000366210938,245.86000061035156,237.36000061035156,245.3000030517578,236.8930206298828,13603000,0.0,22.280000686645508,4.32,4.03,4.23,0.010037960338887283,0.30777219108243703,0.0,0.0,0.0432,0.0403,0.042300000000000004,0.029099357007656312,-0.6756270320500319,0.04328,0.04335,-7.000000000000062e-05,0.5173281722679761,0
2025-04-01,242.6199951171875,245.69000244140625,240.8800048828125,243.66000366210938,235.3092498779297,8054700,0.0,21.770000457763672,4.32,4.01,4.17,-0.006708043521695631,0.3050672444761618,0.0,0.0,0.0432,0.0401,0.0417,-0.02289049430718948,-0.6748770645178164,0.04326,0.04334,-7.999999999999674e-05,0.5297511534782954,0
2025-04-02,241.60000610351562,247.25,241.4600067138672,245.82000732421875,237.39520263671875,7758800,0.0,21.510000228881836,4.32,4.04,4.2,0.008825668079353116,0.27531877555494294,0.0,0.0,0.0432,0.0404,0.042,-0.011943051144452932,-0.712572839560215,0.04324,0.043324999999999995,-8.49999999999948e-05,0.5628853834545178,0
2025-04-03,234.27000427246094,235.13999938964844,227.3000030517578,228.69000244140625,220.852294921875,17188500,0.0,30.020000457763672,4.31,3.92,4.06,-0.07223214473508661,0.3687369066397882,0.0,0.0,0.0431,0.0392,0.0406,0.395629945993925,-0.8484192391151132,0.0432,0.04331,-0.00010999999999999899,0.3953425531348742,0
2025-04-04,215.30999755859375,217.6999969482422,208.92999267578125,210.27999877929688,204.32408142089844,27170700,0.0,44.16750383377075,4.28,3.86,4.01,-0.07778676158776815,0.4455892090121247,0.0,0.0,0.042800000000000005,0.038599999999999995,0.0401,0.47126925916979134,-0.8992796805267835,0.043100000000000006,0.04328,-0.00017999999999999267,0.158962149133997,0
2025-04-07,205.77000427246094,222.0500030517578,202.16000366210938,214.44000244140625,208.36624145507812,22914400,0.0,44.16750383377075,4.29,3.86,4.15,0.01958993986287566,0.45335336309141133,0.0,0.0,0.0429,0.038599999999999995,0.0415,0.0,-0.9158913888864098,0.04304,0.04326,-0.00021999999999999797,0.18099792375691534,0
2025-04-08,223.52000427246094,227.83999633789062,213.25,216.8699951171875,210.7274169921875,19485700,0.0,44.16750383377075,4.31,3.83,4.26,0.011268128127490751,0.4361261264947353,0.0,0.0,0.0431,0.0383,0.0426,0.0,-0.91029573987444,0.04302,0.043245,-0.00022499999999999604,0.21294853552359722,0
2025-04-09,212.5,237.47999572753906,211.0,234.33999633789062,227.70260620117188,24022400,0.0,33.619998931884766,4.35,4.03,4.34,0.07747498306535489,0.5151934388023522,0.0,0.0,0.0435,0.0403,0.0434,-0.2388069052211481,-0.9262184586597422,0.04307999999999999,0.043245,-0.00016500000000000542,0.41761554963150965,0
2025-04-10,230.0,230.35000610351562,220.10000610351562,227.11000061035156,220.67739868164062,18896400,0.0,40.720001220703125,4.34,3.97,4.4,-0.031338518176081194,0.5271751324603386,0.0,0.0,0.0434,0.0397,0.044000000000000004,0.21118389394369697,-0.9524170051623979,0.04314,0.043245,-0.00010500000000000093,0.30081364951242473,0
2025-04-11,226.30999755859375,238.5800018310547,225.0,236.1999969482422,229.50991821289062,20284500,0.0,37.560001373291016,4.34,4.04,4.48,0.039244344585466794,0.5420136608814148,0.0,0.0,0.0434,0.0404,0.044800000000000006,-0.07760313734483593,-0.9554460273575182,0.04326000000000001,0.04325,1.0000000000010001e-05,0.3764141811962677,0
2025-04-14,237.10000610351562,239.77999877929688,233.6300048828125,234.72000122070312,228.0718231201172,13017800,0.0,30.889999389648438,4.33,3.99,4.38,-0.006285652147919405,0.5321792314397664,0.0,0.0,0.0433,0.039900000000000005,0.0438,-0.17758258093104407,-0.8998843653199766,0.043340000000000004,0.043245,9.50000000000048e-05,0.4490491846557778,0
2025-04-15,236.10000610351562,238.64999389648438,232.82000732421875,233.1300048828125,226.52687072753906,10912900,0.0,30.1200008392334,4.33,3.99,4.35,-0.006797020587534679,0.5323811544542769,0.0,0.0,0.0433,0.039900000000000005,0.0435,-0.024927114458703215,-0.8951553781259728,0.043379999999999995,0.04324,0.0001399999999999943,0.45219436823187475,0
2025-04-16,232.0,233.5800018310547,227.92999267578125,229.61000061035156,223.10658264160156,9322300,0.0,32.63999938964844,4.33,3.96,4.29,-0.01521396610091485,0.5347247500137156,0.0,0.0,0.0433,0.039599999999999996,0.0429,0.08366528818726215,-0.8977686053195115,0.043340000000000004,0.04324,0.00010000000000000286,0.40451600505109064,0
2025-04-17,230.8000030517578,234.33999633789062,230.5500030517578,231.9600067138672,225.39002990722656,9557900,0.0,29.649999618530273,4.34,3.99,4.34,0.010182761395856837,0.532178079184342,0.0,0.0,0.0434,0.039900000000000005,0.0434,-0.09160538685752617,-0.8938284468616953,0.043340000000000004,0.043245,9.50000000000048e-05,0.4428737754765686,0
2025-04-21,230.6300048828125,231.80999755859375,226.33999633789062,228.99000549316406,222.504150390625,8716200,0.0,33.81999969482422,4.34,3.95,4.42,-0.012886612866846418,0.533711619782186,0.0,0.0,0.0434,0.0395,0.044199999999999996,0.14064081382610993,-0.8939366676351591,0.043340000000000004,0.04325,9.000000000000674e-05,0.3759104746192239,0
2025-04-22,231.97999572753906,235.99000549316406,231.3699951171875,235.58999633789062,228.91717529296875,10701400,0.0,30.56999969482422,4.33,3.98,4.41,0.02841450331557317,0.542319526878454,0.0,0.0,0.0433,0.0398,0.0441,-0.09609698490025054,-0.8966311515059051,0.04334,0.04325,8.99999999999998e-05,0.4327398283989541,0
2025-04-23,240.22000122070312,246.7899932861328,240.0,240.8800048828125,234.057373046875,14126800,0.0,28.450000762939453,4.33,4.01,4.4,0.02220601107712452,0.5399347724384355,0.0,0.0,0.0433,0.0401,0.044000000000000004,-0.06934900075395489,-0.8956078206548557,0.043340000000000004,0.04325,9.000000000000674e-05,0.4605954730567041,0
2025-04-24,239.74000549316406,245.47000122070312,237.5800018310547,244.63999938964844,237.7108612060547,9055200,0.0,26.469999313354492,4.32,3.97,4.32,0.015488796971897999,0.5410442409067586,0.0,0.0,0.0432,0.0397,0.0432,-0.0695958311594923,-0.8962862193303492,0.043320000000000004,0.043245,7.500000000000562e-05,0.4907651548379376,0
2025-04-25,244.64999389648438,245.6199951171875,241.75,243.5500030517578,236.6517333984375,8588600,0.0,24.84000015258789,4.32,3.95,4.29,-0.0044654851779208065,0.5411749954270317,0.0,0.0,0.0432,0.0395,0.0429,-0.06157911609556577,-0.8883222158220997,0.04328,0.04324,3.999999999999837e-05,0.5116181861565396,0
2025-04-28,244.55999755859375,246.83999633789062,240.83999633789062,243.22000122070312,236.33108520507812,7394300,0.0,25.149999618530273,4.32,3.92,4.23,-0.0013558557726385159,0.5398285828921284,0.0,0.0,0.0432,0.0392,0.042300000000000004,0.01247984959895776,-0.8910303786560556,0.04324,0.043235,4.9999999999980616e-06,0.5133252760275842,0
2025-04-29,242.19000244140625,245.25,241.69000244140625,244.6199951171875,237.69143676757812,7216800,0.0,24.170000076293945,4.31,3.89,4.19,0.0057396230515497195,0.5348170214577798,0.0,0.0,0.0431,0.038900000000000004,0.04190000000000001,-0.038966185172991996,-0.8883986001783172,0.0432,0.04323,-2.9999999999995308e-05,0.543513602262822,0
2025-04-30,241.2100067138672,245.22000122070312,238.42999267578125,244.6199951171875,237.69143676757812,12991700,0.0,24.700000762939453,4.31,3.85,4.17,0.0,0.5337233818413979,0.0,0.0,0.0431,0.0385,0.0417,0.021928038269446892,-0.8913441800738504,0.04316,0.043225,-6.500000000000256e-05,0.5299709724443226,0
2025-05-01,242.83999633789062,248.4499969482422,242.1699981689453,246.88999938964844,239.8971405029297,8689600,0.0,24.600000381469727,4.31,3.92,4.25,0.009236901898091452,0.5339960554504891,0.0,0.0,0.0431,0.0392,0.0425,-0.004048598315015806,-0.8960001225684159,0.04314,0.04322,-8.000000000000368e-05,0.5408898741186826,0
2025-05-02,251.25999450683594,253.6199951171875,249.4600067138672,252.50999450683594,245.35794067382812,7165000,0.0,22.68000030517578,4.33,4.0,4.33,0.022507876453506645,0.5386317847334565,0.0,0.0,0.0433,0.04,0.0433,-0.07804878237889012,-0.897567252470676,0.04316,0.043230000000000005,-7.000000000000756e-05,0.5764489067729454,0
2025-05-05,251.17999267578125,255.16000366210938,250.58999633789062,252.55999755859375,245.40652465820312,5450700,0.0,23.639999389648438,4.33,4.02,4.36,0.00019799308208205154,0.46729991524180514,0.0,0.0,0.0433,0.04019999999999999,0.0436,0.042328001391321646,-0.8624972494498788,0.043179999999999996,0.043255,-7.500000000000562e-05,0.6058546671606873,0
2025-05-06,250.0,252.64999389648438,249.0,249.25,242.19029235839844,6369900,0.0,24.760000228881836,4.33,3.98,4.3,-0.013192370553496553,0.36557790115045785,0.0,0.0,0.0433,0.0398,0.043,0.04737736328892761,-0.7571295960527323,0.04322,0.043275,-5.4999999999999494e-05,0.6283116958436629,0
2025-05-07,249.85000610351562,252.4499969482422,248.8300018310547,249.38999938964844,242.32632446289062,8724100,0.0,23.549999237060547,4.34,4.0,4.26,0.0005615167915557008,0.3639789143124489,0.0,0.0,0.0434,0.04,0.0426,-0.048869183385945925,-0.7624755402675473,0.04328,0.04329,-1.0000000000003062e-05,0.6342623408758226,0
2025-05-08,251.57000732421875,255.8800048828125,251.5500030517578,253.47000122070312,246.29075622558594,8320100,0.0,22.479999542236328,4.34,4.05,4.37,0.01622750786175231,0.36508283611951964,0.0,0.0,0.0434,0.0405,0.0437,-0.04543523267467309,-0.7667381794310929,0.043340000000000004,0.043285000000000004,5.4999999999999494e-05,0.6524924212376224,0
2025-05-09,254.5,255.50999450683594,252.33999633789062,253.0800018310547,245.9118194580078,5087600,0.0,21.899999618530273,4.34,4.05,4.37,-0.0015397596890629928,0.26215647823032157,0.0,0.0,0.0434,0.0405,0.0437,-0.025800708875297285,-0.6789743213194007,0.043359999999999996,0.043285000000000004,7.499999999999174e-05,0.6137414074409562,0
2025-05-12,262.8999938964844,263.6000061035156,258.70001220703125,260.04998779296875,252.6844024658203,9603900,0.0,18.389999389648438,4.42,4.11,4.45,0.027168274783152285,0.24123982574477515,0.0,0.0,0.044199999999999996,0.041100000000000005,0.044500000000000005,-0.16027398584573105,-0.6061044040858757,0.04354,0.043325,0.0002149999999999999,0.6986846734881781,0
2025-05-13,261.0299987792969,263.6700134277344,260.3900146484375,263.010009765625,255.56057739257812,8589000,0.0,18.219999313354492,4.41,4.11,4.49,0.01131818608806026,0.2108935186895407,0.0,0.0,0.0441,0.041100000000000005,0.0449,-0.009244158887228515,-0.6160630737078976,0.0437,0.043365,0.00033500000000000196,0.6844893185744177,0
2025-05-14,263.0,266.6400146484375,262.2900085449219,265.6400146484375,258.1160888671875,8643100,0.0,18.6200008392334,4.41,4.14,4.53,0.009949965516394155,0.20729898877836,0.0,0.0,0.0441,0.0414,0.0453,0.021953981391520827,-0.7813397601304656,0.043840000000000004,0.043405,0.00043500000000000483,0.6884419257718953,0
2025-05-15,266.9700012207031,269.5199890136719,264.760009765625,267.489990234375,259.9136657714844,9214600,0.0,17.829999923706055,4.38,4.1,4.45,0.006940080577136163,0.2021001418768443,0.0,0.0,0.0438,0.040999999999999995,0.044500000000000005,-0.0424275445714678,-0.8027105210844409,0.04392,0.04343,0.0004899999999999974,0.7078988573442926,0
2025-05-16,267.5,268.4599914550781,264.7099914550781,267.55999755859375,259.9817199707031,8932900,0.0,17.239999771118164,4.37,4.13,4.43,0.0002617995907399993,0.1877017179397812,0.0,0.0,0.0437,0.041299999999999996,0.0443,-0.03309030595134499,-0.7614728198330761,0.043980000000000005,0.043445,0.0005350000000000077,0.7255349828099686,0
2025-05-19,265.54998779296875,268.32000732421875,261.92999267578125,264.8800048828125,257.3775939941406,12145000,0.0,18.139999389648438,4.39,4.12,4.46,-0.010067076785461527,0.1966553447393769,0.0,0.0,0.043899999999999995,0.0412,0.0446,0.05220415490016572,-0.7877949208479915,0.04392,0.043469999999999995,0.00045000000000000595,0.7006307975643787,0
2025-05-20,262.5199890136719,266.6600036621094,262.29998779296875,265.67999267578125,258.1549377441406,8436300,0.0,18.09000015258789,4.38,4.12,4.48,0.0030156946119488603,0.18442141350221636,0.0,0.0,0.0438,0.0412,0.044800000000000006,-0.0027562976153725494,-0.7652457295008941,0.043859999999999996,0.043495,0.00036499999999999727,0.7108103745278445,0
2025-05-21,264.3500061035156,265.6499938964844,260.7300109863281,261.0400085449219,253.64634704589844,7464000,0.0,20.8700008392334,4.36,4.13,4.58,-0.01761897621004383,0.1862461840605059,0.0,0.0,0.0436,0.041299999999999996,0.0458,0.1536761007847649,-0.7942362732758058,0.04376,0.04351,0.0002500000000000002,0.6437150514702654,0
2025-05-22,259.44000244140625,262.29998779296875,258.8699951171875,260.6700134277344,253.286865234375,6514100,0.0,20.280000686645508,4.37,4.13,4.54,-0.001418261274156916,0.17627548862431708,0.0,0.0,0.0437,0.041299999999999996,0.0454,-0.02827025054444432,-0.7785692072554165,0.043739999999999994,0.043535000000000004,0.0002049999999999899,0.6380773447675271,0
2025-05-23,256.80999755859375,261.989990234375,256.0,260.7099914550781,253.32571411132812,6671800,0.0,22.290000915527344,4.36,4.15,4.51,0.00015336720252568335,0.17135477908773483,0.0,0.0,0.0436,0.0415,0.0451,0.09911243396581493,-0.7353916791683442,0.043719999999999995,0.043554999999999996,0.00016499999999999848,0.6002491780217796,0
2025-05-27,262.0400085449219,265.29998779296875,261.989990234375,265.2900085449219,257.7759704589844,7506600,0.0,18.959999084472656,4.35,4.14,4.43,0.017414807865423942,0.17599652629042745,0.0,0.0,0.0435,0.0414,0.0443,-0.14939442325168273,-0.8037834513495757,0.04364,0.04357,7.000000000000062e-05,0.6608208357836705,0
2025-05-28,266.239990234375,266.7200012207031,262.8999938964844,263.489990234375,256.0269470214844,5535400,0.0,19.309999465942383,4.35,4.16,4.47,-0.006808175406465387,0.17910114375665764,0.0,0.0,0.0435,0.0416,0.0447,0.018459936622906348,-0.8002137270624335,0.043579999999999994,0.043590000000000004,-1.0000000000010001e-05,0.6525779014782731,0
2025-05-29,264.79998779296875,265.4100036621094,262.5299987792969,264.3699951171875,256.88201904296875,5081200,0.0,19.18000030517578,4.36,4.13,4.43,0.0033342088760682834,0.17896870545203875,0.0,0.0,0.0436,0.041299999999999996,0.0443,-0.0067322198012426115,-0.8006293894007726,0.043579999999999994,0.043615,-3.500000000000725e-05,0.653002309816463,0
2025-05-30,263.45001220703125,265.3299865722656,262.7300109863281,264.0,256.52252197265625,10977700,0.0,18.56999969482422,4.36,4.11,4.41,-0.0014004439008522558,0.17939848101590333,0.0,0.0,0.0436,0.041100000000000005,0.0441,-0.03180399377715093,-0.7866377130779658,0.04356,0.04364,-7.999999999999674e-05,0.6608786504231018,0
2025-06-02,263.0199890136719,265.0299987792969,261.8999938964844,264.6600036621094,257.163818359375,6011200,0.0,18.360000610351562,4.44,4.12,4.46,0.0024968416309039104,0.178260294078664,0.0,0.0,0.0444,0.0412,0.0446,-0.01130851308151537,-0.794405149021344,0.04372,0.043695,2.5000000000004186e-05,0.6598651970184986,0
2025-06-03,263.7300109863281,266.5799865722656,262.8800048828125,266.2699890136719,258.72821044921875,6998400,0.0,17.690000534057617,4.43,4.12,4.46,0.006064822860652032,0.16451795178834278,0.0,0.0,0.0443,0.0412,0.0446,-0.03649237766997637,-0.7921558477115119,0.043879999999999995,0.043745,0.00013499999999999623,0.6596443100313794,0
2025-06-04,265.9200134277344,267.1199951171875,264.17999267578125,264.2200012207031,256.7362976074219,5915700,0.0,17.610000610351562,4.44,4.06,4.37,-0.007728651442496983,0.1681823198842389,0.0,0.0,0.0444,0.0406,0.0437,-0.004522324550077617,-0.7823365185576003,0.04406,0.0438,0.0002600000000000033,0.6560683539833047,0
2025-06-05,264.739990234375,264.739990234375,260.30999755859375,261.95001220703125,254.5305633544922,8173800,0.0,18.479999542236328,4.44,4.08,4.4,-0.008628558220559815,0.16361793304762529,0.0,0.0,0.0444,0.0408,0.044000000000000004,0.04940368550432428,-0.7858656132999156,0.04422,0.04385,0.00037000000000000227,0.6463625657961918,0
2025-06-06,264.3299865722656,266.6499938964844,264.260009765625,265.7300109863281,258.2035217285156,7738100,0.0,16.770000457763672,4.43,4.14,4.51,0.014327197310449378,0.16857818520749315,0.0,0.0,0.0443,0.0414,0.0451,-0.0925324202830431,-0.810077742421154,0.04436,0.043895,0.0004649999999999932,0.6789727697860511,0
2025-06-09,266.0,267.8999938964844,263.3500061035156,266.739990234375,259.1849060058594,8285000,0.0,17.15999984741211,4.44,4.13,4.49,0.003793611923661334,0.16166663697307151,0.0,0.0,0.0444,0.041299999999999996,0.0449,0.0232557769232431,-0.8104343274988358,0.044360000000000004,0.043945,0.00041500000000000564,0.6660030065464699,0
2025-06-10,265.8800048828125,268.8999938964844,265.8500061035156,268.6000061035156,260.9922180175781,7538100,0.0,16.950000762939453,4.45,4.12,4.47,0.0069488610731551406,0.16171458859718763,0.0,0.0,0.044500000000000005,0.0412,0.0447,-0.012237708994171426,-0.8163994752655133,0.04440000000000001,0.04396,0.00044000000000000983,0.6740542442307986,0
2025-06-11,268.67999267578125,269.6199951171875,265.7900085449219,268.1499938964844,260.55499267578125,7434100,0.0,17.260000228881836,4.45,4.08,4.41,-0.0016766476179252015,0.1358222949255897,0.0,0.0,0.044500000000000005,0.0408,0.0441,0.01828905321468688,-0.7540621234420073,0.04442,0.043980000000000005,0.00043999999999999595,0.6524582975988527,0
2025-06-12,266.8599853515625,268.2900085449219,265.1400146484375,268.239990234375,260.6424255371094,6618000,0.0,18.020000457763672,4.46,4.06,4.36,0.00033550765638123406,0.13102254473148964,0.0,0.0,0.0446,0.0406,0.0436,0.04403245763636199,-0.7671272300777848,0.04446,0.044005,0.0004549999999999971,0.6350692703579901,0
2025-06-13,265.0799865722656,267.0199890136719,262.7099914550781,264.95001220703125,257.4456481933594,7098300,0.0,20.81999969482422,4.45,4.09,4.41,-0.01234082804495061,0.1344134404582729,0.0,0.0,0.044500000000000005,0.0409,0.0441,0.15538286159444614,-0.833103928767408,0.0445,0.044039999999999996,0.0004600000000000021,0.5818209477101918,0
2025-06-16,267.0,271.7300109863281,266.8500061035156,270.3599853515625,262.7023620605469,8566000,0.0,19.110000610351562,4.43,4.1,4.46,0.020213065279228542,0.15014584871798597,0.0,0.0,0.0443,0.040999999999999995,0.0446,-0.08213252207192667,-0.8309805324569004,0.044480000000000006,0.04407,0.0004100000000000076,0.6141378803805266,0
2025-06-17,268.1700134277344,270.5899963378906,267.79998779296875,269.5199890136719,261.88616943359375,6739300,0.0,21.600000381469727,4.42,4.1,4.39,-0.0031117465844153875,0.15066948213457712,0.0,0.0,0.044199999999999996,0.040999999999999995,0.043899999999999995,0.130298257016767,-0.812568315107701,0.04442,0.044085,0.00033500000000000196,0.5765761739986696,0
2025-06-18,270.0,277.7200012207031,269.7200012207031,273.9599914550781,266.20037841796875,9586400,0.0,20.139999389648438,4.42,4.1,4.38,0.01633938597320437,0.15536591279442702,0.0,0.0,0.044199999999999996,0.040999999999999995,0.0438,-0.06759263731651588,-0.8221952206053234,0.04436,0.044105,0.0002549999999999983,0.6131410371475486,0
2025-06-20,275.57000732421875,277.29998779296875,273.80999755859375,275.0,267.2109680175781,13969700,0.0,20.6200008392334,4.39,4.07,4.38,0.003789161274918624,0.15547746507269686,0.0,0.0,0.043899999999999995,0.0407,0.0438,0.023833240522920462,-0.8180969285103269,0.044219999999999995,0.044120000000000006,9.999999999998899e-05,0.6067476982943374,0
2025-06-23,275.05999755859375,278.54998779296875,272.1099853515625,278.2699890136719,270.3883056640625,8094600,0.0,19.829999923706055,4.38,4.0,4.34,0.011820606159758773,0.14242312918930536,0.0,0.0,0.0438,0.04,0.0434,-0.03831236097838653,-0.7781866588917198,0.044079999999999994,0.044125,-4.500000000000337e-05,0.6355513448697893,0
2025-06-24,280.2099914550781,282.7099914550781,279.510009765625,281.260009765625,273.2936706542969,9267900,0.0,17.479999542236328,4.38,3.99,4.3,0.01068783874898629,0.14381170400865717,0.0,0.0,0.0438,0.039900000000000005,0.043,-0.11850733184624906,-0.7978324184663,0.04398,0.044134999999999994,-0.00015499999999999542,0.6763120084836016,0
2025-06-25,281.5,284.2799987792969,280.9100036621094,284.05999755859375,276.01434326171875,6826900,0.0,16.760000228881836,4.38,3.99,4.29,0.009905899007634692,0.1448141096027276,0.0,0.0,0.0438,0.039900000000000005,0.0429,-0.041189893147009715,-0.8151205205638193,0.043899999999999995,0.04415,-0.00025000000000000716,0.6923976496023103,0
2025-06-26,284.70001220703125,289.4100036621094,284.4700012207031,288.75,280.5715026855469,8942100,0.0,16.59000015258789,4.39,3.96,4.26,0.01637577130684926,0.14364904197863787,0.0,0.0,0.043899999999999995,0.039599999999999996,0.0426,-0.010143202504316884,-0.7556938815109014,0.043840000000000004,0.04417,-0.00032999999999999696,0.6942065339378547,0
2025-06-27,285.80999755859375,288.70001220703125,285.0400085449219,287.1099853515625,278.9779357910156,17868600,0.0,16.31999969482422,4.39,3.97,4.29,-0.0056959085054507815,0.14263928120847338,0.0,0.0,0.043899999999999995,0.0397,0.0429,-0.01627489181918751,-0.7320213389554496,0.043840000000000004,0.044185,-0.0003449999999999981,0.6987238187809746,0
2025-06-30,290.3999938964844,292.6499938964844,288.9200134277344,289.9100036621094,281.6986389160156,12689200,0.0,16.729999542236328,4.41,3.96,4.24,0.009705147683816943,0.14391662944013014,0.0,0.0,0.0441,0.039599999999999996,0.0424,0.02512254013963844,-0.7079732345686364,0.043899999999999995,0.044210000000000006,-0.00031000000000001166,0.6966618315631288,0
2025-07-01,290.8900146484375,291.1300048828125,286.5899963378906,290.4100036621094,282.1844482421875,9338300,0.0,16.829999923706055,4.4,3.98,4.26,0.001723085715581535,0.14273463010162785,0.0,0.0,0.044000000000000004,0.0398,0.0426,0.005977309277102272,-0.7329682547923243,0.04393999999999999,0.04418999999999999,-0.0002500000000000002,0.697093212648424,0
2025-07-02,292.0400085449219,292.82000732421875,289.70001220703125,292.0,283.7294616699219,8158700,0.0,16.639999389648438,4.41,3.99,4.3,0.005460255488713742,0.14256914665749312,0.0,0.0,0.0441,0.039900000000000005,0.043,-0.011289396014196651,-0.7359907160594102,0.044,0.04418,-0.0001799999999999996,0.7015700859397473,0
2025-07-03,292.1499938964844,296.3999938964844,291.2099914550781,296.0,289.0018005371094,6541600,0.0,16.3799991607666,4.42,4.07,4.35,0.018411733929322768,0.1502856609061233,0.0,0.0,0.044199999999999996,0.0407,0.0435,-0.015625014328040088,-0.7138575519056255,0.04406,0.04417,-0.00010999999999999899,0.7126318699810781,0
2025-07-07,295.25,296.0400085449219,290.0799865722656,291.9700012207031,285.06707763671875,8825700,0.0,17.790000915527344,4.42,4.08,4.4,-0.013708405620598434,0.15803013792704784,0.0,0.0,0.044199999999999996,0.0408,0.044000000000000004,0.08608069761920256,-0.7752297746025794,0.04412,0.04416,-3.999999999999837e-05,0.6889396796895749,0
2025-07-08,289.2699890136719,289.70001220703125,280.30999755859375,282.7799987792969,276.0943298339844,15440900,0.0,16.809999465942383,4.42,4.11,4.42,-0.031981930618364726,0.19882015013727405,0.0,0.0,0.044199999999999996,0.041100000000000005,0.044199999999999996,-0.055087206247954934,-0.4590777804537616,0.04414,0.04415499999999999,-1.4999999999994185e-05,0.6890318848983636,0
2025-07-09,287.17999267578125,287.20001220703125,282.4800109863281,283.1600036621094,276.4653625488281,11273800,0.0,15.9399995803833,4.42,4.07,4.34,0.0013429599578939464,0.19527344426356485,0.0,0.0,0.044199999999999996,0.0407,0.0434,-0.05175490262933857,-0.41543972275237934,0.04418,0.044145,3.500000000000031e-05,0.6937255289528117,0
2025-07-10,283.0,288.30999755859375,283.0,288.19000244140625,281.3764343261719,8410900,0.0,15.779999732971191,4.42,4.07,4.35,0.017607854730542587,0.20151801418934837,0.0,0.0,0.044199999999999996,0.0407,0.0435,-0.010037631845926431,-0.4114878023279322,0.044199999999999996,0.044129999999999996,7.000000000000062e-05,0.7042328620090665,0
2025-07-11,285.5199890136719,287.3800048828125,283.6499938964844,286.8599853515625,280.0778503417969,7384700,0.0,16.399999618530273,4.41,4.09,4.43,-0.00462579531557725,0.20330120942452945,0.0,0.0,0.0441,0.0409,0.0443,0.03929023422374556,-0.42164064740527973,0.04418,0.044109999999999996,7.000000000000062e-05,0.6884904720408178,0
2025-07-14,287.07000732421875,289.29998779296875,285.260009765625,288.70001220703125,281.8743591308594,9079900,0.0,17.200000762939453,4.42,4.08,4.43,0.006393835201821832,0.20270292361209055,0.0,0.0,0.044199999999999996,0.0408,0.0443,0.048780558720578515,-0.405209475271987,0.04418,0.044090000000000004,8.999999999999286e-05,0.6818714562242276,0
2025-07-15,288.0,291.95001220703125,285.4800109863281,286.54998779296875,279.7751770019531,12526100,0.0,17.3799991607666,4.42,4.12,4.5,-0.007475095298845237,0.20613501800017522,0.0,0.0,0.044199999999999996,0.0412,0.045,0.010465022665288926,-0.4003260008106707,0.04418,0.044074999999999996,0.00010500000000000093,0.6746521675583382,0
2025-07-16,288.3999938964844,290.7300109863281,283.010009765625,285.82000732421875,279.0624694824219,9979800,0.0,17.15999984741211,4.41,4.08,4.46,-0.0025506796487999675,0.19941157979150392,0.0,0.0,0.0441,0.0408,0.0446,-0.012658188951534366,-0.3061088089608868,0.04416,0.044065,9.499999999999786e-05,0.6836209130692114,0
2025-07-17,283.44000244140625,290.29998779296875,283.44000244140625,289.8999938964844,283.0460205078125,8509500,0.0,16.520000457763672,4.41,4.1,4.47,0.014173839344656205,0.19419258246310322,0.0,0.0,0.0441,0.040999999999999995,0.0447,-0.03729600205940298,-0.25705259298657257,0.04414,0.04406,7.999999999999674e-05,0.6891644136501254,0
2025-07-18,289.5199890136719,292.5,288.2300109863281,291.2699890136719,284.38360595703125,12217000,0.0,16.40999984741211,4.4,4.08,4.44,0.004714550895386635,0.19269553062688613,0.0,0.0,0.044000000000000004,0.0408,0.0444,-0.006658632403358511,-0.22766264519022153,0.04412,0.04405,7.000000000000062e-05,0.6953935757856029,0
2025-07-21,291.0,294.17999267578125,290.5799865722656,290.9700012207031,284.0907287597656,7898100,0.0,16.649999618530273,4.41,4.06,4.38,-0.0010303973470475074,0.18793042892474845,0.0,0.0,0.0441,0.0406,0.0438,0.014625214707483014,-0.18028426627340532,0.0441,0.044059999999999995,4.000000000000531e-05,0.6816275648262621,0
2025-07-22,291.5,293.6300048828125,289.17999267578125,291.42999267578125,284.5398254394531,6717500,0.0,16.5,4.41,4.05,4.35,0.001579573133197252,0.18798380844859336,0.0,0.0,0.0441,0.0405,0.0435,-0.00900898630432001,-0.18533056288739463,0.04408,0.044074999999999996,5.0000000000050004e-06,0.6824541142734308,0
2025-07-23,292.8399963378906,296.989990234375,292.54998779296875,296.760009765625,289.74383544921875,7083500,0.0,15.369999885559082,4.41,4.08,4.4,0.01812397884150176,0.1929172399719188,0.0,0.0,0.0441,0.0408,0.044000000000000004,-0.06848485542066174,-0.23335362520198125,0.04408,0.044090000000000004,-1.0000000000003062e-05,0.7023409108011308,0
2025-07-24,297.4200134277344,299.5899963378906,296.20001220703125,296.54998779296875,289.5387878417969,7001200,0.0,15.390000343322754,4.42,4.1,4.43,-0.0007079363603923034,0.19144612870829386,0.0,0.0,0.044199999999999996,0.040999999999999995,0.0443,0.0013012659669868754,-0.19144562033554988,0.0441,0.044109999999999996,-9.999999999996123e-06,0.6952721333376173,0
2025-07-25,296.70001220703125,298.8999938964844,295.9599914550781,298.6199951171875,291.5598449707031,5918500,0.0,14.930000305175781,4.42,4.09,4.4,0.006956014569782426,0.19032620995291732,0.0,0.0,0.044199999999999996,0.0409,0.044000000000000004,-0.02988954047337322,-0.17712300508548537,0.04414,0.044125000000000004,1.4999999999994185e-05,0.7000843938093114,0
2025-07-28,297.6600036621094,299.42999267578125,296.82000732421875,298.2799987792969,291.2279052734375,5840400,0.0,15.029999732971191,4.4,4.09,4.42,-0.0011391445102327898,0.18392684763958084,0.0,0.0,0.044000000000000004,0.0409,0.044199999999999996,0.0066978851809362805,-0.17777665286615035,0.04412,0.044129999999999996,-9.999999999996123e-06,0.6882309995631937,0
2025-07-29,300.0,301.2900085449219,296.20001220703125,297.0400085449219,290.0172119140625,7635700,0.0,15.979999542236328,4.4,4.07,4.34,-0.004165867633066212,0.18321876782558083,0.0,0.0,0.044000000000000004,0.0407,0.0434,0.0632069079270261,-0.22153660514518034,0.0441,0.044125,-2.4999999999997247e-05,0.6755770966730406,0
2025-07-30,297.4200134277344,300.6099853515625,297.3800048828125,299.6300048828125,292.54595947265625,8061700,0.0,15.479999542236328,4.41,4.12,4.38,0.008681508083999475,0.1826992327712082,0.0,0.0,0.0441,0.0412,0.0438,-0.03128911228554565,-0.2680531128401764,0.0441,0.04413,-3.0000000000002247e-05,0.6821070738232713,0
2025-07-31,299.1400146484375,300.9800109863281,295.5,296.239990234375,289.2361145019531,14749700,0.0,16.719999313354492,4.41,4.1,4.37,-0.01137842098866718,0.18831873173758187,0.0,0.0,0.0441,0.040999999999999995,0.0437,0.0801033467562382,-0.33889203152398106,0.04408,0.044129999999999996,-4.999999999999449e-05,0.6566031308351168,0
2025-08-01,290.3999938964844,291.79998779296875,284.239990234375,289.3699951171875,282.528564453125,12007100,0.0,20.3799991607666,4.35,3.87,4.23,-0.02346370115911045,0.20586377279141369,0.0,0.0,0.0435,0.0387,0.042300000000000004,0.21889952139464608,-0.5101408461736177,0.04394,0.044094999999999995,-0.00015499999999999542,0.5871269154417307,0
2025-08-04,290.260009765625,294.32000732421875,290.260009765625,294.260009765625,287.3029479980469,6649500,0.0,17.520000457763672,4.35,3.82,4.22,0.016757568393650592,0.20405101343604343,0.0,0.0,0.0435,0.0382,0.042199999999999994,-0.14033360258957683,-0.5703401198924581,0.043840000000000004,0.04406,-0.00021999999999999797,0.6269789929927863,0
2025-08-05,294.69000244140625,295.7900085449219,287.239990234375,291.3699951171875,284.4812316894531,7182300,0.0,17.850000381469727,4.34,3.92,4.22,-0.009869945043769052,0.20128282265383582,0.0,0.0,0.0434,0.0392,0.042199999999999994,0.0188356115915409,-0.5425622690153143,0.043719999999999995,0.044020000000000004,-0.0003000000000000086,0.6245518629969014,0
2025-08-06,292.29998779296875,293.2900085449219,290.1600036621094,291.3500061035156,284.4617004394531,6330200,0.0,16.770000457763672,4.32,3.9,4.22,-6.865802844085245e-05,0.16460470985240774,0.0,0.0,0.0432,0.039,0.042199999999999994,-0.06050419611347535,-0.7874663356444358,0.04354,0.04397,-0.0004299999999999998,0.6589687161981799,0
2025-08-07,292.94000244140625,293.4599914550781,286.4100036621094,286.94000244140625,280.1559753417969,8057100,0.0,16.56999969482422,4.32,3.92,4.23,-0.015252121040801165,0.17444886542116278,0.0,0.0,0.0432,0.0392,0.042300000000000004,-0.01192610360644697,-0.736587024712981,0.043359999999999996,0.04392,-0.0005600000000000049,0.6519464172622158,0
2025-08-08,288.9800109863281,291.2300109863281,284.7099914550781,288.760009765625,281.9329833984375,6634100,0.0,15.149999618530273,4.32,3.93,4.27,0.006322892308238673,0.16472052158903383,0.0,0.0,0.0432,0.0393,0.042699999999999995,-0.08569704903117736,-0.7716726307144369,0.043300000000000005,0.043875,-0.0005749999999999922,0.6655047522922746,0
2025-08-11,289.3999938964844,291.32000732421875,288.7799987792969,289.55999755859375,282.71405029296875,5510100,0.0,16.25,4.34,3.93,4.27,0.002766568656560631,0.16404072005488884,0.0,0.0,0.0434,0.0393,0.042699999999999995,0.07260728773380909,-0.7371016876753398,0.04328,0.043835,-0.0005549999999999999,0.654198533336673,0
2025-08-12,291.5,294.75,290.3399963378906,292.8500061035156,285.92626953125,8570900,0.0,14.729999542236328,4.33,3.9,4.29,0.01129801491347995,0.16713174697210162,0.0,0.0,0.0433,0.039,0.0429,-0.09353848970853362,-0.7853204580401106,0.04326,0.04379,-0.0005300000000000027,0.6788211252281007,0
2025-08-13,293.95001220703125,294.54998779296875,287.1600036621094,290.5299987792969,283.6611328125,8420400,0.0,14.489999771118164,4.29,3.86,4.24,-0.007953647326320522,0.16743390089786436,0.0,0.0,0.0429,0.038599999999999995,0.0424,-0.01629326399026665,-0.7702129526401453,0.0432,0.043730000000000005,-0.0005300000000000027,0.6819631270518893,0
2025-08-14,290.5799865722656,294.20001220703125,289.6400146484375,294.1600036621094,287.20526123046875,6322400,0.0,14.829999923706055,4.3,3.91,4.29,0.012416824637955473,0.1717923260285391,0.0,0.0,0.043,0.0391,0.0429,0.023464469148273492,-0.7295902199935942,0.04316,0.043675,-0.0005150000000000016,0.6860176388388997,0
2025-08-15,294.8399963378906,295.5,289.82000732421875,290.489990234375,283.6220397949219,7340500,0.0,15.09000015258789,4.3,3.93,4.33,-0.012554650046949334,0.17164250246620882,0.0,0.0,0.043,0.0393,0.0433,0.017532045193487944,-0.7210912135785196,0.04312,0.043625,-0.0005049999999999985,0.6663953915101077,0
2025-08-18,290.0,291.8999938964844,288.4100036621094,291.5299987792969,284.637451171875,5386900,0.0,14.989999771118164,4.33,3.93,4.34,0.0035737633028996387,0.17130094947678717,0.0,0.0,0.0433,0.0393,0.0434,-0.006626930447881874,-0.7221742818163054,0.04309999999999999,0.043585,-0.00048500000000000626,0.6671442140104951,0
2025-08-19,290.8299865722656,292.4800109863281,289.5299987792969,290.6600036621094,283.78802490234375,6031500,0.0,15.569999694824219,4.3,3.91,4.3,-0.0029887010261312073,0.17158957063107058,0.0,0.0,0.043,0.0391,0.043,0.038692457142231795,-0.7229969282260226,0.043039999999999995,0.04353,-0.0004900000000000043,0.657696985882458,0
2025-08-20,290.80999755859375,293.3299865722656,287.2699890136719,292.239990234375,285.3306579589844,7374200,0.0,15.6899995803833,4.3,3.9,4.29,0.005421142834014138,0.17256274740431113,0.0,0.0,0.043,0.039,0.0429,0.007707121895382807,-0.7155377904186749,0.04306,0.043475,-0.0004149999999999987,0.6582702074033489,0
2025-08-21,291.94000244140625,292.7699890136719,289.4700012207031,291.4700012207031,284.57891845703125,6624000,0.0,16.600000381469727,4.32,3.95,4.33,-0.0026381024957097096,0.15980385929956964,0.0,0.0,0.0432,0.0395,0.0433,0.05799877791100583,-0.6999391984697753,0.0431,0.043425,-0.0003249999999999989,0.6329183129034153,0
2025-08-22,293.20001220703125,297.1600036621094,290.1300048828125,296.239990234375,289.2361145019531,8552800,0.0,14.220000267028809,4.27,3.87,4.26,0.0162327511204333,0.17042458964328577,0.0,0.0,0.042699999999999995,0.0387,0.0426,-0.1433734975751969,-0.7406996912020944,0.043039999999999995,0.04335,-0.0003100000000000047,0.6769850605201605,0
2025-08-25,296.239990234375,297.3500061035156,294.1400146484375,294.8999938964844,287.92779541015625,5856300,0.0,14.789999961853027,4.29,3.88,4.28,-0.004533621420984983,0.1691160096554314,0.0,0.0,0.0429,0.0388,0.042800000000000005,0.040084365971908564,-0.741337938140391,0.04296,0.043295,-0.00033500000000000196,0.6620072092986581,0
2025-08-26,294.1600036621094,298.739990234375,293.5,298.57000732421875,291.5110168457031,6714700,0.0,14.619999885559082,4.28,3.85,4.26,0.012368060393718704,0.174942848318343,0.0,0.0,0.042800000000000005,0.0385,0.0426,-0.011494258061691465,-0.7256469766331665,0.04292,0.043235,-0.0003150000000000028,0.6724745706952298,0
2025-08-27,297.25,301.07000732421875,297.0400085449219,299.2799987792969,292.2042541503906,6056500,0.0,14.850000381469727,4.26,3.83,4.24,0.002375259531700689,0.17442512084165807,0.0,0.0,0.0426,0.0383,0.0424,0.015731908188168164,-0.7207876339472437,0.04284,0.04316,-0.0003199999999999939,0.6730840199281148,0
2025-08-28,300.0199890136719,301.239990234375,298.70001220703125,301.07000732421875,293.9519348144531,6410500,0.0,14.430000305175781,4.26,3.85,4.22,0.00596320870068962,0.17303931853842472,0.0,0.0,0.0426,0.0385,0.042199999999999994,-0.028282832693932725,-0.7212846977645274,0.04272,0.043085,-0.00036499999999999727,0.6774629862763779,0
2025-08-29,302.0400085449219,302.95001220703125,299.7300109863281,301.4200134277344,294.2936706542969,6796400,0.0,15.359999656677246,4.23,3.83,4.23,0.001161881619211828,0.16781480279218927,0.0,0.0,0.042300000000000004,0.0383,0.042300000000000004,0.06444901814505788,-0.6908051768518624,0.04264,0.043025,-0.0003850000000000034,0.6716483886033788,0
2025-09-02,300.260009765625,300.4599914550781,294.5,299.70001220703125,292.61431884765625,7221900,0.0,17.170000076293945,4.2,3.82,4.28,-0.005722724583234695,0.14518847621242767,0.0,0.0,0.042,0.0382,0.042800000000000005,0.11783857161935951,-0.5623529905036592,0.042460000000000005,0.04295,-0.0004899999999999974,0.656364270818811,0
2025-09-03,300.57000732421875,300.57000732421875,296.3800048828125,299.510009765625,292.4288330078125,6316900,0.0,16.350000381469727,4.18,3.77,4.22,-0.0006340928715100594,0.13452518716322406,0.0,0.0,0.0418,0.0377,0.042199999999999994,-0.047757698962177964,-0.4592097435539555,0.04226,0.04287,-0.0006099999999999994,0.6577205168916078,0
2025-09-04,300.0,304.42999267578125,298.2799987792969,303.82000732421875,296.6369323730469,6605800,0.0,15.300000190734863,4.16,3.76,4.17,0.014287609966878294,0.13630443731412328,0.0,0.0,0.0416,0.037599999999999995,0.0417,-0.06422019365362708,-0.4932546696696381,0.04206,0.042789999999999995,-0.0007299999999999945,0.6870925181604334,0
2025-09-05,303.6499938964844,305.1499938964844,294.30999755859375,294.3800048828125,287.4200744628906,9837700,0.0,15.180000305175781,4.07,3.65,4.1,-0.03156412135938083,0.17921593115566875,0.0,0.0,0.0407,0.0365,0.040999999999999995,-0.007843129677328364,-0.3795490311859216,0.04168000000000001,0.042665,-0.0009849999999999928,0.6700586456692312,0
2025-09-08,294.8900146484375,296.4599914550781,291.44000244140625,292.9100036621094,285.9848327636719,8188500,0.0,15.109999656677246,4.1,3.64,4.05,-0.00500604260077883,0.1712098430009286,0.0,0.0,0.040999999999999995,0.0364,0.0405,-0.0046113733261696765,-0.40781361189072124,0.04142,0.042554999999999996,-0.0011349999999999971,0.6771570112441809,0
2025-09-09,292.6000061035156,299.0,292.30999755859375,297.8500061035156,290.8080139160156,7848200,0.0,15.039999961853027,4.1,3.68,4.08,0.016724526331525463,0.17891749562402937,0.0,0.0,0.040999999999999995,0.0368,0.0408,-0.004632673488730754,-0.38219816077095475,0.04122,0.042435,-0.0012150000000000008,0.6843479558111083,0
2025-09-10,296.70001220703125,301.5400085449219,295.3999938964844,300.5400085449219,293.4344787597656,7787300,0.0,15.350000381469727,4.09,3.66,4.04,0.00899106987295708,0.18077293528775293,0.0,0.0,0.0409,0.0366,0.0404,0.02061173007998507,-0.38715788234146953,0.04104,0.042315000000000005,-0.0012750000000000053,0.6836266524772171,0
2025-09-11,301.239990234375,305.7300109863281,300.7900085449219,305.55999755859375,298.3357849121094,7942500,0.0,14.710000038146973,4.08,3.63,4.01,0.016565273832251187,0.1851382637137321,0.0,0.0,0.0408,0.0363,0.0401,-0.04169383240506963,-0.37933016369883105,0.04088,0.04221,-0.0013299999999999979,0.6959002171831821,0
2025-09-12,305.0,307.54998779296875,303.70001220703125,306.9100036621094,299.6538391113281,6846700,0.0,14.760000228881836,4.08,3.66,4.06,0.0044082916517267185,0.18166456383389018,0.0,0.0,0.0408,0.0366,0.0406,0.003399061224010902,-0.4027680358179792,0.040900000000000006,0.0421,-0.0011999999999999927,0.7025445828269192,0
2025-09-15,307.1700134277344,309.95001220703125,307.1700134277344,308.8999938964844,301.5968017578125,7122000,0.0,15.6899995803833,4.06,3.64,4.05,0.0064630930190929,0.17876321767028017,0.0,0.0,0.0406,0.0364,0.0405,0.0630080851680257,-0.3951190637181091,0.04082,0.04198,-0.0011600000000000013,0.6857216314475263,0
2025-09-16,310.0,310.8999938964844,307.1300048828125,309.19000244140625,301.8799133300781,10525600,0.0,16.360000610351562,4.04,3.62,4.04,0.0009382684897597869,0.1705299896429486,0.0,0.0,0.0404,0.0362,0.0404,0.04270242497685861,-0.39876562588145675,0.0407,0.041835,-0.0011349999999999971,0.684186472046022,0
2025-09-17,310.3900146484375,312.9100036621094,308.7699890136719,311.75,304.3794250488281,8657800,0.0,15.720000267028809,4.02,3.6,4.06,0.008245731563226496,0.17150333492107414,0.0,0.0,0.04019999999999999,0.036000000000000004,0.0406,-0.03911982392701152,-0.40904786054590386,0.04056,0.041694999999999996,-0.0011349999999999971,0.6961056970743414,0
2025-09-18,311.7900085449219,313.44000244140625,309.6099853515625,313.2300109863281,305.8244323730469,8050700,0.0,15.699999809265137,4.03,3.61,4.11,0.004736155000470308,0.17007660617458034,0.0,0.0,0.0403,0.0361,0.041100000000000005,-0.0012722937292578562,-0.39790181109327294,0.040459999999999996,0.04156,-0.0011000000000000038,0.7009894036552498,0
2025-09-19,313.6000061035156,315.79998779296875,309.1199951171875,314.7799987792969,307.3377685546875,23568600,0.0,15.449999809265137,4.03,3.6,4.14,0.004936179210531078,0.17001806612186493,0.0,0.0,0.0403,0.036000000000000004,0.0414,-0.01592356707243181,-0.40023547736457593,0.04035999999999999,0.041415,-0.0010550000000000073,0.7042703780496662,0
2025-09-22,309.79998779296875,313.70001220703125,309.55999755859375,312.44000244140625,305.0530700683594,7520200,0.0,16.100000381469727,4.0,3.61,4.15,-0.00746160439502094,0.17302040280610864,0.0,0.0,0.04,0.0361,0.0415,0.04207123496628107,-0.40729969545691985,0.04024,0.04128,-0.0010399999999999993,0.6921181654298905,0
2025-09-23,311.82000732421875,316.30999755859375,310.5799865722656,312.739990234375,305.3459777832031,8584400,0.0,16.639999389648438,4.0,3.61,4.12,0.0009597254070337296,0.16661600536292512,0.0,0.0,0.04,0.0361,0.0412,0.0335403102723042,-0.31884392245388504,0.04016,0.041135,-0.0009749999999999967,0.6753166635068131,0
2025-09-24,314.04998779296875,316.5799865722656,311.6700134277344,313.4200134277344,306.00994873046875,7310500,0.0,16.18000030517578,4.02,3.63,4.16,0.00217212651265401,0.1646153869377183,0.0,0.0,0.04019999999999999,0.0363,0.0416,-0.02764417676354103,-0.2936576730433075,0.04016,0.041005,-0.0008449999999999985,0.685876310582525,0
2025-09-25,314.1199951171875,315.6499938964844,311.79998779296875,313.45001220703125,306.0392150878906,7083200,0.0,16.739999771118164,4.04,3.68,4.18,9.563400842384856e-05,0.16117552518394837,0.0,0.0,0.0404,0.0368,0.0418,0.03461059674784095,-0.286650925948052,0.04018,0.040895,-0.0007150000000000004,0.670575301694436,0
2025-09-26,314.8999938964844,317.80999755859375,313.70001220703125,316.05999755859375,308.5874938964844,7258100,0.0,15.289999961853027,4.02,3.67,4.2,0.008292166197690113,0.16250079138188092,0.0,0.0,0.04019999999999999,0.036699999999999997,0.042,-0.08661886673181729,-0.3118498132912859,0.040159999999999994,0.040775,-0.0006150000000000044,0.6948011978885054,0
2025-09-29,317.05999755859375,318.010009765625,313.6600036621094,315.69000244140625,308.22625732421875,6462400,0.0,16.1200008392334,4.04,3.65,4.15,-0.001171298833238788,0.1625184412811242,0.0,0.0,0.0404,0.0365,0.0415,0.05428390316881204,-0.31355845328771126,0.04024,0.04068,-0.0004400000000000029,0.6787032392023198,0
2025-09-30,316.25,317.4100036621094,310.1099853515625,315.42999267578125,307.972412109375,11823300,0.0,16.280000686645508,4.02,3.68,4.16,-0.0008239070994319265,0.16283247678559112,0.0,0.0,0.04019999999999999,0.0368,0.0416,0.00992554833016479,-0.3199290283610123,0.040279999999999996,0.04059,-0.0003100000000000047,0.6752366526271585,0
2025-10-01,313.9700012207031,314.5899963378906,307.4100036621094,310.7099914550781,303.364013671875,9235200,0.0,16.290000915527344,4.01,3.62,4.12,-0.015076758187094936,0.17153229581225252,0.0,0.0,0.0401,0.0362,0.0412,0.0006142646474234237,-0.25833082458848183,0.04026,0.040505,-0.00024500000000000216,0.669525986485181,0
2025-10-02,310.0,310.55999755859375,306.1400146484375,307.54998779296875,300.2787170410156,7600000,0.0,16.6299991607666,4.02,3.62,4.1,-0.010222349547861102,0.17633736712373108,0.0,0.0,0.04019999999999999,0.0362,0.040999999999999995,0.020871591536571144,-0.29937044236609633,0.04021999999999999,0.040435,-0.00021500000000000685,0.6589640011236061,0
2025-10-03,308.510009765625,311.6600036621094,308.2099914550781,310.0299987792969,302.7000732421875,6029900,0.0,16.649999618530273,4.03,3.64,4.13,0.008031357837169507,0.17178730368185632,0.0,0.0,0.0403,0.0364,0.041299999999999996,0.001202673407877164,-0.22009009709118163,0.04024,0.04041499999999999,-0.0001749999999999946,0.6549544635289437,0
2025-10-06,310.17999267578125,311.75,305.1300048828125,309.17999267578125,303.3377990722656,7214500,0.0,16.3700008392334,4.02,3.66,4.18,0.002104574960073605,0.12456224430195342,0.0,0.0,0.04019999999999999,0.0366,0.0418,-0.016816743886603813,-0.3759442108295419,0.04019999999999999,0.040375,-0.00017500000000000848,0.6789933371694554,0
2025-10-07,309.3500061035156,310.010009765625,304.70001220703125,307.69000244140625,301.8759460449219,8454200,0.0,17.239999771118164,4.01,3.65,4.14,-0.00483087465252757,0.12442946897025645,0.0,0.0,0.0401,0.0365,0.0414,0.05314593080531016,-0.4349700282881205,0.040179999999999993,0.04033,-0.0001500000000000043,0.666675260658125,0
2025-10-08,308.2099914550781,308.7799987792969,303.54998779296875,304.0299987792969,298.2851257324219,6489900,0.0,16.299999237060547,4.01,3.66,4.13,-0.011966331472153884,0.12300615829816593,0.0,0.0,0.0401,0.0366,0.041299999999999996,-0.0545243936506532,-0.25274557234267125,0.040179999999999993,0.04029,-0.00011000000000000593,0.6630192352332691,0
2025-10-09,305.04998779296875,308.0400085449219,303.3900146484375,305.5299987792969,299.75677490234375,7060300,0.0,16.43000030517578,4.03,3.66,4.14,0.004921568668893026,0.12054530504762559,0.0,0.0,0.0403,0.0366,0.0414,0.007975526024544655,-0.27812198947624706,0.0402,0.040265,-6.500000000000256e-05,0.6587406833635141,0
2025-10-10,305.6600036621094,310.4700012207031,300.80999755859375,300.8900146484375,295.2044677734375,8597400,0.0,21.65999984741211,4.02,3.6,4.05,-0.015303168149231834,0.11929053377254135,0.0,0.0,0.04019999999999999,0.036000000000000004,0.0405,0.3183201123002275,-0.4724649541683871,0.04018,0.04023499999999999,-5.4999999999992555e-05,0.5650944430776127,0
2025-10-13,305.6000061035156,309.4599914550781,305.45001220703125,307.9700012207031,302.1506652832031,10788700,0.0,19.030000686645508,4.02,3.6,4.05,0.023257557290377196,0.1443134718865123,0.0,0.0,0.04019999999999999,0.036000000000000004,0.0405,-0.12142193810222157,-0.5718181881605049,0.04018,0.040214999999999994,-3.499999999999337e-05,0.6138668787224446,0
2025-10-14,305.8399963378906,307.0,294.2099914550781,302.0799865722656,296.3719787597656,16178800,0.0,20.809999465942383,4.02,3.58,4.03,-0.01931043428043751,0.15765969503523303,0.0,0.0,0.04019999999999999,0.0358,0.0403,0.09353645376092956,-0.6228502896432718,0.0402,0.040205,-4.9999999999980616e-06,0.5731096511434257,0
2025-10-15,306.3900146484375,312.1199951171875,305.44000244140625,305.69000244140625,299.9137268066406,11354800,0.0,20.639999389648438,4.03,3.61,4.05,0.01187950563112382,0.1636497870021433,0.0,0.0,0.0403,0.0361,0.0405,-0.008169153323245748,-0.6195619719223969,0.04024,0.040209999999999996,3.0000000000002247e-05,0.5820496507765526,0
2025-10-16,305.3500061035156,308.67999267578125,297.07000732421875,298.5400085449219,292.89886474609375,10549400,0.0,25.309999465942383,4.02,3.54,3.99,-0.023667478070089173,0.17922366616621654,0.0,0.0,0.04019999999999999,0.0354,0.039900000000000005,0.22625970030968534,-0.6917107257796941,0.04022,0.040205,1.5000000000001124e-05,0.4963727562614022,0
2025-10-17,299.1600036621094,299.54998779296875,294.20001220703125,297.55999755859375,291.9373779296875,10153500,0.0,20.780000686645508,4.0,3.56,4.02,-0.0032880577929044964,0.17766785062462262,0.0,0.0,0.04,0.0356,0.04019999999999999,-0.1789805956097521,-0.6144255188736484,0.040179999999999993,0.04018999999999999,-9.999999999996123e-06,0.5562783568012688,0
2025-10-20,298.5,303.69000244140625,298.1600036621094,302.3599853515625,296.6466369628906,6894900,0.0,18.229999542236328,3.97,3.55,4.0,0.01600233579962799,0.1871604636659318,0.0,0.0,0.0397,0.0355,0.04,-0.12271419923715232,-0.6484277577208561,0.04008,0.040175,-9.50000000000048e-05,0.5992757319342653,0
2025-10-21,301.6600036621094,304.04998779296875,297.0,297.0899963378906,291.47625732421875,7372700,0.0,17.8700008392334,3.96,3.56,3.98,-0.017583103452717627,0.19424601801307143,0.0,0.0,0.039599999999999996,0.0356,0.0398,-0.01974759802757342,-0.6000581647344815,0.03996,0.040154999999999996,-0.0001949999999999938,0.5983912978287428,0
2025-10-22,297.7699890136719,298.05999755859375,290.5400085449219,294.1099853515625,288.5525207519531,8054100,0.0,18.600000381469727,3.96,3.55,3.97,-0.010081435424064977,0.1957655818983287,0.0,0.0,0.039599999999999996,0.0355,0.0397,0.04085056004214738,-0.6063450733220385,0.03982,0.040124999999999994,-0.0003049999999999928,0.5813958266263128,0
2025-10-23,294.3800048828125,296.3699951171875,292.510009765625,294.5400085449219,288.97442626953125,5438800,0.0,17.299999237060547,3.95,3.59,4.01,0.0014610767335068381,0.19555828158139346,0.0,0.0,0.0395,0.0359,0.0401,-0.06989253321222011,-0.6063512225983096,0.03967999999999999,0.04008,-0.0004000000000000045,0.5995347437838585,0
2025-10-24,296.0799865722656,302.6000061035156,295.45001220703125,300.44000244140625,294.762939453125,7228300,0.0,16.3700008392334,3.93,3.58,4.02,0.01983324442998614,0.21052828435378876,0.0,0.0,0.0393,0.0358,0.04019999999999999,-0.05375713519309755,-0.6072131038412704,0.03954,0.040035,-0.0004950000000000024,0.6245623713096549,0
2025-10-27,302.1600036621094,304.5299987792969,301.010009765625,304.1499938964844,298.40283203125,5642200,0.0,15.789999961853027,3.89,3.59,4.01,0.012272920795852817,0.21336231593063085,0.0,0.0,0.038900000000000004,0.0359,0.0401,-0.03543071763260408,-0.5957907678703168,0.03938,0.039959999999999996,-0.0005799999999999972,0.6352134528875855,0
2025-10-28,304.8599853515625,307.9700012207031,303.1600036621094,305.3599853515625,299.5899353027344,6336000,0.0,16.420000076293945,3.89,3.59,3.99,0.003970298290268683,0.21423355451793985,0.0,0.0,0.038900000000000004,0.0359,0.039900000000000005,0.03989867738840602,-0.5891719122022897,0.03924,0.039895,-0.0006550000000000028,0.6292784248226567,0
2025-10-29,303.510009765625,308.25,303.010009765625,305.510009765625,299.7371520996094,7520300,0.0,16.920000076293945,3.93,3.7,4.08,0.0004912736398214936,0.21432292916977624,0.0,0.0,0.0393,0.037000000000000005,0.0408,0.03045066977325206,-0.5868609640090457,0.039180000000000006,0.039855,-0.000674999999999995,0.6229219840649474,0
2025-10-30,305.7900085449219,312.6099853515625,305.1000061035156,309.44000244140625,303.5928955078125,7514600,0.0,16.90999984741211,3.92,3.7,4.11,0.012781713481007487,0.21346934829564293,0.0,0.0,0.0392,0.037000000000000005,0.041100000000000005,-0.0005910300730935791,-0.5959245912900029,0.03912,0.039805,-0.0006849999999999981,0.6396471966737358,0
2025-10-31,308.5400085449219,312.8699951171875,307.25,311.1199951171875,305.24114990234375,7721300,0.0,17.440000534057617,3.89,3.7,4.11,0.005414475204581638,0.2108578621737177,0.0,0.0,0.038900000000000004,0.037000000000000005,0.041100000000000005,0.03134244183488977,-0.5938360619643238,0.03904,0.039735,-0.0006950000000000012,0.641387177028647,0
2025-11-03,311.0,312.32000732421875,306.2099914550781,309.3500061035156,303.50457763671875,7770000,0.0,17.170000076293945,3.98,3.7,4.13,-0.005705426412990706,0.21027465388032468,0.0,0.0,0.0398,0.037000000000000005,0.041299999999999996,-0.01548167714997506,-0.5885248760002998,0.03922,0.039715,-0.0004950000000000024,0.6370657409484486,0
2025-11-04,306.7099914550781,312.2200012207031,305.1000061035156,309.25,303.4064636230469,7085200,0.0,19.0,3.96,3.67,4.1,-0.00032332255588215033,0.21015502636761046,0.0,0.0,0.039599999999999996,0.036699999999999997,0.040999999999999995,0.10658124144289749,-0.5781020124011815,0.039360000000000006,0.039689999999999996,-0.00032999999999999,0.609490776589825,0
2025-11-05,309.6099853515625,313.1000061035156,305.6300048828125,311.67999267578125,305.7905578613281,6865200,0.0,18.010000228881836,3.96,3.71,4.17,0.007827045522269926,0.21105312615456,0.0,0.0,0.039599999999999996,0.0371,0.0417,-0.05210525111148234,-0.5815909191899418,0.03942,0.03966499999999999,-0.0002449999999999952,0.6311610367591975,0
2025-11-06,310.989990234375,314.8399963378906,310.260009765625,313.4200134277344,307.4976806640625,7206100,0.0,19.5,3.93,3.65,4.11,0.005567128487240363,0.20657724911503395,0.0,0.0,0.0393,0.0365,0.041100000000000005,0.08273180189796547,-0.6111162507766487,0.039439999999999996,0.039615,-0.00017500000000000154,0.620322549757674,0
2025-11-07,311.8900146484375,314.42999267578125,307.6400146484375,314.2099914550781,308.2727355957031,7302300,0.0,19.079999923706055,3.92,3.63,4.11,0.002517351663776736,0.2062355460080643,0.0,0.0,0.0392,0.0363,0.041100000000000005,-0.0215384654509716,-0.611364075302509,0.0395,0.039565,-6.500000000000256e-05,0.6248884699024808,0
2025-11-10,315.0,319.55999755859375,314.2099914550781,316.8900146484375,310.902099609375,5794100,0.0,17.600000381469727,3.95,3.66,4.13,0.008493174042929088,0.19837220345367182,0.0,0.0,0.0395,0.0366,0.041299999999999996,-0.07756811049026757,-0.5794066868962937,0.03944,0.039529999999999996,-8.999999999999286e-05,0.6601852406164408,0
2025-11-11,317.5,319.04998779296875,315.2799987792969,315.6199951171875,309.6560974121094,5030200,0.0,17.280000686645508,3.95,3.66,4.13,-0.004015751875302787,0.18435980306614366,0.0,0.0,0.0395,0.0366,0.041299999999999996,-0.018181800448205276,-0.5212667105303831,0.03942,0.039495,-7.500000000000562e-05,0.6485202669792824,0
2025-11-12,316.260009765625,322.25,316.2099914550781,320.4100036621094,314.3555603027344,10578300,0.0,17.510000228881836,3.95,3.65,4.08,0.01506238443328321,0.17443553237469722,0.0,0.0,0.0395,0.0365,0.0408,0.013310158165333874,-0.44525818212073626,0.0394,0.039455000000000004,-5.500000000000643e-05,0.6656962128941291,0
2025-11-13,319.2300109863281,320.6300048828125,309.1000061035156,309.4800109863281,303.63214111328125,8973300,0.0,20.0,3.96,3.68,4.11,-0.0347077963643859,0.21405384618518827,0.0,0.0,0.039599999999999996,0.0368,0.041100000000000005,0.1422044396670561,-0.5518659737313197,0.03946,0.039425,3.500000000000031e-05,0.6024120328096801,0
2025-11-14,307.510009765625,307.6400146484375,301.2300109863281,303.6099853515625,297.8730163574219,10327000,0.0,19.829999923706055,3.95,3.7,4.14,-0.01914963047785477,0.2080928657382294,0.0,0.0,0.0395,0.037000000000000005,0.0414,-0.008500003814697288,-0.39692063699725394,0.03952,0.0394,0.00012000000000000205,0.6075285862826109,0
2025-11-17,304.0,305.5899963378906,297.6700134277344,300.3699951171875,294.6942138671875,8344000,0.0,22.3799991607666,3.97,3.69,4.13,-0.010729020510068167,0.21150407348246125,0.0,0.0,0.0397,0.0369,0.041299999999999996,0.12859300286794828,-0.538562185372786,0.03956,0.039400000000000004,0.00015999999999999348,0.566689091879029,0
2025-11-18,299.5,302.95001220703125,297.0199890136719,299.4100036621094,293.75238037109375,8077300,0.0,24.690000534057617,3.94,3.67,4.12,-0.003201086758116722,0.20403889359551955,0.0,0.0,0.0394,0.036699999999999997,0.0412,0.10321722340993555,-0.4779346032172729,0.039540000000000006,0.03939,0.0001500000000000043,0.5222749602715044,0
2025-11-19,299.739990234375,304.45001220703125,299.2699890136719,303.2699890136719,297.5394287109375,5546600,0.0,23.65999984741211,3.95,3.68,4.13,0.01280958086954734,0.19901560864088366,0.0,0.0,0.0395,0.0368,0.041299999999999996,-0.041717321359500015,-0.5666857810497635,0.03954,0.039385,0.00015499999999999542,0.5550727836588032,0
2025-11-20,306.3399963378906,309.9200134277344,298.1600036621094,298.3800048828125,292.74188232421875,7501600,0.0,26.420000076293945,3.94,3.65,4.1,-0.016255476630352924,0.20441551148771228,0.0,0.0,0.0394,0.0365,0.040999999999999995,0.11665258861714323,-0.6050197192674925,0.0395,0.03938,0.00012000000000000205,0.5119888947373274,0
2025-11-21,301.2900085449219,301.67999267578125,292.80999755859375,298.0199890136719,292.388671875,11766800,0.0,23.43000030517578,3.9,3.62,4.06,-0.0012072878081158965,0.20449706884276078,0.0,0.0,0.039,0.0362,0.0406,-0.11317183052550484,-0.5601403380977235,0.039400000000000004,0.039365,3.500000000000725e-05,0.5530935121283673,0
2025-11-24,298.239990234375,299.82000732421875,294.510009765625,298.0,292.3690185546875,10940200,0.0,20.520000457763672,3.91,3.61,4.04,-6.721868097350983e-05,0.19210851490459438,0.0,0.0,0.0391,0.0361,0.0404,-0.12419973578785137,-0.48470558994952107,0.039279999999999995,0.039375,-9.50000000000048e-05,0.5827986432496749,0
2025-11-25,300.04998779296875,304.5,295.55999755859375,303.0,297.27459716796875,8877200,0.0,18.559999465942383,3.9,3.6,4.01,0.016639514674025403,0.19628475912222101,0.0,0.0,0.039,0.036000000000000004,0.0401,-0.09551661540434953,-0.5185401236204716,0.0392,0.03938,-0.0001799999999999996,0.6133838232626683,0
2025-11-26,305.0,308.5299987792969,303.20001220703125,307.6400146484375,301.8268737792969,7910900,0.0,17.190000534057617,3.92,3.61,4.0,0.015197306123210531,0.20301371584410421,0.0,0.0,0.0392,0.0361,0.04,-0.07381459974709137,-0.5554181255817252,0.03914,0.039375,-0.0002349999999999991,0.6396281956034024,0
2025-11-28,309.1000061035156,313.7200012207031,308.239990234375,313.0799865722656,307.1640625,4322400,0.0,16.350000381469727,3.88,3.61,4.02,0.01752842301703514,0.21155750535604037,0.0,0.0,0.0388,0.0361,0.04019999999999999,-0.04886562690464402,-0.5685066764807191,0.03902,0.039354999999999994,-0.000334999999999995,0.6617633593379246,0
2025-12-01,312.95001220703125,314.0400085449219,308.5400085449219,308.9200134277344,303.0827331542969,7727300,0.0,17.239999771118164,3.81,3.62,4.09,-0.01337619542811984,0.21286207534335072,0.0,0.0,0.0381,0.0362,0.0409,0.05443421216412436,-0.5897446299161828,0.03884,0.039315,-0.0004750000000000032,0.6334852543226044,0
2025-12-02,308.739990234375,310.4800109863281,307.0899963378906,307.8800048828125,302.0623474121094,7249000,0.0,16.59000015258789,3.77,3.59,4.09,-0.0033723705009478496,0.21217943880378334,0.0,0.0,0.0377,0.0359,0.0409,-0.03770299461483784,-0.5917536805134805,0.03856,0.03921,-0.0006500000000000047,0.6375360559414383,0
2025-12-03,307.20001220703125,312.3599853515625,306.79998779296875,312.1300048828125,306.2320861816406,8535300,0.0,16.079999923706055,3.72,3.57,4.06,0.013709821595522287,0.2167855568291852,0.0,0.0,0.037200000000000004,0.035699999999999996,0.0406,-0.03074142400187263,-0.6004034104557647,0.0382,0.03909,-0.0008900000000000019,0.6563748266172599,0
2025-12-04,313.260009765625,318.489990234375,313.0,316.1000061035156,310.1270446777344,9627800,0.0,15.779999732971191,3.71,3.6,4.11,0.012638769019034672,0.2208334130249375,0.0,0.0,0.0371,0.036000000000000004,0.041100000000000005,-0.01865672836805088,-0.6187274622707001,0.03778,0.038965,-0.0011849999999999986,0.6683739319015386,0
2025-12-05,315.6400146484375,318.4800109863281,314.67999267578125,315.0400085449219,309.08709716796875,6518900,0.0,15.40999984741211,3.71,3.61,4.14,-0.003358930028391342,0.21990146319144177,0.0,0.0,0.0371,0.0361,0.0414,-0.023447394918898135,-0.6074865188893838,0.03744,0.038855,-0.0014149999999999996,0.6669986834498491,0
2025-12-08,315.05999755859375,316.4700012207031,313.3500061035156,315.2099914550781,309.25384521484375,7417200,0.0,16.65999984741211,3.73,3.61,4.17,0.0005393401584392385,0.21913314311586102,0.0,0.0,0.0373,0.0361,0.0417,0.08111615914194314,-0.6301856942294545,0.03728,0.03876,-0.0014800000000000021,0.646157736212162,0
2025-12-09,314.95001220703125,318.79998779296875,300.0199890136719,300.510009765625,294.8316345214844,18049200,0.0,16.93000030517578,3.73,3.63,4.18,-0.04775798222084388,0.274781533013405,0.0,0.0,0.0373,0.0363,0.0418,0.016206510218282677,-0.5337194112588726,0.0372,0.038650000000000004,-0.0014500000000000068,0.6123767210216575,0
2025-12-10,300.5,311.19000244140625,298.4599914550781,310.1099853515625,304.2502136230469,18874100,0.0,15.770000457763672,3.69,3.58,4.13,0.03144597102180819,0.2965928138473558,0.0,0.0,0.0369,0.0358,0.041299999999999996,-0.06851741444195236,-0.5449718971238426,0.03713999999999999,0.03852,-0.0013800000000000062,0.6426022425281556,0
2025-12-11,309.239990234375,318.0,309.239990234375,317.3800048828125,311.3828430175781,9721900,0.0,14.850000381469727,3.66,3.56,4.14,0.02317272760200547,0.30788324760341435,0.0,0.0,0.0366,0.0356,0.0414,-0.05833862077290075,-0.5626578552746451,0.037040000000000003,0.038375,-0.001334999999999996,0.6719221493959564,0
2025-12-12,319.67999267578125,320.2699890136719,316.6000061035156,318.5199890136719,312.50128173828125,8982900,0.0,15.739999771118164,3.63,3.54,4.19,0.0035854091311677584,0.30346827217109473,0.0,0.0,0.0363,0.0354,0.04190000000000001,0.059932617291983625,-0.5634810020592143,0.03688,0.03821,-0.0013299999999999979,0.6523826953371908,0
2025-12-15,319.5899963378906,322.8800048828125,318.3900146484375,320.0199890136719,313.9729309082031,10864100,0.0,16.5,3.65,3.52,4.18,0.004698204162929592,0.27666011447453714,0.0,0.0,0.0365,0.0352,0.0418,0.04828464040237068,-0.46202797531810447,0.036719999999999996,0.03806,-0.001340000000000001,0.6649869293814441,0
2025-12-16,319.0899963378906,319.5199890136719,314.3999938964844,315.54998779296875,309.5874328613281,8331300,0.0,16.479999542236328,3.64,3.51,4.15,-0.01406622553493882,0.2723848705697067,0.0,0.0,0.0364,0.0351,0.0415,-0.0012121489553740261,-0.4741191435297881,0.03654,0.037895,-0.001354999999999995,0.6682983436506347,0
2025-12-17,318.42999267578125,319.3699951171875,314.6600036621094,314.9800109863281,309.0282287597656,8718700,0.0,17.6200008392334,3.64,3.51,4.16,-0.001807921423825701,0.26893047674608495,0.0,0.0,0.0364,0.0351,0.0416,0.06917483790429602,-0.44944310407469784,0.03643999999999999,0.037745,-0.0013050000000000075,0.6573309300851855,0
2025-12-18,316.0,317.70001220703125,312.2200012207031,313.0,307.0856018066406,11444900,0.0,16.8700008392334,3.62,3.49,4.12,-0.006306085967891264,0.26993838134117815,0.0,0.0,0.0362,0.0349,0.0412,-0.04256526471497213,-0.439299682694842,0.036359999999999996,0.03758,-0.0012200000000000058,0.6661916459235984,0
2025-12-19,313.7900085449219,318.55999755859375,313.19000244140625,317.2099914550781,311.2160339355469,24494400,0.0,14.90999984741211,3.62,3.51,4.16,0.013360771939292592,0.27022017004441323,0.0,0.0,0.0362,0.0351,0.0416,-0.11618262562637516,-0.4535522638412644,0.03634,0.037419999999999995,-0.0010799999999999976,0.6945057528363373,0
2025-12-22,317.510009765625,323.2300109863281,317.510009765625,323.0899963378906,316.98492431640625,8354600,0.0,14.079999923706055,3.64,3.53,4.17,0.018366901478787643,0.26712107354928627,0.0,0.0,0.0364,0.0353,0.0417,-0.05566733281020897,-0.406093643807623,0.03632,0.037290000000000004,-0.0009700000000000056,0.7269655256287552,0
2025-12-23,323.6099853515625,327.7799987792969,323.0899963378906,325.92999267578125,319.7712707519531,6668300,0.0,14.0,3.65,3.52,4.18,0.008751745932494448,0.2670019137641105,0.0,0.0,0.0365,0.0352,0.0418,-0.005681812794001595,-0.4449075705252596,0.03634,0.037160000000000006,-0.0008200000000000082,0.7340358066432933,0
2025-12-24,326.239990234375,329.989990234375,325.5,329.1700134277344,322.9500732421875,4289300,0.0,13.470000267028809,3.69,3.5,4.15,0.009891777952167937,0.2671955703215863,0.0,0.0,0.0369,0.035,0.0415,-0.03785712378365658,-0.5112523010140801,0.03644,0.037055,-0.0006149999999999975,0.7475314206388832,0
2025-12-26,329.1099853515625,330.8599853515625,326.5400085449219,327.9100036621094,321.7138671875,4158300,0.0,13.600000381469727,3.64,3.49,4.14,-0.0038351999930938165,0.26510919030312313,0.0,0.0,0.0364,0.0349,0.0414,0.0096510847708835,-0.49667152016381744,0.03648,0.036914999999999996,-0.0004349999999999979,0.7334878743725133,0
2025-12-29,327.0,327.7699890136719,323.5299987792969,323.75,317.6324768066406,8635300,0.0,14.199999809265137,3.68,3.48,4.12,-0.012767558183511397,0.26759821065195477,0.0,0.0,0.0368,0.0348,0.0412,0.044117603747491074,-0.50232641049422,0.0366,0.036815,-0.0002149999999999999,0.7082749862562494,0
2025-12-30,324.80999755859375,324.94000244140625,322.489990234375,323.4200134277344,317.3087463378906,7904300,0.0,14.329999923706055,3.65,3.47,4.14,-0.0010197179990885815,0.2620691833239743,0.0,0.0,0.0365,0.0347,0.0414,0.009154937759653814,-0.4844016507829721,0.03662,0.036735000000000004,-0.00011500000000000399,0.6953782100202339,0
2025-12-31,324.3399963378906,324.8800048828125,322.0400085449219,322.2200012207031,316.13140869140625,5048500,0.0,14.949999809265137,3.67,3.48,4.18,-0.00371728565946301,0.2572301411532649,0.0,0.0,0.036699999999999997,0.0348,0.0418,0.04326586802930965,-0.4606587446755282,0.036660000000000005,0.036685,-2.4999999999997247e-05,0.6922748475266216,0
2026-01-02,322.5,325.7300109863281,320.739990234375,325.4800109863281,319.32977294921875,8054000,0.0,14.510000228881836,3.65,3.47,4.19,0.010066362377857106,0.25790056280788926,0.0,0.0,0.0365,0.0347,0.04190000000000001,-0.02943141043457509,-0.4840140279078028,0.036579999999999994,0.03665,-7.000000000000756e-05,0.7065566593598235,0
2026-01-05,325.5,337.25,325.19000244140625,334.0400085449219,327.7280578613281,10752600,0.0,14.899999618530273,3.64,3.47,4.17,0.02595983279892047,0.26782175505068917,0.0,0.0,0.0364,0.0347,0.0417,0.02687797267378067,-0.4072117381388531,0.03658,0.036615,-3.500000000000031e-05,0.7082796979901763,0
2026-01-06,332.6199951171875,335.8699951171875,330.6499938964844,334.6099853515625,329.76806640625,7660800,0.0,14.75,3.63,3.48,4.18,0.006205405677235649,0.26589448639591196,0.0,0.0,0.0363,0.0348,0.0418,-0.010067088749702191,-0.4031858575090391,0.03648,0.036575,-9.50000000000048e-05,0.706592095532537,0
2026-01-07,331.1400146484375,332.1499938964844,324.6000061035156,326.989990234375,322.25836181640625,9815200,0.0,15.380000114440918,3.62,3.48,4.15,-0.02303598857797757,0.28011009732805775,0.0,0.0,0.0362,0.0348,0.0415,0.042711872165486,-0.445760662750516,0.036419999999999994,0.036520000000000004,-0.0001000000000000098,0.6858840581383858,0
2026-01-08,326.3900146484375,331.3999938964844,325.6499938964844,329.7900085449219,325.017822265625,11737100,0.0,15.449999809265137,3.62,3.48,4.19,0.00852642885614788,0.28095511928094646,0.0,0.0,0.0362,0.0348,0.04190000000000001,0.004551345533378326,-0.4654712614020081,0.03632,0.036465000000000004,-0.00014500000000000624,0.6896387818577652,0
2026-01-09,329.3399963378906,331.8999938964844,328.1700134277344,329.19000244140625,324.426513671875,6738100,0.0,14.489999771118164,3.62,3.52,4.18,-0.0018209682475435192,0.21501718213600554,0.0,0.0,0.0362,0.0352,0.0418,-0.062135925566243366,-0.4889954593191837,0.03626,0.036430000000000004,-0.00017000000000000348,0.7306896730576486,0
2026-01-12,321.8800048828125,326.0199890136719,321.2300109863281,324.489990234375,319.7945251464844,12805100,0.0,15.119999885559082,3.67,3.53,4.19,-0.014380369682730093,0.20094445747884646,0.0,0.0,0.036699999999999997,0.0353,0.04190000000000001,0.04347826945426525,-0.45464063390113385,0.03632,0.036435,-0.00011500000000000399,0.6944165867617403,0
2026-01-13,324.29998779296875,326.8599853515625,310.57000732421875,310.8999938964844,306.4011535644531,19371200,0.0,15.979999542236328,3.67,3.51,4.18,-0.042783477879925334,0.24085223553100982,0.0,0.0,0.036699999999999997,0.0351,0.0418,0.056878284602278395,-0.4533636595978014,0.0364,0.036455,-5.4999999999999494e-05,0.6428773728740635,0
2026-01-14,308.20001220703125,311.760009765625,306.1199951171875,307.8699951171875,303.4150390625,25951500,0.0,16.75,3.67,3.5,4.15,-0.00979356863766952,0.24226021473264953,0.0,0.0,0.036699999999999997,0.035,0.0415,0.04818526156577807,-0.5005397072827724,0.0365,0.036465000000000004,3.499999999999337e-05,0.6239191879833079,0
2026-01-15,308.4700012207031,312.94000244140625,307.75,309.260009765625,304.784912109375,14751400,0.0,15.84000015258789,3.68,3.54,4.17,0.004504687515064667,0.24219970597073856,0.0,0.0,0.0368,0.0354,0.0417,-0.054328349099230455,-0.5373812085979752,0.03662,0.036485000000000004,0.00013499999999999623,0.636797498636921,0
2026-01-16,310.3500061035156,317.2099914550781,310.0,312.4700012207031,307.948486328125,14652500,0.0,15.859999656677246,3.67,3.55,4.24,0.010326195170171838,0.2408808519478017,0.0,0.0,0.036699999999999997,0.0355,0.0424,0.0012625949429734273,-0.5391758477980809,0.036719999999999996,0.0365,0.00021999999999999797,0.6510312322991403,0
2026-01-20,306.2099914550781,311.1499938964844,301.8599853515625,302.739990234375,298.3592529296875,12900600,0.0,20.09000015258789,3.7,3.53,4.3,-0.031634209642613244,0.26432511444260326,0.0,0.0,0.037000000000000005,0.0353,0.043,0.2667087381764075,-0.6397810777710705,0.03677999999999999,0.036539999999999996,0.00023999999999999716,0.5728791189836936,0
2026-01-21,303.42999267578125,305.3999938964844,301.1499938964844,302.0400085449219,297.6694030761719,10270100,0.0,16.899999618530273,3.7,3.53,4.26,-0.002314822130128745,0.2638047376555517,0.0,0.0,0.037000000000000005,0.0353,0.0426,-0.1587854907829206,-0.5836359262455707,0.03684,0.03658,0.00025999999999999635,0.6208035263542935,0
2026-01-22,304.8599853515625,308.20001220703125,302.8999938964844,303.6300048828125,299.2364196777344,10535800,0.0,15.640000343322754,3.71,3.53,4.26,0.0052504771832406864,0.2595158954893357,0.0,0.0,0.0371,0.0353,0.0426,-0.07455617181351726,-0.5638322212294217,0.03692,0.036614999999999995,0.00030500000000000665,0.6339669614211874,0
2026-01-23,302.0,302.3699951171875,296.510009765625,297.7200012207031,293.41192626953125,11107900,0.0,16.09000015258789,3.7,3.53,4.24,-0.0196564488329582,0.2555539020549379,0.0,0.0,0.037000000000000005,0.0353,0.0424,0.02877236568970143,-0.5425610029319106,0.03696,0.03664,0.00032000000000000084,0.6049086597382218,0
2026-01-26,297.80999755859375,301.7799987792969,297.45001220703125,301.0400085449219,296.6838684082031,11752700,0.0,16.149999618530273,3.67,3.52,4.22,0.011089642394044277,0.2571104683187002,0.0,0.0,0.036699999999999997,0.0352,0.042199999999999994,0.0037289910113973423,-0.5356551889545442,0.03696000000000001,0.03663,0.0003300000000000039,0.6054435580281388,0
2026-01-27,301.3299865722656,301.9700012207031,298.1499938964844,300.30999755859375,295.96441650390625,11527400,0.0,16.350000381469727,3.67,3.5,4.24,-0.0024279231916547674,0.2524841747018878,0.0,0.0,0.036699999999999997,0.035,0.0424,0.012383948462139527,-0.5236743758360756,0.0369,0.036645,0.0002550000000000052,0.595254677117366,0
2026-01-28,300.2699890136719,301.9200134277344,298.04998779296875,300.7699890136719,296.4177551269531,9556700,0.0,16.350000381469727,3.68,3.52,4.26,0.0015305616315183328,0.2532528781418342,0.0,0.0,0.0368,0.0352,0.0426,0.0,-0.5244120062226235,0.03686,0.036645,0.0002149999999999999,0.5984485828463018,0
2026-01-29,302.3999938964844,306.8299865722656,302.2200012207031,306.4200134277344,301.9860534667969,11580000,0.0,16.8799991607666,3.67,3.5,4.24,0.01861104151958926,0.2625646702489433,0.0,0.0,0.036699999999999997,0.035,0.0424,0.032415826723621866,-0.47700444634238165,0.03678,0.036655,0.0001250000000000001,0.609558694572726,0
2026-01-30,305.25,307.92999267578125,302.55999755859375,305.8900146484375,301.46368408203125,11953200,0.0,17.440000534057617,3.67,3.48,4.26,-0.0017312776284011482,0.2625289205943264,0.0,0.0,0.036699999999999997,0.0348,0.0426,0.03317543845574367,-0.4754545766149331,0.036719999999999996,0.036655,6.499999999999562e-05,0.6011391267575529,0
2026-02-02,304.4599914550781,309.29998779296875,301.3699951171875,308.1400146484375,303.6811218261719,9839400,0.0,16.34000015258789,3.69,3.49,4.29,0.00732865141435063,0.2646315460927059,0.0,0.0,0.0369,0.0349,0.0429,-0.06307341443720693,-0.4879978841910424,0.03676,0.036675,8.500000000000174e-05,0.6234205249071731,0
2026-02-03,309.7300109863281,316.25,309.1000061035156,314.8500061035156,310.2940368652344,12688000,0.0,18.0,3.69,3.49,4.28,0.021542144427544953,0.27399740797253985,0.0,0.0,0.0369,0.0349,0.042800000000000005,0.10159117698350828,-0.3672079854171655,0.0368,0.036699999999999997,0.00010000000000000286,0.606548918767557,0
2026-02-04,314.4100036621094,319.30999755859375,314.4100036621094,317.2699890136719,312.6789855957031,9848800,0.0,18.639999389648438,3.69,3.49,4.29,0.0076567051733026316,0.25785752565756503,0.0,0.0,0.0369,0.0349,0.0429,0.03555552164713549,-0.3958685609713845,0.036820000000000006,0.03673,9.000000000000674e-05,0.586515922019863,0
2026-02-05,315.0,316.010009765625,305.5400085449219,310.1600036621094,305.67193603515625,9388000,0.0,21.770000457763672,3.67,3.44,4.21,-0.022664636744762934,0.26523414317393484,0.0,0.0,0.036699999999999997,0.0344,0.0421,0.1679185177362963,-0.448862033629935,0.03682,0.036754999999999996,6.500000000000256e-05,0.524639424619652,0
2026-02-06,314.7099914550781,324.25,314.7099914550781,322.3999938964844,317.7347717285156,17797400,0.0,20.3700008392334,3.68,3.45,4.22,0.0387045612207623,0.29304047066462025,0.0,0.0,0.0368,0.0345,0.042199999999999994,-0.06430866279706493,-0.48695301974392396,0.03684,0.036785,5.4999999999999494e-05,0.5813797484543056,0
2026-02-09,321.3399963378906,326.3999938964844,320.1099853515625,322.1000061035156,317.4391174316406,11477500,0.0,17.360000610351562,3.69,3.43,4.22,-0.0009309397734163693,0.2911245749744565,0.0,0.0,0.0369,0.034300000000000004,0.042199999999999994,-0.1477663281723809,-0.45239321146289535,0.03684,0.03682,1.9999999999999185e-05,0.6187288699771208,0
2026-02-10,322.54998779296875,326.1300048828125,315.1199951171875,318.2799987792969,313.6744079589844,9902200,0.0,17.790000915527344,3.69,3.4,4.16,-0.011930513214887846,0.29352620763864334,0.0,0.0,0.0369,0.034,0.0416,0.02476960196184419,-0.46002359720976943,0.03684,0.03683,9.999999999996123e-06,0.606571492994741,0
2026-02-11,323.239990234375,325.2799987792969,308.7300109863281,310.82000732421875,306.32232666015625,8703500,0.0,17.649999618530273,3.7,3.47,4.18,-0.02371762794775878,0.30034962027451706,0.0,0.0,0.037000000000000005,0.0347,0.0418,-0.007869662158076385,-0.42696188671270874,0.03686,0.036845,1.4999999999994185e-05,0.6030126198916206,0
2026-02-12,312.2799987792969,313.6199951171875,300.0199890136719,302.6400146484375,298.2607116699219,13443400,0.0,20.81999969482422,3.7,3.45,4.09,-0.02666992725764537,0.27710138596888967,0.0,0.0,0.037000000000000005,0.0345,0.0409,0.17960340763780214,-0.5005462525496337,0.03692,0.03686,6.0000000000004494e-05,0.567340941978977,0
2026-02-13,298.5199890136719,304.2900085449219,296.5199890136719,302.54998779296875,298.1719665527344,9114500,0.0,20.600000381469727,3.68,3.42,4.04,-0.0002975863700388358,0.2753734084128728,0.0,0.0,0.0368,0.0342,0.0404,-0.010566729902939609,-0.49668109207819594,0.03692,0.036860000000000004,5.9999999999997555e-05,0.5761345886038265,0
2026-02-17,302.760009765625,308.239990234375,302.5,307.1300048828125,302.68572998046875,8896800,0.0,20.290000915527344,3.69,3.48,4.05,0.015024683432666604,0.2803084372585351,0.0,0.0,0.0369,0.0348,0.0405,-0.015048517485525714,-0.49610647418866916,0.03692,0.03687,5.000000000000143e-05,0.5868228409003704,0
2026-02-18,308.4599914550781,312.2799987792969,307.2200012207031,308.7799987792969,304.3118591308594,7209600,0.0,19.6200008392334,3.7,3.49,4.09,0.0053579555166607075,0.27845103853362935,0.0,0.0,0.037000000000000005,0.0349,0.0409,-0.03302119497595557,-0.500363297439663,0.03694000000000001,0.03687,7.000000000000756e-05,0.5934322003057175,0
2026-02-19,307.1700134277344,309.17999267578125,305.1199951171875,308.04998779296875,303.5924072265625,6737700,0.0,20.229999542236328,3.69,3.5,4.08,-0.002366991909798402,0.2547542642894454,0.0,0.0,0.0369,0.035,0.0408,0.031090656315525544,-0.360153453176404,0.03692,0.036865,5.4999999999999494e-05,0.6021432523094634,0
2026-02-20,308.3999938964844,311.0,305.67999267578125,310.7900085449219,306.29278564453125,7792700,0.0,19.09000015258789,3.69,3.51,4.08,0.008855424254120503,0.25595382005534306,0.0,0.0,0.0369,0.0351,0.0408,-0.056351923650237334,-0.4356650168812725,0.0369,0.036855,4.500000000000337e-05,0.6250697728493222,0
2026-02-23,308.79998779296875,311.0,295.1000061035156,297.6700134277344,293.3626403808594,12955400,0.0,21.010000228881836,3.69,3.5,4.03,-0.04313193612496676,0.2980924729811785,0.0,0.0,0.0369,0.035,0.0403,0.10057622110776498,-0.491946774711884,0.03692,0.03685,7.000000000000062e-05,0.5688558563057418,0
2026-02-24,296.82000732421875,299.75,291.3800048828125,297.29998779296875,292.9979553222656,13554100,0.0,19.549999237060547,3.69,3.52,4.04,-0.001243893632308928,0.29024970226998825,0.0,0.0,0.0369,0.0352,0.0404,-0.06949076515545527,-0.47917303646622617,0.03692,0.036860000000000004,5.9999999999997555e-05,0.6006624411462776,0
2026-02-25,298.6400146484375,303.6600036621094,297.010009765625,303.29998779296875,298.9111328125,8095500,0.0,17.93000030517578,3.69,3.53,4.05,0.019980683969322188,0.29613044815704165,0.0,0.0,0.0369,0.0353,0.0405,-0.082864398726613,-0.5127394162810317,0.0369,0.03687,3.0000000000002247e-05,0.6290860005991777,0
2026-02-26,304.5799865722656,309.010009765625,303.6400146484375,306.1300048828125,301.7002258300781,7007800,0.0,18.6299991607666,3.68,3.52,4.02,0.009287580150280528,0.29752030954517195,0.0,0.0,0.0368,0.0352,0.04019999999999999,0.03904064939635021,-0.49957668861547966,0.03688,0.03687,1.0000000000003062e-05,0.6260645298235457,0
2026-02-27,300.0,302.95001220703125,294.45001220703125,300.29998779296875,295.95452880859375,18620800,0.0,19.860000610351562,3.67,3.48,3.97,-0.019228071056434922,0.30555992350404015,0.0,0.0,0.036699999999999997,0.0348,0.0397,0.06602262506673928,-0.5150283844404073,0.03684,0.03687,-3.0000000000002247e-05,0.5961455355124589,0
2026-03-02,294.80999755859375,299.9800109863281,293.2099914550781,297.55999755859375,293.25421142578125,8508900,0.0,21.440000534057617,3.72,3.54,4.05,-0.009165974989885261,0.2992425699187654,0.0,0.0,0.037200000000000004,0.0354,0.0405,0.07955689200142912,-0.5475891575177948,0.0369,0.036895,5.0000000000050004e-06,0.5570514530660875,0
2026-03-03,292.2900085449219,302.3900146484375,289.5,300.260009765625,295.9151611328125,10278200,0.0,23.56999969482422,3.71,3.55,4.06,0.00903294680307875,0.30140655907131614,0.0,0.0,0.0371,0.0355,0.0406,0.09934697330735043,-0.5047381683355305,0.03694,0.03690500000000001,3.499999999999337e-05,0.5330453812797886,0
2026-03-04,299.989990234375,301.0,295.82000732421875,299.3900146484375,295.0577697753906,8055700,0.0,21.149999618530273,3.71,3.58,4.09,-0.002901628532013036,0.2999740223494384,0.0,0.0,0.0371,0.0358,0.0409,-0.10267289383229639,-0.4670633249768278,0.03698,0.036915,6.499999999999562e-05,0.56151007636958,0
2026-03-05,297.9800109863281,301.239990234375,292.42999267578125,293.54998779296875,289.3022155761719,12732500,0.0,23.75,3.7,3.59,4.13,-0.019699296558364773,0.2942458598415616,0.0,0.0,0.037000000000000005,0.0359,0.041299999999999996,0.12293146233401209,-0.5879250288582702,0.037020000000000004,0.036919999999999994,0.0001000000000000098,0.4998373046790597,0
2026-03-06,286.3399963378906,289.989990234375,283.7099914550781,289.4800109863281,285.2911376953125,13496500,0.0,29.489999771118164,3.69,3.55,4.15,-0.013961675727326699,0.29359910192561395,0.0,0.0,0.0369,0.0355,0.0415,0.24168420088918596,-0.5791134573709515,0.03706,0.036930000000000004,0.00012999999999999817,0.4050102157943405,0
2026-03-09,285.5,291.1000061035156,280.45001220703125,289.9200134277344,285.72479248046875,12241100,0.0,25.5,3.71,3.56,4.12,0.0015188888632012103,0.28647224716699254,0.0,0.0,0.0371,0.0356,0.0412,-0.1353000950181722,-0.5368847488428482,0.037040000000000003,0.036945,9.50000000000048e-05,0.476376674003236,0
2026-03-10,289.2900085449219,292.75,287.17999267578125,288.7300109863281,284.5519714355469,8344900,0.0,24.93000030517578,3.71,3.56,4.15,-0.004113170210080189,0.24256293972910004,0.0,0.0,0.0371,0.0356,0.0415,-0.022352929208792838,-0.5332437133318398,0.037040000000000003,0.036955,8.500000000000174e-05,0.45902871128330397,0
2026-03-11,288.80999755859375,290.4800109863281,284.8599853515625,287.5199890136719,283.3594665527344,10205000,0.0,24.229999542236328,3.71,3.6,4.21,-0.004199621827314234,0.2420930118902008,0.0,0.0,0.0371,0.036000000000000004,0.0421,-0.028078650395929716,-0.5474043071516402,0.037040000000000003,0.036965000000000005,7.499999999999868e-05,0.4670780791074605,0
2026-03-12,282.8299865722656,283.8800048828125,279.1000061035156,282.8900146484375,278.7964782714844,13760500,0.0,27.290000915527344,3.72,3.66,4.27,-0.01623424438615319,0.24400548230432376,0.0,0.0,0.037200000000000004,0.0366,0.042699999999999995,0.12628978254650813,-0.5641752195861862,0.03708,0.036975,0.00010500000000000093,0.4208238817667046,0
2026-03-13,284.6700134277344,287.19000244140625,282.95001220703125,283.44000244140625,279.33856201171875,9091200,0.0,27.190000534057617,3.72,3.66,4.28,0.001942482989099954,0.2360781722454381,0.0,0.0,0.037200000000000004,0.0366,0.042800000000000005,-0.0036643597696923713,-0.6117305982689469,0.037140000000000006,0.036985000000000004,0.00015500000000000236,0.43752562005836915,0
2026-03-16,286.3399963378906,289.2699890136719,284.6099853515625,286.1600036621094,282.0191650390625,8149000,0.0,23.510000228881836,3.72,3.64,4.23,0.009550499702461062,0.2261434093584498,0.0,0.0,0.037200000000000004,0.0364,0.042300000000000004,-0.13534388499059757,-0.5797342659848889,0.037160000000000006,0.037004999999999996,0.0001550000000000093,0.5116305505360447,0
2026-03-17,289.0,291.760009765625,285.95001220703125,286.8900146484375,282.7386169433594,8961200,0.0,22.3700008392334,3.72,3.63,4.2,0.002547826046628144,0.22673298709153958,0.0,0.0,0.037200000000000004,0.0363,0.042,-0.048489977820074914,-0.5827697857080092,0.037180000000000005,0.037020000000000004,0.00016000000000000042,0.5296018127618662,0
2026-03-18,286.8299865722656,289.4100036621094,285.1199951171875,287.739990234375,283.5762939453125,10057000,0.0,25.09000015258789,3.73,3.68,4.26,0.0029583456016405133,0.21867068618478946,0.0,0.0,0.0373,0.0368,0.0426,0.12159138181989015,-0.5464067504349359,0.03722,0.037035,0.0001850000000000046,0.48358176040819434,0
2026-03-19,286.8800048828125,289.510009765625,284.6199951171875,287.9700012207031,283.802978515625,9846700,0.0,24.059999465942383,3.73,3.73,4.25,0.0007990583843174789,0.21701143528157152,0.0,0.0,0.0373,0.0373,0.0425,-0.041052239154301895,-0.5426909668418144,0.03724,0.037055,0.0001850000000000046,0.49557507102489307,0
2026-03-20,288.0799865722656,290.7099914550781,285.2699890136719,286.55999755859375,282.41339111328125,22436500,0.0,26.780000686645508,3.74,3.8,4.39,-0.004908336341651636,0.21704900568580726,0.0,0.0,0.0374,0.038,0.043899999999999995,0.11305075981208423,-0.5364462766033397,0.03728,0.03708,0.0001999999999999988,0.45522463036508376,0
2026-03-23,294.30999755859375,295.75,287.9700012207031,289.9100036621094,285.71490478515625,11470800,0.0,26.149999618530273,3.74,3.76,4.34,0.01162255378124625,0.21922541236809284,0.0,0.0,0.0374,0.037599999999999995,0.0434,-0.023525057952272554,-0.5259734693028578,0.03732,0.037105,0.0002149999999999999,0.46586724743440233,0
2026-03-24,286.1700134277344,295.4800109863281,285.3699951171875,292.3999938964844,288.16888427734375,11092300,0.0,26.950000762939453,3.74,3.81,4.39,0.008552234776766476,0.16808150064718802,0.0,0.0,0.0374,0.0381,0.043899999999999995,0.03059277843515873,-0.5310578120656623,0.037360000000000004,0.03713,0.00023000000000000104,0.48520876023804205,0
2026-03-25,294.1499938964844,297.6400146484375,292.44000244140625,295.4200134277344,291.14520263671875,12188200,0.0,25.329999923706055,3.73,3.77,4.33,0.010275408847119047,0.17242261437189377,0.0,0.0,0.0373,0.0377,0.0433,-0.06011134669284157,-0.5609948648037366,0.037360000000000004,0.03715,0.00021000000000000185,0.5151967879395336,0
2026-03-26,292.5799865722656,294.989990234375,290.7300109863281,291.6600036621094,287.4396057128906,8669200,0.0,27.440000534057617,3.73,3.83,4.42,-0.012809349771727591,0.16084767024812083,0.0,0.0,0.0373,0.0383,0.044199999999999996,0.08330045861456314,-0.5385811558066688,0.037360000000000004,0.037175,0.0001850000000000046,0.46555111323853904,0
2026-03-27,289.1400146484375,290.1099853515625,281.75,282.8399963378906,278.74725341796875,9873300,0.0,31.049999237060547,3.73,3.77,4.44,-0.030707301567922073,0.1839244605406283,0.0,0.0,0.0373,0.0377,0.0444,0.13155971693667867,-0.5897481713921698,0.03734,0.037205,0.00013499999999999623,0.3901990064778509,0
2026-03-30,284.739990234375,287.25,282.3299865722656,283.7699890136719,279.66375732421875,11734400,0.0,30.610000610351562,3.71,3.71,4.35,0.003282545335142347,0.17646233735549988,0.0,0.0,0.0371,0.0371,0.0435,-0.014170648551379394,-0.5987772457302701,0.03728,0.0372,8.000000000000368e-05,0.4098807353563091,0
2026-03-31,288.4700012207031,295.07000732421875,284.95001220703125,294.1600036621094,289.9034118652344,12956900,0.0,25.25,3.7,3.68,4.3,0.03595979011735399,0.21958509458729725,0.0,0.0,0.037000000000000005,0.0368,0.043,-0.17510619090085677,-0.6731380050699896,0.0372,0.037195,4.9999999999980616e-06,0.5132744691320204,0
2026-04-01,295.3900146484375,298.7200012207031,292.9100036621094,295.3800048828125,291.10577392578125,11267200,0.0,24.540000915527344,3.7,3.68,4.33,0.004138880438919356,0.21753966858109372,0.0,0.0,0.037000000000000005,0.0368,0.0433,-0.028118775622679504,-0.7246458353274654,0.03714,0.03719,-5.000000000000143e-05,0.5204991080579132,0
2026-04-02,291.9100036621094,295.6199951171875,288.7200012207031,294.6000061035156,290.3370666503906,6669300,0.0,23.8700008392334,3.7,3.68,4.31,-0.0026441385794514186,0.21750985770040598,0.0,0.0,0.037000000000000005,0.0368,0.0431,-0.027302365578560805,-0.7489793062623679,0.03708,0.03719000000000001,-0.00011000000000000593,0.5302190208002084,0
2026-04-06,294.05999755859375,296.8299865722656,293.20001220703125,295.45001220703125,292.6649169921875,7142600,0.0,24.170000076293945,3.72,3.72,4.34,0.007985779733864593,0.20808757188489682,0.0,0.0,0.037200000000000004,0.037200000000000004,0.0434,0.012568044680059565,-0.721630821732391,0.03706,0.037205,-0.0001449999999999993,0.5424146719111012,0
2026-04-07,293.1400146484375,298.17999267578125,292.70001220703125,297.3999938964844,294.5965270996094,7849100,0.0,25.780000686645508,3.71,3.68,4.33,0.006578388868369428,0.2021178527762551,0.0,0.0,0.0371,0.0368,0.0433,0.06661152690399286,-0.6852408723067346,0.03706,0.037205,-0.0001449999999999993,0.5316523897987679,0
2026-04-08,307.9700012207031,311.260009765625,305.3299865722656,307.9700012207031,305.06689453125,10590200,0.0,21.040000915527344,3.69,3.69,4.29,0.034924363459972366,0.23288349816808313,0.0,0.0,0.0369,0.0369,0.0429,-0.18386344627110762,-0.7900572248579443,0.037040000000000003,0.037195,-0.00015499999999999542,0.6192170330118986,0
2026-04-09,306.95001220703125,311.260009765625,306.1099853515625,310.3299865722656,307.4046325683594,6586600,0.0,19.489999771118164,3.68,3.68,4.29,0.007633822263890213,0.23183978520819762,0.0,0.0,0.0368,0.0368,0.0429,-0.07366925270736524,-0.7986561706915126,0.037,0.037180000000000005,-0.00018000000000000654,0.648341094728504,0
2026-04-10,310.0,310.3500061035156,306.7200012207031,309.8699951171875,306.948974609375,6069700,0.0,19.229999542236328,3.69,3.7,4.31,-0.0014833738655169765,0.23086569116190975,0.0,0.0,0.0369,0.037000000000000005,0.0431,-0.013340186348648642,-0.8079518563596101,0.03698,0.037165000000000004,-0.0001850000000000046,0.6536703412062195,0
2026-04-13,307.4700012207031,313.739990234375,305.4599914550781,313.67999267578125,310.7230529785156,8318200,0.0,19.1200008392334,3.71,3.7,4.3,0.012220483262724327,0.22055304484119512,0.0,0.0,0.0371,0.037000000000000005,0.043,-0.005720161498773413,-0.7779803688415456,0.03696,0.037160000000000006,-0.00020000000000000573,0.6721783035890729,0
2026-04-14,309.82000732421875,314.32000732421875,308.8699951171875,311.1199951171875,308.1871643066406,11455500,0.0,18.360000610351562,3.71,3.71,4.26,-0.008194735818626675,0.22516543622378954,0.0,0.0,0.0371,0.0371,0.0426,-0.039748964201003045,-0.7457386439541046,0.03696000000000001,0.03715500000000001,-0.00019500000000000073,0.6769959634255274,0
2026-04-15,313.95001220703125,314.239990234375,304.260009765625,305.92999267578125,303.0461120605469,9885800,0.0,18.170000076293945,3.71,3.7,4.29,-0.01682229578463551,0.236239170292271,0.0,0.0,0.0371,0.037000000000000005,0.0429,-0.010348612622076536,-0.7229015436540488,0.037000000000000005,0.03715,-0.00014999999999999736,0.6640108073448827,0
2026-04-16,305.3500061035156,309.95001220703125,305.20001220703125,309.95001220703125,307.0282287597656,8208600,0.0,17.940000534057617,3.7,3.69,4.32,0.013054714768854364,0.23854060319094944,0.0,0.0,0.037000000000000005,0.0369,0.0432,-0.012658202601573132,-0.7238023847226022,0.037040000000000003,0.037135,-9.499999999999786e-05,0.673548972999052,0
2026-04-17,312.4700012207031,314.8999938964844,310.0899963378906,310.2900085449219,307.3650207519531,11082400,0.0,17.479999542236328,3.7,3.64,4.26,0.0010963402550057246,0.23872277598669112,0.0,0.0,0.037000000000000005,0.0364,0.0426,-0.02564108016318145,-0.7670215326258079,0.03706,0.03712,-5.9999999999997555e-05,0.6790087941659602,0
2026-04-20,310.8500061035156,317.1300048828125,310.3699951171875,316.989990234375,314.0018615722656,10772000,0.0,18.8700008392334,3.71,3.65,4.26,0.02136288049220316,0.245945671918604,0.0,0.0,0.0371,0.0365,0.0426,0.07951952708227816,-0.6638018390008589,0.03706,0.037105000000000006,-4.500000000000337e-05,0.6714019296573804,0
2026-04-21,317.489990234375,320.239990234375,312.75,313.0,310.0494689941406,7084300,0.0,19.5,3.69,3.69,4.3,-0.012667052316247256,0.2512225763960496,0.0,0.0,0.0369,0.0369,0.043,0.03338628154465928,-0.6694451437234535,0.03702,0.03708000000000001,-6.000000000001143e-05,0.65778815741307,0
2026-04-22,314.8500061035156,315.1499938964844,311.94000244140625,313.0199890136719,310.0692443847656,5545900,0.0,18.920000076293945,3.69,3.69,4.3,6.377937064321186e-05,0.2502510088286952,0.0,0.0,0.0369,0.0369,0.043,-0.029743585831079722,-0.6649693072474937,0.03698,0.037055,-7.499999999999868e-05,0.6591895057258175,0
2026-04-23,313.5199890136719,314.989990234375,308.8900146484375,311.69000244140625,308.7518310546875,6969700,0.0,19.309999465942383,3.69,3.7,4.34,-0.004257823053070446,0.2511800451808755,0.0,0.0,0.0369,0.037000000000000005,0.0434,0.02061307547969271,-0.684883547840285,0.03696000000000001,0.037035,-7.499999999999174e-05,0.6459958365982923,0
2026-04-24,311.1499938964844,311.1499938964844,307.8900146484375,308.2799987792969,305.37396240234375,5215300,0.0,18.709999084472656,3.69,3.67,4.31,-0.01100068667589525,0.2545106618802252,0.0,0.0,0.0369,0.036699999999999997,0.0431,-0.03107200404267052,-0.6558631313625445,0.03694,0.037015,-7.499999999999868e-05,0.6418986431949165,0
2026-04-27,306.8800048828125,312.5799865722656,306.8800048828125,311.6300048828125,308.6923828125,7925300,0.0,18.020000457763672,3.68,3.69,4.35,0.010808124364884656,0.2499863822509934,0.0,0.0,0.0368,0.0369,0.0435,-0.03687860291140321,-0.6366871970908682,0.03688,0.03699,-0.00010999999999999899,0.6658088591871472,0
2026-04-28,315.20001220703125,315.45001220703125,311.1700134277344,311.45001220703125,308.51409912109375,7398600,0.0,17.829999923706055,3.68,3.71,4.36,-0.0005777116786143733,0.21792805137653798,0.0,0.0,0.0368,0.0371,0.0436,-0.010543869546671303,-0.5249686559135873,0.036860000000000004,0.036975,-0.00011499999999999705,0.686456075354362,0
2026-04-29,310.57000732421875,312.04998779296875,307.2900085449219,309.25,306.3348388671875,8031800,0.0,18.809999465942383,3.68,3.75,4.42,-0.0070887961093935425,0.22178424381171802,0.0,0.0,0.0368,0.0375,0.044199999999999996,0.054963519149170637,-0.5466283884879363,0.03684,0.036965000000000005,-0.00012500000000000705,0.6662896629498251,0
2026-04-30,307.07000732421875,314.1000061035156,306.57000732421875,313.2300109863281,310.2773132324219,8865400,0.0,16.889999389648438,3.68,3.72,4.4,0.012787708047098273,0.19278557248645756,0.0,0.0,0.0368,0.037200000000000004,0.044000000000000004,-0.10207337218538048,-0.4013583048404928,0.03682,0.036955,-0.00013500000000000317,0.679911617958606,0
2026-05-01,313.95001220703125,316.0799865722656,311.8299865722656,312.4700012207031,309.52447509765625,6135400,0.0,16.989999771118164,3.68,3.73,4.39,-0.002429287940680889,0.19373752809530778,0.0,0.0,0.0368,0.0373,0.043899999999999995,0.00592068591376127,-0.40615912217543265,0.0368,0.036945,-0.0001449999999999993,0.6745741311891191,0
2026-05-04,310.6199951171875,310.6499938964844,306.510009765625,307.6499938964844,304.7499084472656,7338200,0.0,18.290000915527344,3.7,3.78,4.45,-0.015545700531307398,0.20332514482361688,0.0,0.0,0.037000000000000005,0.0378,0.044500000000000005,0.07651566579883617,-0.47493713632903545,0.03684,0.036935,-9.50000000000048e-05,0.6483324689535953,0
2026-05-05,307.7099914550781,310.9700012207031,306.79998779296875,309.3999938964844,306.4833984375,6316800,0.0,17.3799991607666,3.69,3.77,4.43,0.005672120999726642,0.202667854733389,0.0,0.0,0.0369,0.0377,0.0443,-0.04975405736520189,-0.4912048730551363,0.036860000000000004,0.036925,-6.499999999999562e-05,0.6599488175043576,0
2026-05-06,311.45001220703125,316.260009765625,311.3500061035156,314.8999938964844,311.9315490722656,8629500,0.0,17.389999389648438,3.69,3.73,4.36,0.01762018079803189,0.20918047632898318,0.0,0.0,0.0369,0.0373,0.0436,0.0005753871901450491,-0.5039440937603068,0.03688,0.036925,-4.499999999999643e-05,0.6663785237037625,0
2026-05-07,314.6499938964844,316.29998779296875,306.1400146484375,306.2699890136719,303.38287353515625,8359600,0.0,17.079999923706055,3.69,3.76,4.41,-0.027788152885647264,0.20015179663468036,0.0,0.0,0.0369,0.037599999999999995,0.0441,-0.01782630689032183,-0.16855008749978295,0.0369,0.036930000000000004,-3.0000000000002247e-05,0.6334759948912461,0
2026-05-08,308.25,308.989990234375,300.5,302.1000061035156,299.2522277832031,9464300,0.0,17.190000534057617,3.69,3.75,4.38,-0.013708827888531522,0.20317318085721825,0.0,0.0,0.0369,0.0375,0.0438,0.006440316794081857,-0.13993282684576042,0.03692,0.036930000000000004,-1.0000000000003062e-05,0.6192013847363522,0
2026-05-11,302.1000061035156,303.19000244140625,298.8800048828125,300.0,297.1719970703125,9512000,0.0,18.3799991607666,3.7,3.79,4.42,-0.006975703070428979,0.2041310616435639,0.0,0.0,0.037000000000000005,0.0379,0.044199999999999996,0.0692262123175218,-0.1649856200033966,0.03692,0.036925,-4.9999999999980616e-06,0.5989406590533448,0
2026-05-12,300.0199890136719,306.05999755859375,295.54998779296875,304.8800048828125,302.0060119628906,9498200,0.0,17.989999771118164,3.7,3.8,4.46,0.016135838443272228,0.20787327473793854,0.0,0.0,0.037000000000000005,0.038,0.0446,-0.021218683757119994,-0.18563783305133896,0.03694,0.03692,1.9999999999999185e-05,0.606839862318198,0
2026-05-13,302.2699890136719,303.0,300.07000732421875,300.25,297.419677734375,7709500,0.0,17.8700008392334,3.69,3.79,4.46,-0.0153027266158334,0.21223270919015283,0.0,0.0,0.0369,0.0379,0.0446,-0.006670313141271755,-0.20039632067648572,0.03694000000000001,0.03691,3.0000000000009186e-05,0.6043223289085382,0
2026-05-14,302.25,303.75,298.80999755859375,299.9100036621094,297.0828552246094,7364300,0.0,17.260000228881836,3.69,3.79,4.47,-0.0011331240058081208,0.2049758221543724,0.0,0.0,0.0369,0.0379,0.0447,-0.0341354550477867,-0.21798998746280004,0.03694000000000001,0.03690500000000001,3.500000000000031e-05,0.6223710598007006,0
2026-05-15,300.2099914550781,300.7900085449219,296.45001220703125,297.80999755859375,295.0026550292969,8699300,0.0,18.43000030517578,3.69,3.82,4.59,-0.0070267173183420585,0.19942159661192524,0.0,0.0,0.0369,0.0382,0.045899999999999996,0.06778679378787822,-0.22866376735954455,0.03694000000000001,0.0369,4.000000000000531e-05,0.5937118950662386,0
2026-05-18,298.0,301.260009765625,297.2200012207031,300.7300109863281,297.8951416015625,7546300,0.0,17.81999969482422,3.68,3.81,4.61,0.00975719436439478,0.20328215579008332,0.0,0.0,0.0368,0.0381,0.0461,-0.03309824201035161,-0.24989597706623687,0.0369,0.036885,1.5000000000001124e-05,0.607577103536116,0
2026-05-19,301.0899963378906,301.7900085449219,295.260009765625,295.70001220703125,292.9125671386719,8066900,0.0,18.059999465942383,3.67,3.83,4.67,-0.016867391947851182,0.19195192994260726,0.0,0.0,0.036699999999999997,0.0383,0.0467,0.01346800085456068,-0.4772678984261849,0.03684,0.036875,-3.500000000000031e-05,0.5813941347673691,0
2026-05-20,296.70001220703125,302.92999267578125,293.6700134277344,301.9800109863281,299.13336181640625,9327000,0.0,17.440000534057617,3.65,3.79,4.57,0.021015341277247076,0.20619881647353458,0.0,0.0,0.0365,0.0379,0.045700000000000005,-0.03432995294678509,-0.47877599946652466,0.03676,0.036855000000000006,-9.50000000000048e-05,0.6102958785022965,0
2026-05-21,301.2300109863281,303.9800109863281,300.2099914550781,303.0,300.14373779296875,7874400,0.0,16.760000228881836,3.68,3.83,4.57,0.0033719857961415117,0.20687408845295466,0.0,0.0,0.0368,0.0383,0.045700000000000005,-0.03899084199268488,-0.485046574885487,0.03674,0.03685,-0.00010999999999999899,0.6219744829038768,0
2026-05-22,304.67999267578125,307.45001220703125,303.8399963378906,306.3800048828125,303.4918518066406,5973900,0.0,16.700000762939453,3.68,3.86,4.56,0.011093276826013817,0.2111325570418335,0.0,0.0,0.0368,0.038599999999999995,0.045599999999999995,-0.003579920353401156,-0.4706485380581824,0.036719999999999996,0.036845,-0.00012500000000000705,0.6319687491024325,0
2026-05-26,308.489990234375,309.92999267578125,305.44000244140625,306.739990234375,303.8484802246094,7725400,0.0,17.010000228881836,3.68,3.82,4.5,0.0011743941251671707,0.20792222292316057,0.0,0.0,0.0368,0.0382,0.045,0.01856284142395559,-0.4992446845510375,0.036719999999999996,0.036845,-0.00012500000000000705,0.6347894710431887,0
2026-05-27,305.0,305.8999938964844,295.75,299.2799987792969,296.45880126953125,11779200,0.0,16.290000915527344,3.68,3.8,4.48,-0.024620898243513538,0.2200720540945898,0.0,0.0,0.0368,0.038,0.044800000000000006,-0.042328001391321646,-0.3631110352426935,0.03674,0.036845,-0.00010500000000000093,0.6239813297729051,0
2026-05-28,297.57000732421875,301.07000732421875,295.75,296.7300109863281,293.9328308105469,9757700,0.0,15.739999771118164,3.69,3.8,4.45,-0.008556983990817979,0.2211893079893059,0.0,0.0,0.0369,0.038,0.044500000000000005,-0.03376311316747249,-0.34159959752513247,0.03682,0.03685,-3.0000000000002247e-05,0.6270849943403529,0
2026-05-29,296.3999938964844,299.8800048828125,295.20001220703125,299.30999755859375,296.4884948730469,13969000,0.0,15.319999694824219,3.69,3.79,4.45,0.008657139953189646,0.22361113161653182,0.0,0.0,0.0369,0.0379,0.044500000000000005,-0.026683613875561618,-0.34432301829519174,0.03684,0.036855000000000006,-1.5000000000008062e-05,0.642454577025457,0
2026-06-01,297.69000244140625,299.54998779296875,295.2699890136719,296.5799865722656,293.78424072265625,7930000,0.0,16.049999237060547,3.78,3.83,4.47,-0.00916279173107328,0.21874579173126046,0.0,0.0,0.0378,0.0383,0.0447,0.04765010161736205,-0.28890576732763573,0.037040000000000003,0.036905,0.00013500000000000317,0.6189654516878647,0
2026-06-02,296.5,302.07000732421875,295.2699890136719,300.9599914550781,298.1229553222656,8296200,0.0,15.770000457763672,3.77,3.82,4.46,0.014660380333748415,0.22677819247426823,0.0,0.0,0.0377,0.0382,0.0446,-0.017445407639044563,-0.3007958969746242,0.037219999999999996,0.03694,0.00027999999999999553,0.6331358562539569,0
2026-06-03,299.9200134277344,301.9599914550781,296.55999755859375,300.8500061035156,298.0140075683594,7003900,0.0,16.059999465942383,3.78,3.84,4.49,-0.00036551249763443655,0.2212022113399336,0.0,0.0,0.0378,0.0384,0.0449,0.01838928343441748,-0.22436999078215308,0.037419999999999995,0.036985000000000004,0.00043499999999999095,0.6380309104934838,0
2026-06-04,305.739990234375,312.9100036621094,304.44000244140625,310.8900146484375,307.9593811035156,10345200,0.0,15.399999618530273,3.78,3.82,4.47,0.03282740407902124,0.24977825070382886,0.0,0.0,0.0378,0.0382,0.0447,-0.04109588227644323,-0.28673943357780346,0.0376,0.03703,0.0005700000000000011,0.6636186253858212,0
2026-06-05,314.2900085449219,315.0,309.6000061035156,312.3699951171875,309.4254150390625,9118800,0.0,21.510000228881836,3.78,3.88,4.55,0.004749183006146937,0.24235560323739566,0.0,0.0,0.0378,0.0388,0.0455,0.3967532962143463,-0.03922727380066833,0.037779999999999994,0.037075,0.0007049999999999973,0.5687152282154947,0
2026-06-08,313.25,316.29998779296875,310.7799987792969,311.1099853515625,308.1772766113281,6827000,0.0,18.920000076293945,3.8,3.85,4.56,-0.004041886940678406,0.22159451722737686,0.0,0.0,0.038,0.0385,0.045599999999999995,-0.12040911785348352,-0.05037729042627045,0.03782,0.03713,0.0006899999999999962,0.6198314162419656,0
2026-06-09,313.510009765625,316.4200134277344,309.010009765625,312.70001220703125,309.7522888183594,11594600,0.0,19.8700008392334,3.79,3.9,4.53,0.0050977189179169475,0.2156329152808555,0.0,0.0,0.0379,0.039,0.0453,0.05021145661250648,-0.04756805981019616,0.037860000000000005,0.037175,0.000685000000000005,0.6174611342192662,0
2026-06-10,312.55999755859375,314.75,309.0299987792969,309.1400146484375,306.2258605957031,7446200,0.0,22.219999313354492,3.79,3.9,4.55,-0.011449973518415662,0.21842496508222356,0.0,0.0,0.0379,0.039,0.0455,0.11826866506623457,-0.07817919176287137,0.037880000000000004,0.037219999999999996,0.0006600000000000078,0.5812432535391681,0
2026-06-11,309.55999755859375,314.7200012207031,308.8800048828125,313.489990234375,310.53485107421875,9116600,0.0,19.440000534057617,3.78,3.85,4.45,0.013973200652185375,0.21671201297285259,0.0,0.0,0.0378,0.0385,0.044500000000000005,-0.12511246018023325,-0.1188103901208445,0.037880000000000004,0.037265000000000006,0.0006149999999999975,0.619650384293064,0
2026-06-12,315.9700012207031,321.29998779296875,315.54998779296875,320.7200012207031,317.69671630859375,7426200,0.0,17.68000030517578,3.78,3.86,4.48,0.022801068537853998,0.2200444882349455,0.0,0.0,0.0378,0.038599999999999995,0.044800000000000006,-0.09053498871043908,-0.1892075043810602,0.037880000000000004,0.037309999999999996,0.000570000000000008,0.6674615062639379,0
2026-06-15,323.9200134277344,325.9200134277344,318.8399963378906,319.3999938964844,316.3891296386719,7988900,0.0,16.200000762939453,3.79,3.84,4.47,-0.0041243264828898455,0.2210183065576052,0.0,0.0,0.0379,0.0384,0.0447,-0.08371037990327757,-0.1704493437676627,0.037860000000000005,0.03736,0.0005000000000000074,0.6868133099128724,0
2026-06-16,324.29998779296875,331.75,324.0199890136719,331.1400146484375,328.01849365234375,11094900,0.0,16.40999984741211,3.79,3.84,4.43,0.03609711096630792,0.24550112864798967,0.0,0.0,0.0379,0.0384,0.0443,0.012962905838441063,-0.12069554492766041,0.037860000000000005,0.037415,0.0004450000000000079,0.7094837680897748,0
2026-06-17,332.17999267578125,337.7699890136719,331.5,333.4599914550781,330.31658935546875,12246400,0.0,18.440000534057617,3.83,3.98,4.49,0.006981566369366352,0.24501861885885418,0.0,0.0,0.0383,0.0398,0.0449,0.12370510088491216,-0.10553091574541613,0.03794,0.037495,0.00044500000000000095,0.6788460958351104,0
2026-06-18,336.95001220703125,338.0899963378906,324.1600036621094,325.2200012207031,322.154296875,20111000,0.0,16.399999618530273,3.83,4.0,4.46,-0.025020942635869247,0.25555514962632225,0.0,0.0,0.0383,0.04,0.0446,-0.11062911369007722,0.00013860140393706966,0.038040000000000004,0.03758499999999999,0.00045500000000001095,0.703121093584784,0
2026-06-22,329.70001220703125,332.7699890136719,326.75,331.4800109863281,328.3552551269531,10182500,0.0,17.280000686645508,3.85,4.04,4.51,0.01906550354470301,0.254055302141705,0.0,0.0,0.0385,0.0404,0.0451,0.0536586029624615,0.03732360402165143,0.038180000000000006,0.03767,0.0005100000000000035,0.6893953165086076,0
2026-06-23,329.4700012207031,335.3699951171875,327.2099914550781,334.1400146484375,330.9902038574219,7582200,0.0,19.489999771118164,3.85,4.01,4.5,0.007992662182900527,0.2543150187498352,0.0,0.0,0.0385,0.0401,0.045,0.1278934604545825,0.04592246616973096,0.0383,0.037755,0.0005450000000000038,0.6605900861458003,0
2026-06-24,333.07000732421875,334.5299987792969,329.7699890136719,333.45001220703125,330.30670166015625,7907400,0.0,18.6299991607666,3.85,3.99,4.41,-0.002067157535305254,0.2542054793969652,0.0,0.0,0.0385,0.039900000000000005,0.0441,-0.044125224240688765,0.058106875534600116,0.038419999999999996,0.03784,0.0005799999999999972,0.6650360756486509,0
2026-06-25,334.9599914550781,343.45001220703125,334.760009765625,335.1199951171875,331.9609375,10043100,0.0,18.889999389648438,3.84,3.96,4.4,0.004995682054810862,0.2540088559651122,0.0,0.0,0.0384,0.039599999999999996,0.044000000000000004,0.013955997884818938,0.058826313912122126,0.038439999999999995,0.037919999999999995,0.0005199999999999996,0.6635982195825073,0
2026-06-26,336.0,336.3999938964844,327.5,329.04998779296875,325.9481506347656,17640900,0.0,18.40999984741211,3.83,3.94,4.38,-0.01827898227694694,0.2457537303678388,0.0,0.0,0.0383,0.0394,0.0438,-0.025410246572022843,0.04097670489301378,0.038439999999999995,0.03799,0.0004499999999999921,0.6742268780047975,0
2026-06-29,328.2799987792969,332.3900146484375,327.20001220703125,329.3900146484375,326.28497314453125,7981800,0.0,17.649999618530273,3.87,3.97,4.38,0.0010328286847979824,0.2415352525289929,0.0,0.0,0.0387,0.0397,0.0438,-0.04128192477897652,0.030228838172225946,0.03848,0.038079999999999996,0.0004000000000000045,0.6907868184860988,0
2026-06-30,328.8900146484375,330.44000244140625,326.67999267578125,327.3299865722656,324.244384765625,8080100,0.0,16.450000762939453,3.87,3.98,4.44,-0.006273644830888017,0.24418846028931454,0.0,0.0,0.0387,0.0398,0.0444,-0.06798860518563254,0.05726469242075481,0.03852,0.038125000000000006,0.0003949999999999926,0.6990337176962922,0
2026-07-01,328.3699951171875,335.6400146484375,325.010009765625,334.07000732421875,330.92083740234375,15210200,0.0,16.59000015258789,3.85,4.0,4.48,0.020381679408174404,0.24516919900017745,0.0,0.0,0.0385,0.04,0.044800000000000006,0.008510600799718215,0.07251746554199498,0.03852,0.038165,0.00035500000000000115,0.7146207209349499,0
2026-07-02,338.0199890136719,340.0,331.7699890136719,334.4700012207031,331.31707763671875,8413900,0.0,16.149999618530273,3.82,3.96,4.49,0.001196670479481486,0.24337686752154883,0.0,0.0,0.0382,0.039599999999999996,0.0449,-0.026522033153145053,0.08323376242875279,0.03848,0.038185000000000004,0.00029499999999999665,0.7128891876155744,0
2026-07-06,335.0,339.7200012207031,334.1099853515625,337.7200012207031,336.0434875488281,8673500,0.0,15.569999694824219,3.87,3.95,4.48,0.01416472349056194,0.24452249412494992,0.0,0.0,0.0387,0.0395,0.044800000000000006,-0.035913308817702494,0.07453938402780476,0.03856,0.03823,0.00032999999999999696,0.72981970878475,0
2026-07-07,340.9800109863281,341.3999938964844,337.0899963378906,339.2200012207031,337.5360412597656,7115800,0.0,16.1299991607666,3.86,4.06,4.55,0.0044317147119998365,0.22376119280692502,0.0,0.0,0.038599999999999995,0.0406,0.0455,0.035966568845119395,0.12075456554893794,0.03854,0.038270000000000005,0.00026999999999999247,0.7049215195503953,0
2026-07-08,336.5299987792969,336.5299987792969,330.1300048828125,330.6199951171875,328.9787292480469,18505200,0.0,16.899999618530273,3.87,4.06,4.56,-0.025679197595083546,0.2467520141486532,0.0,0.0,0.0387,0.0406,0.045599999999999995,0.0477371666352322,0.08909253535337805,0.03854,0.038305,0.0002349999999999991,0.675814880592739,0
2026-07-09,331.4599914550781,337.0,330.80999755859375,335.4700012207031,333.8046569824219,15570600,0.0,15.84000015258789,3.83,4.02,4.54,0.014562866611904396,0.24855013792085318,0.0,0.0,0.0383,0.04019999999999999,0.0454,-0.06272186330585061,0.029934574648760665,0.0385,0.038325,0.00017500000000000154,0.7020244182781452,0
2026-07-10,337.4700012207031,338.5899963378906,335.7699890136719,336.4700012207031,334.7997131347656,6299000,0.0,15.029999732971191,3.85,4.06,4.56,0.002976519243584243,0.24851962085299253,0.0,0.0,0.0385,0.0406,0.045599999999999995,-0.05113638963471623,0.028211948142048672,0.03856,0.038355,0.00020499999999999685,0.7123274494419586,0
2026-07-13,338.3399963378906,338.3500061035156,332.5,334.5299987792969,332.86932373046875,7120300,0.0,17.15999984741211,3.89,4.12,4.62,-0.0057824900560231015,0.24491491006448818,0.0,0.0,0.038900000000000004,0.0412,0.0462,0.14171657699822537,0.049039611848434646,0.0386,0.03841,0.00019000000000000267,0.6852875896521902,0
2026-07-14,327.0,344.7300109863281,325.75,342.8900146484375,341.1878356933594,14537900,0.0,16.5,3.84,4.02,4.58,0.024683171705237254,0.2530983962596431,0.0,0.0,0.0384,0.04019999999999999,0.0458,-0.03846152991147278,0.07251645410715657,0.03856,0.03844,0.00011999999999999511,0.7010864283384307,0
2026-07-15,345.8500061035156,351.239990234375,344.04998779296875,346.9100036621094,345.1878967285156,10750000,0.0,15.670000076293945,3.83,3.97,4.55,0.011655733535348368,0.24577323439028198,0.0,0.0,0.0383,0.0397,0.0455,-0.05030302567915479,0.13443172011695848,0.03848,0.03846,1.9999999999999185e-05,0.7063035147548686,0
2026-07-16,349.2799987792969,349.3399963378906,341.1099853515625,343.1499938964844,341.446533203125,12432400,0.0,16.729999542236328,3.84,3.99,4.57,-0.010897794779441985,0.24966697457173384,0.0,0.0,0.0384,0.039900000000000005,0.045700000000000005,0.06764514746531392,0.05832400449238889,0.0385,0.038485000000000005,1.4999999999994185e-05,0.6871364087694806,0
2026-07-17,339.0299987792969,346.1300048828125,335.04998779296875,341.1000061035156,339.40673828125,9250900,0.0,18.770000457763672,3.85,4.01,4.55,-0.005991896081485624,0.22170882776505696,0.0,0.0,0.0385,0.0401,0.0455,0.12193669882519642,0.0028157138555257853,0.0385,0.038495,4.9999999999980616e-06,0.6329551266532524,0
2026-07-20,341.79998779296875,344.260009765625,337.3699951171875,338.8699951171875,337.1877746582031,7723300,0.0,18.649999618530273,3.86,4.03,4.6,-0.006559236104493785,0.22254730098995074,0.0,0.0,0.038599999999999995,0.0403,0.046,-0.006393225162856231,-0.026458589154206333,0.038439999999999995,0.03851,-7.000000000000756e-05,0.6266085659083726,0
2026-07-21,340.1199951171875,345.739990234375,337.29998779296875,345.2300109863281,343.5162353515625,6015300,0.0,17.049999237060547,3.87,4.08,4.63,0.018594405024858554,0.20922865862296444,0.0,0.0,0.0387,0.0408,0.0463,-0.08579090692741875,-0.28515378724683393,0.0385,0.03852,-1.9999999999999185e-05,0.6754158044146116,0
2026-07-22,345.07000732421875,349.07000732421875,344.25,348.2099914550781,346.4814147949219,8040200,0.0,16.639999389648438,3.89,4.11,4.67,0.008594805202669968,0.20215912915357118,0.0,0.0,0.038900000000000004,0.041100000000000005,0.0467,-0.024046912947709553,-0.3565578514972836,0.03862,0.03854,8.000000000000368e-05,0.6750374585763358,0
2026-07-23,346.5799865722656,349.9200134277344,345.4200134277344,349.8999938964844,348.16302490234375,10913000,0.0,18.700000762939453,3.95,4.15,4.71,0.00484165220734272,0.2013851410095982,0.0,0.0,0.0395,0.0415,0.0471,0.12379816399347465,-0.3844824481869906,0.03884,0.03859,0.0002500000000000002,0.6437479776761263,0
2026-07-24,350.6400146484375,353.3699951171875,347.5,353.2099914550781,351.45660400390625,7520800,0.0,18.579999923706055,3.96,4.14,4.69,0.00941541173733285,0.2020966086415352,0.0,0.0,0.039599999999999996,0.0414,0.046900000000000004,-0.006417156916443623,-0.4032806706567978,0.03906,0.038650000000000004,0.0004099999999999937,0.6522962810660669,0
2026-07-27,357.8900146484375,359.04998779296875,352.5799865722656,356.20001220703125,354.4317626953125,7884900,0.0,18.670000076293945,3.96,4.14,4.65,0.008429594392424846,0.20288196126723404,0.0,0.0,0.039599999999999996,0.0414,0.04650000000000001,0.004843926423974798,-0.4024569867162047,0.03926,0.038715,0.0005450000000000038,0.6530552027679349,0
2026-07-28,357.29998779296875,359.29998779296875,354.1499938964844,357.30999755859375,355.5362548828125,6533800,0.0,18.209999084472656,3.9,4.09,4.61,0.0031113882630725287,0.18739628111621665,0.0,0.0,0.039,0.0409,0.0461,-0.024638510441431172,-0.4729387056559545,0.03932,0.03873,0.0005900000000000002,0.6723557238673754,0
2026-07-29,356.5,357.3699951171875,343.7799987792969,344.7099914550781,342.998779296875,8265300,0.0,20.65999984741211,3.83,4.04,4.67,-0.035900338577757686,0.23318598002166055,0.0,0.0,0.0383,0.0404,0.0467,0.13454150939680853,-0.5992428318592891,0.0392,0.03871,0.0004899999999999974,0.6153891813056164,0
2026-07-30,347.5400085449219,352.2799987792969,345.3699951171875,350.8500061035156,349.10833740234375,7606500,0.0,17.09000015258789,3.82,4.04,4.68,0.0176554081292941,0.2367051753222618,0.0,0.0,0.0382,0.0404,0.046799999999999994,-0.17279766317478462,-0.6651339089482583,0.038939999999999995,0.038695,0.0002449999999999952,0.6806071660048846,0
2026-07-31,353.29998779296875,354.4700012207031,349.70001220703125,351.7900085449219,350.0436706542969,6603400,0.0,15.989999771118164,3.83,4.08,4.75,0.002675623610247913,0.2286199645542392,0.0,0.0,0.0383,0.0408,0.0475,-0.064365147551105,-0.6795141065126242,0.03868,0.0387,-1.9999999999999185e-05,0.6857742826832309,0
2026-08-03,353.75,355.6199951171875,350.8399963378906,352.6400146484375,350.8894348144531,6436600,0.0,15.859999656677246,3.91,4.07,4.7,0.002413253316244638,0.22855966653220622,0.0,0.0,0.0391,0.0407,0.047,-0.008130088574218153,-0.6832248441461433,0.03858,0.03872,-0.0001399999999999943,0.6883546552410558,0
2026-08-04,355.0,363.0,353.8699951171875,357.5199890136719,355.7452087402344,8477200,0.0,16.5,3.89,4.04,4.63,0.013743595512362632,0.22829877838758136,0.0,0.0,0.038900000000000004,0.0404,0.0463,0.040353112054028806,-0.6478683469557043,0.03856,0.038735000000000006,-0.00017500000000000848,0.6789656922854312,0
2026-08-05,358.9700012207031,362.1700134277344,358.20001220703125,359.239990234375,357.4566650390625,5269500,0.0,15.8100004196167,3.89,4.03,4.63,0.004799369286259202,0.22833720117117726,0.0,0.0,0.038900000000000004,0.0403,0.0463,-0.0418181563868667,-0.6515151183204753,0.038680000000000006,0.038745,-6.499999999999562e-05,0.6890367435838456,0
2026-08-06,362.80999755859375,362.80999755859375,354.95001220703125,356.29998779296875,354.53125,5820100,0.0,15.149999618530273,3.9,4.06,4.69,-0.008217643698560928,0.20807586958023744,0.0,0.0,0.039,0.0406,0.046900000000000004,-0.041745780111903774,-0.6292968958706564,0.03884,0.038779999999999995,6.0000000000004494e-05,0.7088543951987842,0
2026-08-07,355.760009765625,358.8500061035156,353.3299865722656,357.5199890136719,355.7452087402344,4566200,0.0,14.899999618530273,3.87,4.01,4.65,0.0034182744123016215,0.2041971720848902,0.0,0.0,0.0387,0.0401,0.04650000000000001,-0.01650165058052011,-0.6164123118422336,0.03892,0.038790000000000005,0.00012999999999999817,0.7057903525836056,0
2026-08-10,357.9599914550781,359.989990234375,356.5,359.7900085449219,358.0039367675781,5327500,0.0,15.460000038146973,3.89,4.04,4.72,0.0063292140712022755,0.20451586116248555,0.0,0.0,0.038900000000000004,0.0404,0.0472,0.03758392174186764,-0.6141248970099978,0.038880000000000005,0.03879,9.000000000000674e-05,0.6997899974670471,0
2026-08-11,360.04998779296875,363.1199951171875,358.6000061035156,362.0400085449219,360.2427673339844,4576500,0.0,15.279999732971191,3.89,4.03,4.7,0.006234174983658181,0.20209448585824807,0.0,0.0,0.038900000000000004,0.0403,0.047,-0.011642969258191305,-0.6081967049619672,0.038880000000000005,0.038815,6.500000000000256e-05,0.7095129217507569,0
2026-08-12,362.9700012207031,366.0899963378906,361.29998779296875,365.17999267578125,363.3671875,4366800,0.0,14.550000190734863,3.87,4.0,4.68,0.008635700938536441,0.1883414379501,0.0,0.0,0.0387,0.04,0.046799999999999994,-0.047774839986491235,-0.6205606019941126,0.03884,0.038834999999999995,5.0000000000050004e-06,0.7103842074783062,0
2026-08-13,366.5,366.5,361.5199890136719,363.1099853515625,361.30743408203125,5102700,0.0,14.630000114440918,3.87,3.97,4.63,-0.0056846449520910666,0.18787761743762854,0.0,0.0,0.0387,0.0397,0.0463,0.005498276471294972,-0.6069249848616303,0.03878,0.03885,-7.000000000000062e-05,0.6989202688763699,0
2026-08-14,363.0,365.8999938964844,361.45001220703125,362.8399963378906,361.0387878417969,5058600,0.0,14.25,3.86,3.98,4.68,-0.0007438157616575129,0.1821828503028343,0.0,0.0,0.038599999999999995,0.0398,0.046799999999999994,-0.025974033593193835,-0.5773579087776837,0.03876,0.038855,-9.499999999999786e-05,0.7103901633312923,0
2026-08-17,361.94000244140625,365.75,360.9599914550781,360.9599914550781,359.1681213378906,5282600,0.0,15.1899995803833,3.87,4.0,4.72,-0.005194814675876265,0.1817264206579109,0.0,0.0,0.0387,0.04,0.0472,0.06596488283391588,-0.5787297164335427,0.03872,0.03886,-0.00014000000000000123,0.6974427640410719,0
2026-08-18,362.3399963378906,363.57000732421875,359.2699890136719,363.25,361.44677734375,5525100,0.0,15.84000015258789,3.86,3.99,4.71,0.0063242200646639515,0.178918529914781,0.0,0.0,0.038599999999999995,0.039900000000000005,0.0471,0.04279134892432879,-0.5689153338842111,0.03865999999999999,0.038854999999999994,-0.00019500000000000073,0.6958304074144324,0
2026-08-19,363.010009765625,363.04998779296875,355.6499938964844,357.260009765625,355.48651123046875,6696200,0.0,14.890000343322754,3.86,4.0,4.65,-0.016627498064429827,0.182567873666804,0.0,0.0,0.038599999999999995,0.04,0.04650000000000001,-0.05997473485566407,-0.4142240442556612,0.038639999999999994,0.03884,-0.00020000000000000573,0.6884296304135713,0
2026-08-20,357.6000061035156,357.95001220703125,351.54998779296875,351.54998779296875,349.8048400878906,6799700,0.0,16.010000228881836,3.87,3.99,4.69,-0.016111906212501175,0.1905791597020123,0.0,0.0,0.0387,0.039900000000000005,0.046900000000000004,0.07521825787340108,-0.4554938538782477,0.038639999999999994,0.0388,-0.00016000000000000736,0.6577312545889868,0
2026-08-21,354.07000732421875,356.8599853515625,350.3699951171875,351.5799865722656,349.8346862792969,8112100,0.0,15.130000114440918,3.88,4.03,4.74,8.531876859315342e-05,0.18991065293181567,0.0,0.0,0.0388,0.0403,0.047400000000000005,-0.054965652833246614,-0.5318225897453465,0.03868,0.03876,-8.000000000000368e-05,0.6674652494937134,0
2026-08-24,353.29998779296875,358.2799987792969,352.82000732421875,356.3900146484375,354.6208190917969,4394400,0.0,15.850000381469727,3.87,4.04,4.7,0.013588385412829428,0.1929796611437826,0.0,0.0,0.0387,0.0404,0.047,0.04758759164460291,-0.46805052730626984,0.03868,0.038715,-3.500000000000031e-05,0.6596685861153999,0
2026-08-25,357.0,357.3699951171875,353.07000732421875,356.69000244140625,354.9193420410156,4298000,0.0,15.449999809265137,3.86,4.01,4.64,0.0008414547426212418,0.19079257117166196,0.0,0.0,0.038599999999999995,0.0401,0.0464,-0.025236628553790497,-0.4793212371854026,0.03868,0.03869499999999999,-1.4999999999994185e-05,0.6608632736427843,0
2026-08-26,356.5,358.3500061035156,354.6000061035156,356.5,354.73028564453125,5796500,0.0,15.210000038146973,3.85,4.02,4.66,-0.000532816177396182,0.190476897699531,0.0,0.0,0.0385,0.04019999999999999,0.0466,-0.01553396595993739,-0.47689656552082155,0.03866,0.038704999999999996,-4.499999999999643e-05,0.662120958554077,0
2026-08-27,354.67999267578125,357.57000732421875,352.2300109863281,354.2200012207031,352.4615783691406,5209900,0.0,14.510000228881836,3.84,4.04,4.67,-0.006416123187362168,0.14184336881575904,0.0,0.0,0.0384,0.0404,0.0467,-0.04602234105914027,-0.18081656030503615,0.038599999999999995,0.038715,-0.00011500000000000399,0.6896660850493952,0
2026-08-28,355.6700134277344,358.7300109863281,354.2200012207031,357.6199951171875,355.8446960449219,3914500,0.0,14.430000305175781,3.9,4.15,4.73,0.009552769826462498,0.13254052911030925,0.0,0.0,0.039,0.0415,0.0473,-0.005513433662586498,0.1271719028084725,0.038639999999999994,0.03875,-0.00011000000000000593,0.6859853707999797,0
2026-08-31,355.8999938964844,357.7699890136719,354.7699890136719,356.0199890136719,354.2526550292969,7962900,0.0,14.920000076293945,3.91,4.16,4.75,-0.004484015271237287,0.13365468958279844,0.0,0.0,0.0391,0.0416,0.0475,0.03395701737736001,0.11734260361037915,0.03872,0.03875,-3.0000000000002247e-05,0.6747271835505582,0
2026-09-01,355.7300109863281,359.92999267578125,354.1199951171875,354.95001220703125,353.18798828125,5079000,0.0,16.34000015258789,3.92,4.18,4.79,-0.003009913444753701,0.1340316556002803,0.0,0.0,0.0392,0.0418,0.0479,0.09517426736144263,0.06475266214248865,0.03884,0.038765,7.499999999999868e-05,0.6512235335304386,0
2026-09-02,357.54998779296875,361.4700012207031,353.7900085449219,356.2200012207031,354.45166015625,5341400,0.0,15.199999809265137,3.92,4.16,4.79,0.00357151615527607,0.12555020906312367,0.0,0.0,0.0392,0.0416,0.0479,-0.06976746222013974,-0.037375405335610484,0.03898,0.038779999999999995,0.00020000000000000573,0.6614463023651818,0
2026-09-03,358.67999267578125,362.8500061035156,356.3900146484375,362.05999755859375,360.2626647949219,5414200,0.0,14.319999694824219,3.89,4.11,4.77,0.01626141379093573,0.13702469819647267,0.0,0.0,0.038900000000000004,0.041100000000000005,0.04769999999999999,-0.05789474509759629,-0.11640274421355166,0.039080000000000004,0.038775,0.00030500000000000665,0.680834093664805,0
2026-09-04,361.0,362.8599853515625,355.20001220703125,358.6400146484375,356.8596496582031,4873500,0.0,14.529999732971191,3.91,4.13,4.78,-0.009490823565755249,0.13809714735174256,0.0,0.0,0.0391,0.041299999999999996,0.0478,0.01466480744569254,-0.17673085115314827,0.0391,0.038794999999999996,0.00030500000000000665,0.677077747658025,0
2026-09-08,357.1000061035156,358.54998779296875,353.2300109863281,353.510009765625,351.755126953125,5631400,0.0,15.720000267028809,3.94,4.15,4.8,-0.014407294820258324,0.1465890663025752,0.0,0.0,0.0394,0.0415,0.048,0.08189955649877212,-0.27050627426371177,0.03916,0.03882,0.00034,0.6494757804386297,0
2026-09-09,352.0,356.3299865722656,348.69000244140625,354.7099914550781,352.94915771484375,6318200,0.0,16.459999084472656,3.95,4.17,4.83,0.0033887459757071833,0.14520095287821322,0.0,0.0,0.0395,0.0417,0.0483,0.04707371532276139,-0.2776349521899148,0.03922,0.038849999999999996,0.00037000000000000227,0.6371593747705351,0
2026-09-10,353.510009765625,354.2200012207031,351.1199951171875,353.55999755859375,351.80487060546875,4184200,0.0,17.84000015258789,4.0,4.28,4.95,-0.0032473404023396425,0.14321576939476427,0.0,0.0,0.04,0.042800000000000005,0.0495,0.08383968073346026,-0.27306781811177455,0.039380000000000005,0.038915,0.0004650000000000071,0.6118111697981331,0
2026-09-11,358.32000732421875,360.04998779296875,354.7900085449219,356.2300109863281,354.46160888671875,5354600,0.0,15.84000015258789,4.07,4.35,4.96,0.007523366574974755,0.14230917560070136,0.0,0.0,0.0407,0.0435,0.0496,-0.11210762235951421,-0.29868684108828125,0.03974,0.039015,0.0007249999999999965,0.517232484701458,1
2026-09-14,354.2300109863281,355.2799987792969,347.54998779296875,350.1300048828125,348.39190673828125,9609900,0.0,17.100000381469727,4.11,4.37,4.97,-0.01727202868606246,0.15224324765592448,0.0,0.0,0.041100000000000005,0.0437,0.049699999999999994,0.07954546822879793,-0.3665152562787589,0.040139999999999995,0.039139999999999994,0.0010000000000000009,0.5199071817778514,1
2026-09-15,351.0,354.70001220703125,343.07000732421875,352.489990234375,350.74017333984375,14026500,0.0,17.200000762939453,4.11,4.39,5.0,0.0067176875425584304,0.1550231093877689,0.0,0.0,0.041100000000000005,0.043899999999999995,0.05,0.005847975394087879,-0.36345488018279765,0.04048,0.03926,0.0012199999999999989,0.540255085090013,1
2026-09-16,353.3800048828125,355.6000061035156,344.69000244140625,348.9200134277344,347.18792724609375,8303400,0.0,17.709999084472656,4.14,4.45,5.01,-0.010179492027814782,0.15751115281421962,0.0,0.0,0.0414,0.044500000000000005,0.0501,0.029651063890188123,-0.3614590768515847,0.04086,0.0394,0.001460000000000003,0.5338754378696982,1
2026-09-17,352.25,353.489990234375,345.2699890136719,349.30999755859375,347.5759582519531,6480100,0.0,15.4399995803833,4.12,4.4,4.94,0.0011170155913545756,0.15522012643040498,0.0,0.0,0.0412,0.044000000000000004,0.049400000000000006,-0.12817615027883267,-0.3839487666043906,0.041100000000000005,0.039529999999999996,0.0015700000000000089,0.4717847352826022,1
2026-09-18,347.8900146484375,349.6700134277344,345.010009765625,349.6700134277344,347.9342041015625,18312400,0.0,14.8100004196167,4.14,4.44,5.01,0.001030167208712886,0.14582586081386625,0.0,0.0,0.0414,0.0444,0.0501,-0.04080305556271013,-0.4991317742012133,0.041240000000000006,0.039665,0.001575000000000007,0.5986995611128808,1
2026-09-21,353.6700134277344,354.5,350.0799865722656,352.0400085449219,350.29241943359375,6414700,0.0,14.869999885559082,4.17,4.45,4.96,0.006754896531812684,0.1372761350941651,0.0,0.0,0.0417,0.044500000000000005,0.0496,0.004051280502525234,-0.4389894383312157,0.04136,0.03981,0.0015500000000000028,0.6194085143489862,1
2026-09-22,352.0,352.1000061035156,337.29998779296875,340.0,338.31219482421875,11485600,0.0,14.210000038146973,4.16,4.43,4.96,-0.03479916725301951,0.18284192947980557,0.0,0.0,0.0416,0.0443,0.0496,-0.04438465719512641,-0.227775515178264,0.04146,0.039955000000000004,0.0015049999999999925,0.7151574052818956,1
2026-09-23,337.6099853515625,341.44000244140625,336.9800109863281,337.5299987792969,335.85443115234375,7068500,0.0,15.180000305175781,4.19,4.49,5.11,-0.0072912970345133605,0.1751393121113618,0.0,0.0,0.04190000000000001,0.0449,0.051100000000000007,0.06826180608197241,-0.31294907523534016,0.04156,0.04012,0.0014399999999999968,0.650804535947489,1
2026-09-24,338.1199951171875,339.3699951171875,335.2799987792969,338.55999755859375,336.87933349609375,6934300,0.0,15.670000076293945,4.24,4.51,5.18,0.003046979921472056,0.17584885220000754,0.0,0.0,0.0424,0.0451,0.0518,0.032279299161218855,-0.2927384934720985,0.041800000000000004,0.040315000000000004,0.0014850000000000002,0.7378110620144669,1
2026-09-25,340.7699890136719,343.30999755859375,338.6400146484375,343.05999755859375,341.35699462890625,11460300,0.0,14.869999885559082,4.24,4.5,5.17,0.013204029339862675,0.18401819801527697,0.0,0.0,0.0424,0.045,0.051699999999999996,-0.051052979377142926,-0.3275008861322137,0.041999999999999996,0.040515,0.0014849999999999933,0.60753088392688,1
2026-09-28,341.8299865722656,342.0,336.29998779296875,336.5899963378906,334.9190979003906,10483700,0.0,16.06999969482422,4.28,4.59,5.24,-0.01903983087595274,0.19296096870460702,0.0,0.0,0.042800000000000005,0.045899999999999996,0.0524,0.08069938254878606,-0.39984471550229345,0.04222,0.040705000000000005,0.0015149999999999955,0.634313525350086,1
2026-09-29,337.0,338.75,333.3299865722656,334.9800109863281,333.3171081542969,7254900,0.0,16.040000915527344,4.25,4.58,5.26,-0.004794690262504613,0.18807259012694041,0.0,0.0,0.0425,0.0458,0.0526,-0.0018667566811800818,-0.39939108356249153,0.04240000000000001,0.040875,0.0015250000000000055,0.5953942993266422,1
2026-09-30,334.8900146484375,336.3399963378906,330.8299865722656,330.8299865722656,329.18768310546875,9113300,0.0,16.34000015258789,4.2,4.54,5.29,-0.012466260114198388,0.19081776083997898,0.0,0.0,0.042,0.0454,0.0529,0.01870319326292158,-0.3998085337970885,0.04242,0.041015,0.0014049999999999965,0.6164628404530968,1
2026-10-01,328.75,333.5799865722656,325.8699951171875,333.17999267578125,331.5260314941406,8160000,0.0,16.389999389648438,4.17,4.44,5.24,0.007078279442353568,0.19430863046906283,0.0,0.0,0.0417,0.0444,0.0524,0.003059928800100309,-0.41480533211094117,0.04228,0.041139999999999996,0.0011400000000000021,0.6581192240405445,1
2026-10-02,334.0,334.8500061035156,330.0,332.3800048828125,330.7300109863281,6658200,0.0,15.3100004196167,4.19,4.46,5.28,-0.0024039671670946245,0.19285398206492058,0.0,0.0,0.04190000000000001,0.0446,0.0528,-0.06589377731849344,-0.3909997727554812,0.04218000000000001,0.04129000000000001,0.0008900000000000019,0.6208120687853562,0
2026-10-05,333.30999755859375,333.75,330.5899963378906,332.3800048828125,330.7300109863281,5346100,0.0,15.520000457763672,4.22,4.47,5.31,0.0,0.17986225008903256,0.0,0.0,0.042199999999999994,0.0447,0.053099999999999994,0.013716527262657596,-0.33808198348880913,0.04206,0.041445,0.0006149999999999975,0.6640486619867302,1
2026-10-06,332.7300109863281,333.7900085449219,330.92999267578125,331.2799987792969,331.2799987792969,6286800,0.0,15.010000228881836,4.21,4.46,5.27,0.001661569799217964,0.17977843660244466,0.0,0.0,0.0421,0.0446,0.0527,-0.032860838520575864,-0.3458560755414781,0.04198,0.04158,0.0004000000000000045,0.6417993239133589,1
2026-10-07,327.20001220703125,329.8699951171875,325.07000732421875,329.5799865722656,329.5799865722656,7003000,0.0,15.079999923706055,4.22,4.42,5.28,-0.005144859711878357,0.17553819027418974,0.0,0.0,0.042199999999999994,0.044199999999999996,0.0528,0.004663537225637615,-0.3025059487910633,0.042019999999999995,0.041715,0.0003049999999999928,0.6270073673084133,1
2026-10-08,327.25,332.30999755859375,325.6300048828125,331.4200134277344,331.4200134277344,8060800,0.0,15.40999984741211,4.22,4.42,5.28,0.005567417876784833,0.17671136495606177,0.0,0.0,0.042199999999999994,0.044199999999999996,0.0528,0.021883284176101858,-0.313060161566785,0.042120000000000005,0.041825,0.0002950000000000036,0.6231533188252961,0
