Metric,BSM,ML_Vol,Improvement_%
MAE,1.6519150145058965,1.639162837366675,0.7719632685241926
RMSE,3.6897987643428194,3.655326997012056,0.9342451860488649
R2,0.9795448424232296,0.9799252597182201,0.038836128629845035
